dataset,size,sample,sdg,qi,eq_threshold,rare_threshold,feature,n_targets,n_es,n_is,n_rs,n_eirs,ds
adult,1000,0,AIM_eps1,QI1,5,0.1,workclass,1000,979,51,293,2,0.002
adult,1000,0,AIM_eps1,QI1,5,0.1,fnlwgt,1000,979,0,1000,0,0.0
adult,1000,0,AIM_eps1,QI1,5,0.1,education-num,1000,979,9,309,0,0.0
adult,1000,0,AIM_eps1,QI1,5,0.1,occupation,1000,979,9,262,2,0.002
adult,1000,0,AIM_eps1,QI1,5,0.1,relationship,1000,979,74,82,0,0.0
adult,1000,0,AIM_eps1,QI1,5,0.1,capital-gain,1000,979,80,84,0,0.0
adult,1000,0,AIM_eps1,QI1,5,0.1,capital-loss,1000,979,83,43,0,0.0
adult,1000,0,AIM_eps1,QI1,5,0.1,hours-per-week,1000,979,31,551,0,0.0
adult,1000,0,AIM_eps1,QI1,5,0.1,income,1000,979,58,0,0,0.0
adult,1000,0,AIM_eps1,QI1,5,0.1,_overall,1000,979,90,1000,4,0.004
adult,1000,0,MST_eps1,QI1,5,0.1,workclass,1000,979,51,293,0,0.0
adult,1000,0,MST_eps1,QI1,5,0.1,fnlwgt,1000,979,0,1000,0,0.0
adult,1000,0,MST_eps1,QI1,5,0.1,education-num,1000,979,54,309,0,0.0
adult,1000,0,MST_eps1,QI1,5,0.1,occupation,1000,979,10,262,2,0.002
adult,1000,0,MST_eps1,QI1,5,0.1,relationship,1000,979,74,82,0,0.0
adult,1000,0,MST_eps1,QI1,5,0.1,capital-gain,1000,979,84,84,0,0.0
adult,1000,0,MST_eps1,QI1,5,0.1,capital-loss,1000,979,84,43,0,0.0
adult,1000,0,MST_eps1,QI1,5,0.1,hours-per-week,1000,979,23,551,0,0.0
adult,1000,0,MST_eps1,QI1,5,0.1,income,1000,979,50,0,0,0.0
adult,1000,0,MST_eps1,QI1,5,0.1,_overall,1000,979,90,1000,2,0.002
adult,1000,0,MST_eps10,QI1,5,0.1,workclass,1000,979,47,293,0,0.0
adult,1000,0,MST_eps10,QI1,5,0.1,fnlwgt,1000,979,0,1000,0,0.0
adult,1000,0,MST_eps10,QI1,5,0.1,education-num,1000,979,51,309,12,0.012
adult,1000,0,MST_eps10,QI1,5,0.1,occupation,1000,979,15,262,0,0.0
adult,1000,0,MST_eps10,QI1,5,0.1,relationship,1000,979,42,82,2,0.002
adult,1000,0,MST_eps10,QI1,5,0.1,capital-gain,1000,979,67,84,0,0.0
adult,1000,0,MST_eps10,QI1,5,0.1,capital-loss,1000,979,65,43,0,0.0
adult,1000,0,MST_eps10,QI1,5,0.1,hours-per-week,1000,979,0,551,0,0.0
adult,1000,0,MST_eps10,QI1,5,0.1,income,1000,979,57,0,0,0.0
adult,1000,0,MST_eps10,QI1,5,0.1,_overall,1000,979,71,1000,14,0.014
adult,1000,0,MST_eps100,QI1,5,0.1,workclass,1000,979,52,293,2,0.002
adult,1000,0,MST_eps100,QI1,5,0.1,fnlwgt,1000,979,0,1000,0,0.0
adult,1000,0,MST_eps100,QI1,5,0.1,education-num,1000,979,20,309,5,0.005
adult,1000,0,MST_eps100,QI1,5,0.1,occupation,1000,979,19,262,2,0.002
adult,1000,0,MST_eps100,QI1,5,0.1,relationship,1000,979,54,82,2,0.002
adult,1000,0,MST_eps100,QI1,5,0.1,capital-gain,1000,979,0,84,0,0.0
adult,1000,0,MST_eps100,QI1,5,0.1,capital-loss,1000,979,0,43,0,0.0
adult,1000,0,MST_eps100,QI1,5,0.1,hours-per-week,1000,979,1,551,1,0.001
adult,1000,0,MST_eps100,QI1,5,0.1,income,1000,979,58,0,0,0.0
adult,1000,0,MST_eps100,QI1,5,0.1,_overall,1000,979,78,1000,9,0.009
adult,1000,0,MST_eps1000,QI1,5,0.1,workclass,1000,979,52,293,0,0.0
adult,1000,0,MST_eps1000,QI1,5,0.1,fnlwgt,1000,979,0,1000,0,0.0
adult,1000,0,MST_eps1000,QI1,5,0.1,education-num,1000,979,31,309,5,0.005
adult,1000,0,MST_eps1000,QI1,5,0.1,occupation,1000,979,22,262,1,0.001
adult,1000,0,MST_eps1000,QI1,5,0.1,relationship,1000,979,53,82,3,0.003
adult,1000,0,MST_eps1000,QI1,5,0.1,capital-gain,1000,979,0,84,0,0.0
adult,1000,0,MST_eps1000,QI1,5,0.1,capital-loss,1000,979,0,43,0,0.0
adult,1000,0,MST_eps1000,QI1,5,0.1,hours-per-week,1000,979,2,551,2,0.002
adult,1000,0,MST_eps1000,QI1,5,0.1,income,1000,979,56,0,0,0.0
adult,1000,0,MST_eps1000,QI1,5,0.1,_overall,1000,979,77,1000,10,0.01
adult,1000,1,AIM_eps1,QI1,5,0.1,workclass,1000,954,57,294,1,0.001
adult,1000,1,AIM_eps1,QI1,5,0.1,fnlwgt,1000,954,0,1000,0,0.0
adult,1000,1,AIM_eps1,QI1,5,0.1,education-num,1000,954,36,272,0,0.0
adult,1000,1,AIM_eps1,QI1,5,0.1,occupation,1000,954,21,381,2,0.002
adult,1000,1,AIM_eps1,QI1,5,0.1,relationship,1000,954,84,75,0,0.0
adult,1000,1,AIM_eps1,QI1,5,0.1,capital-gain,1000,954,97,95,0,0.0
adult,1000,1,AIM_eps1,QI1,5,0.1,capital-loss,1000,954,98,43,0,0.0
adult,1000,1,AIM_eps1,QI1,5,0.1,hours-per-week,1000,954,34,563,1,0.001
adult,1000,1,AIM_eps1,QI1,5,0.1,income,1000,954,65,0,0,0.0
adult,1000,1,AIM_eps1,QI1,5,0.1,_overall,1000,954,113,1000,4,0.004
adult,1000,1,MST_eps1,QI1,5,0.1,workclass,1000,954,52,294,1,0.001
adult,1000,1,MST_eps1,QI1,5,0.1,fnlwgt,1000,954,0,1000,0,0.0
adult,1000,1,MST_eps1,QI1,5,0.1,education-num,1000,954,68,272,1,0.001
adult,1000,1,MST_eps1,QI1,5,0.1,occupation,1000,954,9,381,1,0.001
adult,1000,1,MST_eps1,QI1,5,0.1,relationship,1000,954,76,75,0,0.0
adult,1000,1,MST_eps1,QI1,5,0.1,capital-gain,1000,954,76,95,0,0.0
adult,1000,1,MST_eps1,QI1,5,0.1,capital-loss,1000,954,83,43,0,0.0
adult,1000,1,MST_eps1,QI1,5,0.1,hours-per-week,1000,954,20,563,1,0.001
adult,1000,1,MST_eps1,QI1,5,0.1,income,1000,954,49,0,0,0.0
adult,1000,1,MST_eps1,QI1,5,0.1,_overall,1000,954,89,1000,4,0.004
adult,1000,1,MST_eps10,QI1,5,0.1,workclass,1000,954,92,294,0,0.0
adult,1000,1,MST_eps10,QI1,5,0.1,fnlwgt,1000,954,0,1000,0,0.0
adult,1000,1,MST_eps10,QI1,5,0.1,education-num,1000,954,96,272,21,0.021
adult,1000,1,MST_eps10,QI1,5,0.1,occupation,1000,954,23,381,4,0.004
adult,1000,1,MST_eps10,QI1,5,0.1,relationship,1000,954,111,75,6,0.006
adult,1000,1,MST_eps10,QI1,5,0.1,capital-gain,1000,954,129,95,0,0.0
adult,1000,1,MST_eps10,QI1,5,0.1,capital-loss,1000,954,140,43,0,0.0
adult,1000,1,MST_eps10,QI1,5,0.1,hours-per-week,1000,954,0,563,0,0.0
adult,1000,1,MST_eps10,QI1,5,0.1,income,1000,954,99,0,0,0.0
adult,1000,1,MST_eps10,QI1,5,0.1,_overall,1000,954,145,1000,28,0.028
adult,1000,1,MST_eps100,QI1,5,0.1,workclass,1000,954,46,294,0,0.0
adult,1000,1,MST_eps100,QI1,5,0.1,fnlwgt,1000,954,0,1000,0,0.0
adult,1000,1,MST_eps100,QI1,5,0.1,education-num,1000,954,20,272,4,0.004
adult,1000,1,MST_eps100,QI1,5,0.1,occupation,1000,954,18,381,1,0.001
adult,1000,1,MST_eps100,QI1,5,0.1,relationship,1000,954,50,75,2,0.002
adult,1000,1,MST_eps100,QI1,5,0.1,capital-gain,1000,954,0,95,0,0.0
adult,1000,1,MST_eps100,QI1,5,0.1,capital-loss,1000,954,0,43,0,0.0
adult,1000,1,MST_eps100,QI1,5,0.1,hours-per-week,1000,954,3,563,3,0.003
adult,1000,1,MST_eps100,QI1,5,0.1,income,1000,954,40,0,0,0.0
adult,1000,1,MST_eps100,QI1,5,0.1,_overall,1000,954,64,1000,10,0.01
adult,1000,1,MST_eps1000,QI1,5,0.1,workclass,1000,954,50,294,1,0.001
adult,1000,1,MST_eps1000,QI1,5,0.1,fnlwgt,1000,954,0,1000,0,0.0
adult,1000,1,MST_eps1000,QI1,5,0.1,education-num,1000,954,20,272,1,0.001
adult,1000,1,MST_eps1000,QI1,5,0.1,occupation,1000,954,14,381,2,0.002
adult,1000,1,MST_eps1000,QI1,5,0.1,relationship,1000,954,52,75,2,0.002
adult,1000,1,MST_eps1000,QI1,5,0.1,capital-gain,1000,954,0,95,0,0.0
adult,1000,1,MST_eps1000,QI1,5,0.1,capital-loss,1000,954,0,43,0,0.0
adult,1000,1,MST_eps1000,QI1,5,0.1,hours-per-week,1000,954,6,563,6,0.006
adult,1000,1,MST_eps1000,QI1,5,0.1,income,1000,954,47,0,0,0.0
adult,1000,1,MST_eps1000,QI1,5,0.1,_overall,1000,954,67,1000,11,0.011
adult,1000,2,AIM_eps1,QI1,5,0.1,workclass,1000,953,34,302,0,0.0
adult,1000,2,AIM_eps1,QI1,5,0.1,fnlwgt,1000,953,0,1000,0,0.0
adult,1000,2,AIM_eps1,QI1,5,0.1,education-num,1000,953,21,304,0,0.0
adult,1000,2,AIM_eps1,QI1,5,0.1,occupation,1000,953,10,280,0,0.0
adult,1000,2,AIM_eps1,QI1,5,0.1,relationship,1000,953,55,82,1,0.001
adult,1000,2,AIM_eps1,QI1,5,0.1,capital-gain,1000,953,66,81,0,0.0
adult,1000,2,AIM_eps1,QI1,5,0.1,capital-loss,1000,953,69,49,0,0.0
adult,1000,2,AIM_eps1,QI1,5,0.1,hours-per-week,1000,953,32,503,0,0.0
adult,1000,2,AIM_eps1,QI1,5,0.1,income,1000,953,47,0,0,0.0
adult,1000,2,AIM_eps1,QI1,5,0.1,_overall,1000,953,76,1000,1,0.001
adult,1000,2,MST_eps1,QI1,5,0.1,workclass,1000,953,48,302,1,0.001
adult,1000,2,MST_eps1,QI1,5,0.1,fnlwgt,1000,953,0,1000,0,0.0
adult,1000,2,MST_eps1,QI1,5,0.1,education-num,1000,953,63,304,0,0.0
adult,1000,2,MST_eps1,QI1,5,0.1,occupation,1000,953,13,280,2,0.002
adult,1000,2,MST_eps1,QI1,5,0.1,relationship,1000,953,66,82,1,0.001
adult,1000,2,MST_eps1,QI1,5,0.1,capital-gain,1000,953,82,81,0,0.0
adult,1000,2,MST_eps1,QI1,5,0.1,capital-loss,1000,953,80,49,0,0.0
adult,1000,2,MST_eps1,QI1,5,0.1,hours-per-week,1000,953,33,503,1,0.001
adult,1000,2,MST_eps1,QI1,5,0.1,income,1000,953,48,0,0,0.0
adult,1000,2,MST_eps1,QI1,5,0.1,_overall,1000,953,88,1000,5,0.005
adult,1000,2,MST_eps10,QI1,5,0.1,workclass,1000,953,48,302,0,0.0
adult,1000,2,MST_eps10,QI1,5,0.1,fnlwgt,1000,953,0,1000,0,0.0
adult,1000,2,MST_eps10,QI1,5,0.1,education-num,1000,953,55,304,12,0.012
adult,1000,2,MST_eps10,QI1,5,0.1,occupation,1000,953,16,280,3,0.003
adult,1000,2,MST_eps10,QI1,5,0.1,relationship,1000,953,55,82,4,0.004
adult,1000,2,MST_eps10,QI1,5,0.1,capital-gain,1000,953,65,81,0,0.0
adult,1000,2,MST_eps10,QI1,5,0.1,capital-loss,1000,953,71,49,0,0.0
adult,1000,2,MST_eps10,QI1,5,0.1,hours-per-week,1000,953,0,503,0,0.0
adult,1000,2,MST_eps10,QI1,5,0.1,income,1000,953,53,0,0,0.0
adult,1000,2,MST_eps10,QI1,5,0.1,_overall,1000,953,74,1000,19,0.019
adult,1000,2,MST_eps100,QI1,5,0.1,workclass,1000,953,50,302,0,0.0
adult,1000,2,MST_eps100,QI1,5,0.1,fnlwgt,1000,953,0,1000,0,0.0
adult,1000,2,MST_eps100,QI1,5,0.1,education-num,1000,953,18,304,4,0.004
adult,1000,2,MST_eps100,QI1,5,0.1,occupation,1000,953,20,280,0,0.0
adult,1000,2,MST_eps100,QI1,5,0.1,relationship,1000,953,57,82,2,0.002
adult,1000,2,MST_eps100,QI1,5,0.1,capital-gain,1000,953,0,81,0,0.0
adult,1000,2,MST_eps100,QI1,5,0.1,capital-loss,1000,953,0,49,0,0.0
adult,1000,2,MST_eps100,QI1,5,0.1,hours-per-week,1000,953,0,503,0,0.0
adult,1000,2,MST_eps100,QI1,5,0.1,income,1000,953,52,0,0,0.0
adult,1000,2,MST_eps100,QI1,5,0.1,_overall,1000,953,71,1000,6,0.006
adult,1000,2,MST_eps1000,QI1,5,0.1,workclass,1000,953,50,302,0,0.0
adult,1000,2,MST_eps1000,QI1,5,0.1,fnlwgt,1000,953,0,1000,0,0.0
adult,1000,2,MST_eps1000,QI1,5,0.1,education-num,1000,953,35,304,3,0.003
adult,1000,2,MST_eps1000,QI1,5,0.1,occupation,1000,953,19,280,0,0.0
adult,1000,2,MST_eps1000,QI1,5,0.1,relationship,1000,953,59,82,4,0.004
adult,1000,2,MST_eps1000,QI1,5,0.1,capital-gain,1000,953,0,81,0,0.0
adult,1000,2,MST_eps1000,QI1,5,0.1,capital-loss,1000,953,0,49,0,0.0
adult,1000,2,MST_eps1000,QI1,5,0.1,hours-per-week,1000,953,2,503,2,0.002
adult,1000,2,MST_eps1000,QI1,5,0.1,income,1000,953,54,0,0,0.0
adult,1000,2,MST_eps1000,QI1,5,0.1,_overall,1000,953,74,1000,8,0.008
adult,1000,3,AIM_eps1,QI1,5,0.1,workclass,1000,946,32,287,0,0.0
adult,1000,3,AIM_eps1,QI1,5,0.1,fnlwgt,1000,946,0,1000,0,0.0
adult,1000,3,AIM_eps1,QI1,5,0.1,education-num,1000,946,5,262,0,0.0
adult,1000,3,AIM_eps1,QI1,5,0.1,occupation,1000,946,9,262,0,0.0
adult,1000,3,AIM_eps1,QI1,5,0.1,relationship,1000,946,45,66,0,0.0
adult,1000,3,AIM_eps1,QI1,5,0.1,capital-gain,1000,946,47,85,0,0.0
adult,1000,3,AIM_eps1,QI1,5,0.1,capital-loss,1000,946,50,35,0,0.0
adult,1000,3,AIM_eps1,QI1,5,0.1,hours-per-week,1000,946,22,515,0,0.0
adult,1000,3,AIM_eps1,QI1,5,0.1,income,1000,946,32,0,0,0.0
adult,1000,3,AIM_eps1,QI1,5,0.1,_overall,1000,946,53,1000,0,0.0
adult,1000,3,MST_eps1,QI1,5,0.1,workclass,1000,946,45,287,0,0.0
adult,1000,3,MST_eps1,QI1,5,0.1,fnlwgt,1000,946,0,1000,0,0.0
adult,1000,3,MST_eps1,QI1,5,0.1,education-num,1000,946,49,262,1,0.001
adult,1000,3,MST_eps1,QI1,5,0.1,occupation,1000,946,9,262,1,0.001
adult,1000,3,MST_eps1,QI1,5,0.1,relationship,1000,946,74,66,0,0.0
adult,1000,3,MST_eps1,QI1,5,0.1,capital-gain,1000,946,80,85,0,0.0
adult,1000,3,MST_eps1,QI1,5,0.1,capital-loss,1000,946,76,35,0,0.0
adult,1000,3,MST_eps1,QI1,5,0.1,hours-per-week,1000,946,33,515,2,0.002
adult,1000,3,MST_eps1,QI1,5,0.1,income,1000,946,46,0,0,0.0
adult,1000,3,MST_eps1,QI1,5,0.1,_overall,1000,946,83,1000,4,0.004
adult,1000,3,MST_eps10,QI1,5,0.1,workclass,1000,946,53,287,2,0.002
adult,1000,3,MST_eps10,QI1,5,0.1,fnlwgt,1000,946,0,1000,0,0.0
adult,1000,3,MST_eps10,QI1,5,0.1,education-num,1000,946,47,262,9,0.009
adult,1000,3,MST_eps10,QI1,5,0.1,occupation,1000,946,8,262,1,0.001
adult,1000,3,MST_eps10,QI1,5,0.1,relationship,1000,946,48,66,3,0.003
adult,1000,3,MST_eps10,QI1,5,0.1,capital-gain,1000,946,69,85,0,0.0
adult,1000,3,MST_eps10,QI1,5,0.1,capital-loss,1000,946,74,35,0,0.0
adult,1000,3,MST_eps10,QI1,5,0.1,hours-per-week,1000,946,0,515,0,0.0
adult,1000,3,MST_eps10,QI1,5,0.1,income,1000,946,67,0,0,0.0
adult,1000,3,MST_eps10,QI1,5,0.1,_overall,1000,946,77,1000,13,0.013
adult,1000,3,MST_eps100,QI1,5,0.1,workclass,1000,946,54,287,1,0.001
adult,1000,3,MST_eps100,QI1,5,0.1,fnlwgt,1000,946,0,1000,0,0.0
adult,1000,3,MST_eps100,QI1,5,0.1,education-num,1000,946,31,262,7,0.007
adult,1000,3,MST_eps100,QI1,5,0.1,occupation,1000,946,15,262,1,0.001
adult,1000,3,MST_eps100,QI1,5,0.1,relationship,1000,946,53,66,4,0.004
adult,1000,3,MST_eps100,QI1,5,0.1,capital-gain,1000,946,0,85,0,0.0
adult,1000,3,MST_eps100,QI1,5,0.1,capital-loss,1000,946,0,35,0,0.0
adult,1000,3,MST_eps100,QI1,5,0.1,hours-per-week,1000,946,1,515,1,0.001
adult,1000,3,MST_eps100,QI1,5,0.1,income,1000,946,59,0,0,0.0
adult,1000,3,MST_eps100,QI1,5,0.1,_overall,1000,946,72,1000,13,0.013
adult,1000,3,MST_eps1000,QI1,5,0.1,workclass,1000,946,52,287,2,0.002
adult,1000,3,MST_eps1000,QI1,5,0.1,fnlwgt,1000,946,0,1000,0,0.0
adult,1000,3,MST_eps1000,QI1,5,0.1,education-num,1000,946,30,262,6,0.006
adult,1000,3,MST_eps1000,QI1,5,0.1,occupation,1000,946,15,262,1,0.001
adult,1000,3,MST_eps1000,QI1,5,0.1,relationship,1000,946,48,66,3,0.003
adult,1000,3,MST_eps1000,QI1,5,0.1,capital-gain,1000,946,0,85,0,0.0
adult,1000,3,MST_eps1000,QI1,5,0.1,capital-loss,1000,946,0,35,0,0.0
adult,1000,3,MST_eps1000,QI1,5,0.1,hours-per-week,1000,946,2,515,2,0.002
adult,1000,3,MST_eps1000,QI1,5,0.1,income,1000,946,55,0,0,0.0
adult,1000,3,MST_eps1000,QI1,5,0.1,_overall,1000,946,75,1000,12,0.012
adult,1000,4,AIM_eps1,QI1,5,0.1,workclass,1000,952,23,289,2,0.002
adult,1000,4,AIM_eps1,QI1,5,0.1,fnlwgt,1000,952,0,1000,0,0.0
adult,1000,4,AIM_eps1,QI1,5,0.1,education-num,1000,952,28,301,0,0.0
adult,1000,4,AIM_eps1,QI1,5,0.1,occupation,1000,952,13,263,0,0.0
adult,1000,4,AIM_eps1,QI1,5,0.1,relationship,1000,952,49,80,3,0.003
adult,1000,4,AIM_eps1,QI1,5,0.1,capital-gain,1000,952,68,74,0,0.0
adult,1000,4,AIM_eps1,QI1,5,0.1,capital-loss,1000,952,61,43,0,0.0
adult,1000,4,AIM_eps1,QI1,5,0.1,hours-per-week,1000,952,16,542,0,0.0
adult,1000,4,AIM_eps1,QI1,5,0.1,income,1000,952,42,0,0,0.0
adult,1000,4,AIM_eps1,QI1,5,0.1,_overall,1000,952,75,1000,5,0.005
adult,1000,4,MST_eps1,QI1,5,0.1,workclass,1000,952,44,289,0,0.0
adult,1000,4,MST_eps1,QI1,5,0.1,fnlwgt,1000,952,0,1000,0,0.0
adult,1000,4,MST_eps1,QI1,5,0.1,education-num,1000,952,48,301,0,0.0
adult,1000,4,MST_eps1,QI1,5,0.1,occupation,1000,952,9,263,0,0.0
adult,1000,4,MST_eps1,QI1,5,0.1,relationship,1000,952,65,80,0,0.0
adult,1000,4,MST_eps1,QI1,5,0.1,capital-gain,1000,952,72,74,0,0.0
adult,1000,4,MST_eps1,QI1,5,0.1,capital-loss,1000,952,74,43,0,0.0
adult,1000,4,MST_eps1,QI1,5,0.1,hours-per-week,1000,952,23,542,0,0.0
adult,1000,4,MST_eps1,QI1,5,0.1,income,1000,952,53,0,0,0.0
adult,1000,4,MST_eps1,QI1,5,0.1,_overall,1000,952,79,1000,0,0.0
adult,1000,4,MST_eps10,QI1,5,0.1,workclass,1000,952,88,289,0,0.0
adult,1000,4,MST_eps10,QI1,5,0.1,fnlwgt,1000,952,0,1000,0,0.0
adult,1000,4,MST_eps10,QI1,5,0.1,education-num,1000,952,103,301,19,0.019
adult,1000,4,MST_eps10,QI1,5,0.1,occupation,1000,952,22,263,1,0.001
adult,1000,4,MST_eps10,QI1,5,0.1,relationship,1000,952,99,80,4,0.004
adult,1000,4,MST_eps10,QI1,5,0.1,capital-gain,1000,952,120,74,0,0.0
adult,1000,4,MST_eps10,QI1,5,0.1,capital-loss,1000,952,127,43,0,0.0
adult,1000,4,MST_eps10,QI1,5,0.1,hours-per-week,1000,952,1,542,1,0.001
adult,1000,4,MST_eps10,QI1,5,0.1,income,1000,952,101,0,0,0.0
adult,1000,4,MST_eps10,QI1,5,0.1,_overall,1000,952,131,1000,24,0.024
adult,1000,4,MST_eps100,QI1,5,0.1,workclass,1000,952,45,289,1,0.001
adult,1000,4,MST_eps100,QI1,5,0.1,fnlwgt,1000,952,0,1000,0,0.0
adult,1000,4,MST_eps100,QI1,5,0.1,education-num,1000,952,20,301,5,0.005
adult,1000,4,MST_eps100,QI1,5,0.1,occupation,1000,952,8,263,0,0.0
adult,1000,4,MST_eps100,QI1,5,0.1,relationship,1000,952,45,80,4,0.004
adult,1000,4,MST_eps100,QI1,5,0.1,capital-gain,1000,952,0,74,0,0.0
adult,1000,4,MST_eps100,QI1,5,0.1,capital-loss,1000,952,0,43,0,0.0
adult,1000,4,MST_eps100,QI1,5,0.1,hours-per-week,1000,952,1,542,1,0.001
adult,1000,4,MST_eps100,QI1,5,0.1,income,1000,952,51,0,0,0.0
adult,1000,4,MST_eps100,QI1,5,0.1,_overall,1000,952,66,1000,11,0.011
adult,1000,4,MST_eps1000,QI1,5,0.1,workclass,1000,952,44,289,0,0.0
adult,1000,4,MST_eps1000,QI1,5,0.1,fnlwgt,1000,952,0,1000,0,0.0
adult,1000,4,MST_eps1000,QI1,5,0.1,education-num,1000,952,33,301,5,0.005
adult,1000,4,MST_eps1000,QI1,5,0.1,occupation,1000,952,5,263,0,0.0
adult,1000,4,MST_eps1000,QI1,5,0.1,relationship,1000,952,44,80,4,0.004
adult,1000,4,MST_eps1000,QI1,5,0.1,capital-gain,1000,952,0,74,0,0.0
adult,1000,4,MST_eps1000,QI1,5,0.1,capital-loss,1000,952,0,43,0,0.0
adult,1000,4,MST_eps1000,QI1,5,0.1,hours-per-week,1000,952,0,542,0,0.0
adult,1000,4,MST_eps1000,QI1,5,0.1,income,1000,952,53,0,0,0.0
adult,1000,4,MST_eps1000,QI1,5,0.1,_overall,1000,952,66,1000,9,0.009
adult,10000,0,AIM_eps1,QI1,5,0.1,workclass,10000,5206,572,2962,1,0.0001
adult,10000,0,AIM_eps1,QI1,5,0.1,fnlwgt,10000,5206,0,10000,0,0.0
adult,10000,0,AIM_eps1,QI1,5,0.1,education-num,10000,5206,581,2870,120,0.012
adult,10000,0,AIM_eps1,QI1,5,0.1,occupation,10000,5206,210,2783,7,0.0007
adult,10000,0,AIM_eps1,QI1,5,0.1,relationship,10000,5206,560,756,27,0.0027
adult,10000,0,AIM_eps1,QI1,5,0.1,capital-gain,10000,5206,748,829,0,0.0
adult,10000,0,AIM_eps1,QI1,5,0.1,capital-loss,10000,5206,768,444,0,0.0
adult,10000,0,AIM_eps1,QI1,5,0.1,hours-per-week,10000,5206,6,5344,2,0.0002
adult,10000,0,AIM_eps1,QI1,5,0.1,income,10000,5206,670,0,0,0.0
adult,10000,0,AIM_eps1,QI1,5,0.1,_overall,10000,5206,815,10000,148,0.0148
adult,10000,0,MST_eps1,QI1,5,0.1,workclass,10000,5206,1124,2962,7,0.0007
adult,10000,0,MST_eps1,QI1,5,0.1,fnlwgt,10000,5206,0,10000,0,0.0
adult,10000,0,MST_eps1,QI1,5,0.1,education-num,10000,5206,1206,2870,253,0.0253
adult,10000,0,MST_eps1,QI1,5,0.1,occupation,10000,5206,387,2783,5,0.0005
adult,10000,0,MST_eps1,QI1,5,0.1,relationship,10000,5206,1215,756,67,0.0067
adult,10000,0,MST_eps1,QI1,5,0.1,capital-gain,10000,5206,1556,829,0,0.0
adult,10000,0,MST_eps1,QI1,5,0.1,capital-loss,10000,5206,1620,444,0,0.0
adult,10000,0,MST_eps1,QI1,5,0.1,hours-per-week,10000,5206,12,5344,2,0.0002
adult,10000,0,MST_eps1,QI1,5,0.1,income,10000,5206,1221,0,0,0.0
adult,10000,0,MST_eps1,QI1,5,0.1,_overall,10000,5206,1697,10000,309,0.0309
adult,10000,0,MST_eps10,QI1,5,0.1,workclass,10000,5206,571,2962,2,0.0002
adult,10000,0,MST_eps10,QI1,5,0.1,fnlwgt,10000,5206,0,10000,0,0.0
adult,10000,0,MST_eps10,QI1,5,0.1,education-num,10000,5206,270,2870,58,0.0058
adult,10000,0,MST_eps10,QI1,5,0.1,occupation,10000,5206,225,2783,7,0.0007
adult,10000,0,MST_eps10,QI1,5,0.1,relationship,10000,5206,580,756,30,0.003
adult,10000,0,MST_eps10,QI1,5,0.1,capital-gain,10000,5206,0,829,0,0.0
adult,10000,0,MST_eps10,QI1,5,0.1,capital-loss,10000,5206,0,444,0,0.0
adult,10000,0,MST_eps10,QI1,5,0.1,hours-per-week,10000,5206,32,5344,12,0.0012
adult,10000,0,MST_eps10,QI1,5,0.1,income,10000,5206,629,0,0,0.0
adult,10000,0,MST_eps10,QI1,5,0.1,_overall,10000,5206,825,10000,104,0.0104
adult,10000,0,MST_eps100,QI1,5,0.1,workclass,10000,5206,574,2962,2,0.0002
adult,10000,0,MST_eps100,QI1,5,0.1,fnlwgt,10000,5206,0,10000,0,0.0
adult,10000,0,MST_eps100,QI1,5,0.1,education-num,10000,5206,341,2870,41,0.0041
adult,10000,0,MST_eps100,QI1,5,0.1,occupation,10000,5206,214,2783,5,0.0005
adult,10000,0,MST_eps100,QI1,5,0.1,relationship,10000,5206,548,756,30,0.003
adult,10000,0,MST_eps100,QI1,5,0.1,capital-gain,10000,5206,0,829,0,0.0
adult,10000,0,MST_eps100,QI1,5,0.1,capital-loss,10000,5206,0,444,0,0.0
adult,10000,0,MST_eps100,QI1,5,0.1,hours-per-week,10000,5206,2,5344,1,0.0001
adult,10000,0,MST_eps100,QI1,5,0.1,income,10000,5206,628,0,0,0.0
adult,10000,0,MST_eps100,QI1,5,0.1,_overall,10000,5206,814,10000,77,0.0077
adult,10000,0,MST_eps1000,QI1,5,0.1,workclass,10000,5206,579,2962,1,0.0001
adult,10000,0,MST_eps1000,QI1,5,0.1,fnlwgt,10000,5206,0,10000,0,0.0
adult,10000,0,MST_eps1000,QI1,5,0.1,education-num,10000,5206,349,2870,48,0.0048
adult,10000,0,MST_eps1000,QI1,5,0.1,occupation,10000,5206,219,2783,1,0.0001
adult,10000,0,MST_eps1000,QI1,5,0.1,relationship,10000,5206,574,756,30,0.003
adult,10000,0,MST_eps1000,QI1,5,0.1,capital-gain,10000,5206,0,829,0,0.0
adult,10000,0,MST_eps1000,QI1,5,0.1,capital-loss,10000,5206,0,444,0,0.0
adult,10000,0,MST_eps1000,QI1,5,0.1,hours-per-week,10000,5206,59,5344,24,0.0024
adult,10000,0,MST_eps1000,QI1,5,0.1,income,10000,5206,653,0,0,0.0
adult,10000,0,MST_eps1000,QI1,5,0.1,_overall,10000,5206,828,10000,99,0.0099
adult,10000,1,AIM_eps1,QI1,5,0.1,workclass,10000,5112,524,2943,2,0.0002
adult,10000,1,AIM_eps1,QI1,5,0.1,fnlwgt,10000,5112,0,10000,0,0.0
adult,10000,1,AIM_eps1,QI1,5,0.1,education-num,10000,5112,516,2861,126,0.0126
adult,10000,1,AIM_eps1,QI1,5,0.1,occupation,10000,5112,203,2767,5,0.0005
adult,10000,1,AIM_eps1,QI1,5,0.1,relationship,10000,5112,554,749,31,0.0031
adult,10000,1,AIM_eps1,QI1,5,0.1,capital-gain,10000,5112,694,816,0,0.0
adult,10000,1,AIM_eps1,QI1,5,0.1,capital-loss,10000,5112,720,483,0,0.0
adult,10000,1,AIM_eps1,QI1,5,0.1,hours-per-week,10000,5112,2,5392,0,0.0
adult,10000,1,AIM_eps1,QI1,5,0.1,income,10000,5112,631,0,0,0.0
adult,10000,1,AIM_eps1,QI1,5,0.1,_overall,10000,5112,761,10000,154,0.0154
adult,10000,1,MST_eps1,QI1,5,0.1,workclass,10000,5112,523,2943,2,0.0002
adult,10000,1,MST_eps1,QI1,5,0.1,fnlwgt,10000,5112,0,10000,0,0.0
adult,10000,1,MST_eps1,QI1,5,0.1,education-num,10000,5112,493,2861,103,0.0103
adult,10000,1,MST_eps1,QI1,5,0.1,occupation,10000,5112,195,2767,6,0.0006
adult,10000,1,MST_eps1,QI1,5,0.1,relationship,10000,5112,535,749,33,0.0033
adult,10000,1,MST_eps1,QI1,5,0.1,capital-gain,10000,5112,692,816,0,0.0
adult,10000,1,MST_eps1,QI1,5,0.1,capital-loss,10000,5112,718,483,0,0.0
adult,10000,1,MST_eps1,QI1,5,0.1,hours-per-week,10000,5112,2,5392,0,0.0
adult,10000,1,MST_eps1,QI1,5,0.1,income,10000,5112,562,0,0,0.0
adult,10000,1,MST_eps1,QI1,5,0.1,_overall,10000,5112,760,10000,135,0.0135
adult,10000,1,MST_eps10,QI1,5,0.1,workclass,10000,5112,533,2943,2,0.0002
adult,10000,1,MST_eps10,QI1,5,0.1,fnlwgt,10000,5112,0,10000,0,0.0
adult,10000,1,MST_eps10,QI1,5,0.1,education-num,10000,5112,282,2861,64,0.0064
adult,10000,1,MST_eps10,QI1,5,0.1,occupation,10000,5112,221,2767,5,0.0005
adult,10000,1,MST_eps10,QI1,5,0.1,relationship,10000,5112,553,749,34,0.0034
adult,10000,1,MST_eps10,QI1,5,0.1,capital-gain,10000,5112,0,816,0,0.0
adult,10000,1,MST_eps10,QI1,5,0.1,capital-loss,10000,5112,0,483,0,0.0
adult,10000,1,MST_eps10,QI1,5,0.1,hours-per-week,10000,5112,37,5392,16,0.0016
adult,10000,1,MST_eps10,QI1,5,0.1,income,10000,5112,579,0,0,0.0
adult,10000,1,MST_eps10,QI1,5,0.1,_overall,10000,5112,783,10000,115,0.0115
adult,10000,1,MST_eps100,QI1,5,0.1,workclass,10000,5112,532,2943,1,0.0001
adult,10000,1,MST_eps100,QI1,5,0.1,fnlwgt,10000,5112,0,10000,0,0.0
adult,10000,1,MST_eps100,QI1,5,0.1,education-num,10000,5112,306,2861,61,0.0061
adult,10000,1,MST_eps100,QI1,5,0.1,occupation,10000,5112,208,2767,6,0.0006
adult,10000,1,MST_eps100,QI1,5,0.1,relationship,10000,5112,572,749,32,0.0032
adult,10000,1,MST_eps100,QI1,5,0.1,capital-gain,10000,5112,0,816,0,0.0
adult,10000,1,MST_eps100,QI1,5,0.1,capital-loss,10000,5112,0,483,0,0.0
adult,10000,1,MST_eps100,QI1,5,0.1,hours-per-week,10000,5112,51,5392,19,0.0019
adult,10000,1,MST_eps100,QI1,5,0.1,income,10000,5112,564,0,0,0.0
adult,10000,1,MST_eps100,QI1,5,0.1,_overall,10000,5112,783,10000,110,0.011
adult,10000,1,MST_eps1000,QI1,5,0.1,workclass,10000,5112,530,2943,2,0.0002
adult,10000,1,MST_eps1000,QI1,5,0.1,fnlwgt,10000,5112,0,10000,0,0.0
adult,10000,1,MST_eps1000,QI1,5,0.1,education-num,10000,5112,304,2861,61,0.0061
adult,10000,1,MST_eps1000,QI1,5,0.1,occupation,10000,5112,216,2767,7,0.0007
adult,10000,1,MST_eps1000,QI1,5,0.1,relationship,10000,5112,543,749,34,0.0034
adult,10000,1,MST_eps1000,QI1,5,0.1,capital-gain,10000,5112,0,816,0,0.0
adult,10000,1,MST_eps1000,QI1,5,0.1,capital-loss,10000,5112,0,483,0,0.0
adult,10000,1,MST_eps1000,QI1,5,0.1,hours-per-week,10000,5112,45,5392,13,0.0013
adult,10000,1,MST_eps1000,QI1,5,0.1,income,10000,5112,577,0,0,0.0
adult,10000,1,MST_eps1000,QI1,5,0.1,_overall,10000,5112,774,10000,105,0.0105
adult,10000,2,AIM_eps1,QI1,5,0.1,workclass,10000,5192,1175,2905,5,0.0005
adult,10000,2,AIM_eps1,QI1,5,0.1,fnlwgt,10000,5192,0,10000,0,0.0
adult,10000,2,AIM_eps1,QI1,5,0.1,education-num,10000,5192,1267,2962,259,0.0259
adult,10000,2,AIM_eps1,QI1,5,0.1,occupation,10000,5192,434,2816,10,0.001
adult,10000,2,AIM_eps1,QI1,5,0.1,relationship,10000,5192,1309,797,77,0.0077
adult,10000,2,AIM_eps1,QI1,5,0.1,capital-gain,10000,5192,1553,823,0,0.0
adult,10000,2,AIM_eps1,QI1,5,0.1,capital-loss,10000,5192,1616,472,0,0.0
adult,10000,2,AIM_eps1,QI1,5,0.1,hours-per-week,10000,5192,7,5200,0,0.0
adult,10000,2,AIM_eps1,QI1,5,0.1,income,10000,5192,1336,0,0,0.0
adult,10000,2,AIM_eps1,QI1,5,0.1,_overall,10000,5192,1691,10000,327,0.0327
adult,10000,2,MST_eps1,QI1,5,0.1,workclass,10000,5192,539,2905,3,0.0003
adult,10000,2,MST_eps1,QI1,5,0.1,fnlwgt,10000,5192,0,10000,0,0.0
adult,10000,2,MST_eps1,QI1,5,0.1,education-num,10000,5192,513,2962,110,0.011
adult,10000,2,MST_eps1,QI1,5,0.1,occupation,10000,5192,159,2816,2,0.0002
adult,10000,2,MST_eps1,QI1,5,0.1,relationship,10000,5192,530,797,32,0.0032
adult,10000,2,MST_eps1,QI1,5,0.1,capital-gain,10000,5192,696,823,0,0.0
adult,10000,2,MST_eps1,QI1,5,0.1,capital-loss,10000,5192,732,472,0,0.0
adult,10000,2,MST_eps1,QI1,5,0.1,hours-per-week,10000,5192,4,5200,1,0.0001
adult,10000,2,MST_eps1,QI1,5,0.1,income,10000,5192,563,0,0,0.0
adult,10000,2,MST_eps1,QI1,5,0.1,_overall,10000,5192,756,10000,138,0.0138
adult,10000,2,MST_eps10,QI1,5,0.1,workclass,10000,5192,545,2905,1,0.0001
adult,10000,2,MST_eps10,QI1,5,0.1,fnlwgt,10000,5192,0,10000,0,0.0
adult,10000,2,MST_eps10,QI1,5,0.1,education-num,10000,5192,250,2962,59,0.0059
adult,10000,2,MST_eps10,QI1,5,0.1,occupation,10000,5192,215,2816,6,0.0006
adult,10000,2,MST_eps10,QI1,5,0.1,relationship,10000,5192,534,797,35,0.0035
adult,10000,2,MST_eps10,QI1,5,0.1,capital-gain,10000,5192,0,823,0,0.0
adult,10000,2,MST_eps10,QI1,5,0.1,capital-loss,10000,5192,0,472,0,0.0
adult,10000,2,MST_eps10,QI1,5,0.1,hours-per-week,10000,5192,24,5200,12,0.0012
adult,10000,2,MST_eps10,QI1,5,0.1,income,10000,5192,567,0,0,0.0
adult,10000,2,MST_eps10,QI1,5,0.1,_overall,10000,5192,765,10000,103,0.0103
adult,10000,2,MST_eps100,QI1,5,0.1,workclass,10000,5192,539,2905,3,0.0003
adult,10000,2,MST_eps100,QI1,5,0.1,fnlwgt,10000,5192,0,10000,0,0.0
adult,10000,2,MST_eps100,QI1,5,0.1,education-num,10000,5192,316,2962,54,0.0054
adult,10000,2,MST_eps100,QI1,5,0.1,occupation,10000,5192,191,2816,5,0.0005
adult,10000,2,MST_eps100,QI1,5,0.1,relationship,10000,5192,520,797,32,0.0032
adult,10000,2,MST_eps100,QI1,5,0.1,capital-gain,10000,5192,0,823,0,0.0
adult,10000,2,MST_eps100,QI1,5,0.1,capital-loss,10000,5192,0,472,0,0.0
adult,10000,2,MST_eps100,QI1,5,0.1,hours-per-week,10000,5192,34,5200,14,0.0014
adult,10000,2,MST_eps100,QI1,5,0.1,income,10000,5192,585,0,0,0.0
adult,10000,2,MST_eps100,QI1,5,0.1,_overall,10000,5192,771,10000,98,0.0098
adult,10000,2,MST_eps1000,QI1,5,0.1,workclass,10000,5192,547,2905,1,0.0001
adult,10000,2,MST_eps1000,QI1,5,0.1,fnlwgt,10000,5192,0,10000,0,0.0
adult,10000,2,MST_eps1000,QI1,5,0.1,education-num,10000,5192,324,2962,58,0.0058
adult,10000,2,MST_eps1000,QI1,5,0.1,occupation,10000,5192,213,2816,7,0.0007
adult,10000,2,MST_eps1000,QI1,5,0.1,relationship,10000,5192,549,797,31,0.0031
adult,10000,2,MST_eps1000,QI1,5,0.1,capital-gain,10000,5192,0,823,0,0.0
adult,10000,2,MST_eps1000,QI1,5,0.1,capital-loss,10000,5192,0,472,0,0.0
adult,10000,2,MST_eps1000,QI1,5,0.1,hours-per-week,10000,5192,34,5200,14,0.0014
adult,10000,2,MST_eps1000,QI1,5,0.1,income,10000,5192,584,0,0,0.0
adult,10000,2,MST_eps1000,QI1,5,0.1,_overall,10000,5192,774,10000,101,0.0101
adult,10000,3,AIM_eps1,QI1,5,0.1,workclass,10000,5141,567,2899,2,0.0002
adult,10000,3,AIM_eps1,QI1,5,0.1,fnlwgt,10000,5141,0,10000,0,0.0
adult,10000,3,AIM_eps1,QI1,5,0.1,education-num,10000,5141,561,2919,127,0.0127
adult,10000,3,AIM_eps1,QI1,5,0.1,occupation,10000,5141,202,2912,1,0.0001
adult,10000,3,AIM_eps1,QI1,5,0.1,relationship,10000,5141,583,784,31,0.0031
adult,10000,3,AIM_eps1,QI1,5,0.1,capital-gain,10000,5141,747,858,0,0.0
adult,10000,3,AIM_eps1,QI1,5,0.1,capital-loss,10000,5141,788,465,0,0.0
adult,10000,3,AIM_eps1,QI1,5,0.1,hours-per-week,10000,5141,4,5322,3,0.0003
adult,10000,3,AIM_eps1,QI1,5,0.1,income,10000,5141,665,0,0,0.0
adult,10000,3,AIM_eps1,QI1,5,0.1,_overall,10000,5141,828,10000,152,0.0152
adult,10000,3,MST_eps1,QI1,5,0.1,workclass,10000,5141,574,2899,4,0.0004
adult,10000,3,MST_eps1,QI1,5,0.1,fnlwgt,10000,5141,0,10000,0,0.0
adult,10000,3,MST_eps1,QI1,5,0.1,education-num,10000,5141,572,2919,131,0.0131
adult,10000,3,MST_eps1,QI1,5,0.1,occupation,10000,5141,187,2912,6,0.0006
adult,10000,3,MST_eps1,QI1,5,0.1,relationship,10000,5141,587,784,30,0.003
adult,10000,3,MST_eps1,QI1,5,0.1,capital-gain,10000,5141,746,858,0,0.0
adult,10000,3,MST_eps1,QI1,5,0.1,capital-loss,10000,5141,0,465,0,0.0
adult,10000,3,MST_eps1,QI1,5,0.1,hours-per-week,10000,5141,2,5322,1,0.0001
adult,10000,3,MST_eps1,QI1,5,0.1,income,10000,5141,622,0,0,0.0
adult,10000,3,MST_eps1,QI1,5,0.1,_overall,10000,5141,826,10000,157,0.0157
adult,10000,3,MST_eps10,QI1,5,0.1,workclass,10000,5141,585,2899,1,0.0001
adult,10000,3,MST_eps10,QI1,5,0.1,fnlwgt,10000,5141,0,10000,0,0.0
adult,10000,3,MST_eps10,QI1,5,0.1,education-num,10000,5141,295,2919,64,0.0064
adult,10000,3,MST_eps10,QI1,5,0.1,occupation,10000,5141,217,2912,1,0.0001
adult,10000,3,MST_eps10,QI1,5,0.1,relationship,10000,5141,608,784,30,0.003
adult,10000,3,MST_eps10,QI1,5,0.1,capital-gain,10000,5141,0,858,0,0.0
adult,10000,3,MST_eps10,QI1,5,0.1,capital-loss,10000,5141,0,465,0,0.0
adult,10000,3,MST_eps10,QI1,5,0.1,hours-per-week,10000,5141,25,5322,12,0.0012
adult,10000,3,MST_eps10,QI1,5,0.1,income,10000,5141,633,0,0,0.0
adult,10000,3,MST_eps10,QI1,5,0.1,_overall,10000,5141,845,10000,102,0.0102
adult,10000,3,MST_eps100,QI1,5,0.1,workclass,10000,5141,580,2899,0,0.0
adult,10000,3,MST_eps100,QI1,5,0.1,fnlwgt,10000,5141,0,10000,0,0.0
adult,10000,3,MST_eps100,QI1,5,0.1,education-num,10000,5141,333,2919,52,0.0052
adult,10000,3,MST_eps100,QI1,5,0.1,occupation,10000,5141,217,2912,6,0.0006
adult,10000,3,MST_eps100,QI1,5,0.1,relationship,10000,5141,633,784,30,0.003
adult,10000,3,MST_eps100,QI1,5,0.1,capital-gain,10000,5141,0,858,0,0.0
adult,10000,3,MST_eps100,QI1,5,0.1,capital-loss,10000,5141,0,465,0,0.0
adult,10000,3,MST_eps100,QI1,5,0.1,hours-per-week,10000,5141,2,5322,0,0.0
adult,10000,3,MST_eps100,QI1,5,0.1,income,10000,5141,645,0,0,0.0
adult,10000,3,MST_eps100,QI1,5,0.1,_overall,10000,5141,855,10000,86,0.0086
adult,10000,3,MST_eps1000,QI1,5,0.1,workclass,10000,5141,588,2899,4,0.0004
adult,10000,3,MST_eps1000,QI1,5,0.1,fnlwgt,10000,5141,0,10000,0,0.0
adult,10000,3,MST_eps1000,QI1,5,0.1,education-num,10000,5141,335,2919,49,0.0049
adult,10000,3,MST_eps1000,QI1,5,0.1,occupation,10000,5141,206,2912,4,0.0004
adult,10000,3,MST_eps1000,QI1,5,0.1,relationship,10000,5141,611,784,31,0.0031
adult,10000,3,MST_eps1000,QI1,5,0.1,capital-gain,10000,5141,0,858,0,0.0
adult,10000,3,MST_eps1000,QI1,5,0.1,capital-loss,10000,5141,0,465,0,0.0
adult,10000,3,MST_eps1000,QI1,5,0.1,hours-per-week,10000,5141,2,5322,0,0.0
adult,10000,3,MST_eps1000,QI1,5,0.1,income,10000,5141,634,0,0,0.0
adult,10000,3,MST_eps1000,QI1,5,0.1,_overall,10000,5141,853,10000,83,0.0083
adult,10000,4,AIM_eps1,QI1,5,0.1,workclass,10000,5280,552,2931,1,0.0001
adult,10000,4,AIM_eps1,QI1,5,0.1,fnlwgt,10000,5280,0,10000,0,0.0
adult,10000,4,AIM_eps1,QI1,5,0.1,education-num,10000,5280,563,2929,119,0.0119
adult,10000,4,AIM_eps1,QI1,5,0.1,occupation,10000,5280,204,2914,5,0.0005
adult,10000,4,AIM_eps1,QI1,5,0.1,relationship,10000,5280,565,835,31,0.0031
adult,10000,4,AIM_eps1,QI1,5,0.1,capital-gain,10000,5280,713,844,0,0.0
adult,10000,4,AIM_eps1,QI1,5,0.1,capital-loss,10000,5280,747,472,0,0.0
adult,10000,4,AIM_eps1,QI1,5,0.1,hours-per-week,10000,5280,6,5321,4,0.0004
adult,10000,4,AIM_eps1,QI1,5,0.1,income,10000,5280,650,0,0,0.0
adult,10000,4,AIM_eps1,QI1,5,0.1,_overall,10000,5280,788,10000,145,0.0145
adult,10000,4,MST_eps1,QI1,5,0.1,workclass,10000,5280,551,2931,3,0.0003
adult,10000,4,MST_eps1,QI1,5,0.1,fnlwgt,10000,5280,0,10000,0,0.0
adult,10000,4,MST_eps1,QI1,5,0.1,education-num,10000,5280,559,2929,119,0.0119
adult,10000,4,MST_eps1,QI1,5,0.1,occupation,10000,5280,202,2914,8,0.0008
adult,10000,4,MST_eps1,QI1,5,0.1,relationship,10000,5280,573,835,27,0.0027
adult,10000,4,MST_eps1,QI1,5,0.1,capital-gain,10000,5280,720,844,0,0.0
adult,10000,4,MST_eps1,QI1,5,0.1,capital-loss,10000,5280,752,472,0,0.0
adult,10000,4,MST_eps1,QI1,5,0.1,hours-per-week,10000,5280,8,5321,6,0.0006
adult,10000,4,MST_eps1,QI1,5,0.1,income,10000,5280,599,0,0,0.0
adult,10000,4,MST_eps1,QI1,5,0.1,_overall,10000,5280,795,10000,146,0.0146
adult,10000,4,MST_eps10,QI1,5,0.1,workclass,10000,5280,565,2931,2,0.0002
adult,10000,4,MST_eps10,QI1,5,0.1,fnlwgt,10000,5280,0,10000,0,0.0
adult,10000,4,MST_eps10,QI1,5,0.1,education-num,10000,5280,269,2929,61,0.0061
adult,10000,4,MST_eps10,QI1,5,0.1,occupation,10000,5280,219,2914,5,0.0005
adult,10000,4,MST_eps10,QI1,5,0.1,relationship,10000,5280,583,835,32,0.0032
adult,10000,4,MST_eps10,QI1,5,0.1,capital-gain,10000,5280,0,844,0,0.0
adult,10000,4,MST_eps10,QI1,5,0.1,capital-loss,10000,5280,0,472,0,0.0
adult,10000,4,MST_eps10,QI1,5,0.1,hours-per-week,10000,5280,38,5321,17,0.0017
adult,10000,4,MST_eps10,QI1,5,0.1,income,10000,5280,637,0,0,0.0
adult,10000,4,MST_eps10,QI1,5,0.1,_overall,10000,5280,814,10000,110,0.011
adult,10000,4,MST_eps100,QI1,5,0.1,workclass,10000,5280,580,2931,2,0.0002
adult,10000,4,MST_eps100,QI1,5,0.1,fnlwgt,10000,5280,0,10000,0,0.0
adult,10000,4,MST_eps100,QI1,5,0.1,education-num,10000,5280,364,2929,57,0.0057
adult,10000,4,MST_eps100,QI1,5,0.1,occupation,10000,5280,222,2914,6,0.0006
adult,10000,4,MST_eps100,QI1,5,0.1,relationship,10000,5280,588,835,33,0.0033
adult,10000,4,MST_eps100,QI1,5,0.1,capital-gain,10000,5280,0,844,0,0.0
adult,10000,4,MST_eps100,QI1,5,0.1,capital-loss,10000,5280,0,472,0,0.0
adult,10000,4,MST_eps100,QI1,5,0.1,hours-per-week,10000,5280,2,5321,0,0.0
adult,10000,4,MST_eps100,QI1,5,0.1,income,10000,5280,632,0,0,0.0
adult,10000,4,MST_eps100,QI1,5,0.1,_overall,10000,5280,841,10000,90,0.009
adult,10000,4,MST_eps1000,QI1,5,0.1,workclass,10000,5280,568,2931,2,0.0002
adult,10000,4,MST_eps1000,QI1,5,0.1,fnlwgt,10000,5280,0,10000,0,0.0
adult,10000,4,MST_eps1000,QI1,5,0.1,education-num,10000,5280,353,2929,54,0.0054
adult,10000,4,MST_eps1000,QI1,5,0.1,occupation,10000,5280,232,2914,10,0.001
adult,10000,4,MST_eps1000,QI1,5,0.1,relationship,10000,5280,547,835,28,0.0028
adult,10000,4,MST_eps1000,QI1,5,0.1,capital-gain,10000,5280,0,844,0,0.0
adult,10000,4,MST_eps1000,QI1,5,0.1,capital-loss,10000,5280,0,472,0,0.0
adult,10000,4,MST_eps1000,QI1,5,0.1,hours-per-week,10000,5280,50,5321,15,0.0015
adult,10000,4,MST_eps1000,QI1,5,0.1,income,10000,5280,644,0,0,0.0
adult,10000,4,MST_eps1000,QI1,5,0.1,_overall,10000,5280,825,10000,102,0.0102
adult,1000,0,ARF,QI1,5,0.1,workclass,1000,979,125,293,7,0.007
adult,1000,0,ARF,QI1,5,0.1,fnlwgt,1000,979,0,1000,0,0.0
adult,1000,0,ARF,QI1,5,0.1,education-num,1000,979,94,309,4,0.004
adult,1000,0,ARF,QI1,5,0.1,occupation,1000,979,27,262,5,0.005
adult,1000,0,ARF,QI1,5,0.1,relationship,1000,979,176,82,0,0.0
adult,1000,0,ARF,QI1,5,0.1,capital-gain,1000,979,141,84,0,0.0
adult,1000,0,ARF,QI1,5,0.1,capital-loss,1000,979,183,43,0,0.0
adult,1000,0,ARF,QI1,5,0.1,hours-per-week,1000,979,11,551,4,0.004
adult,1000,0,ARF,QI1,5,0.1,income,1000,979,158,0,0,0.0
adult,1000,0,ARF,QI1,5,0.1,_overall,1000,979,238,1000,19,0.019
adult,1000,0,CellSuppression,QI1,5,0.1,workclass,1000,979,678,293,132,0.132
adult,1000,0,CellSuppression,QI1,5,0.1,fnlwgt,1000,979,534,1000,531,0.531
adult,1000,0,CellSuppression,QI1,5,0.1,education-num,1000,979,771,309,243,0.243
adult,1000,0,CellSuppression,QI1,5,0.1,occupation,1000,979,585,262,117,0.117
adult,1000,0,CellSuppression,QI1,5,0.1,relationship,1000,979,729,82,50,0.05
adult,1000,0,CellSuppression,QI1,5,0.1,capital-gain,1000,979,731,84,29,0.029
adult,1000,0,CellSuppression,QI1,5,0.1,capital-loss,1000,979,754,43,19,0.019
adult,1000,0,CellSuppression,QI1,5,0.1,hours-per-week,1000,979,605,551,294,0.294
adult,1000,0,CellSuppression,QI1,5,0.1,income,1000,979,714,0,0,0.0
adult,1000,0,CellSuppression,QI1,5,0.1,_overall,1000,979,771,1000,611,0.611
adult,1000,0,CTGAN,QI1,5,0.1,workclass,1000,979,127,293,6,0.006
adult,1000,0,CTGAN,QI1,5,0.1,fnlwgt,1000,979,0,1000,0,0.0
adult,1000,0,CTGAN,QI1,5,0.1,education-num,1000,979,78,309,0,0.0
adult,1000,0,CTGAN,QI1,5,0.1,occupation,1000,979,31,262,4,0.004
adult,1000,0,CTGAN,QI1,5,0.1,relationship,1000,979,138,82,0,0.0
adult,1000,0,CTGAN,QI1,5,0.1,capital-gain,1000,979,69,84,0,0.0
adult,1000,0,CTGAN,QI1,5,0.1,capital-loss,1000,979,194,43,0,0.0
adult,1000,0,CTGAN,QI1,5,0.1,hours-per-week,1000,979,10,551,2,0.002
adult,1000,0,CTGAN,QI1,5,0.1,income,1000,979,173,0,0,0.0
adult,1000,0,CTGAN,QI1,5,0.1,_overall,1000,979,285,1000,12,0.012
adult,1000,0,RankSwap,QI1,5,0.1,workclass,1000,979,311,293,22,0.022
adult,1000,0,RankSwap,QI1,5,0.1,fnlwgt,1000,979,1,1000,1,0.001
adult,1000,0,RankSwap,QI1,5,0.1,education-num,1000,979,388,309,25,0.025
adult,1000,0,RankSwap,QI1,5,0.1,occupation,1000,979,168,262,22,0.022
adult,1000,0,RankSwap,QI1,5,0.1,relationship,1000,979,402,82,18,0.018
adult,1000,0,RankSwap,QI1,5,0.1,capital-gain,1000,979,413,84,0,0.0
adult,1000,0,RankSwap,QI1,5,0.1,capital-loss,1000,979,445,43,0,0.0
adult,1000,0,RankSwap,QI1,5,0.1,hours-per-week,1000,979,159,551,23,0.023
adult,1000,0,RankSwap,QI1,5,0.1,income,1000,979,379,0,0,0.0
adult,1000,0,RankSwap,QI1,5,0.1,_overall,1000,979,480,1000,87,0.087
adult,1000,0,Synthpop,QI1,5,0.1,workclass,1000,979,262,293,11,0.011
adult,1000,0,Synthpop,QI1,5,0.1,fnlwgt,1000,979,34,1000,33,0.033
adult,1000,0,Synthpop,QI1,5,0.1,education-num,1000,979,446,309,70,0.07
adult,1000,0,Synthpop,QI1,5,0.1,occupation,1000,979,120,262,16,0.016
adult,1000,0,Synthpop,QI1,5,0.1,relationship,1000,979,365,82,9,0.009
adult,1000,0,Synthpop,QI1,5,0.1,capital-gain,1000,979,375,84,0,0.0
adult,1000,0,Synthpop,QI1,5,0.1,capital-loss,1000,979,421,43,0,0.0
adult,1000,0,Synthpop,QI1,5,0.1,hours-per-week,1000,979,114,551,22,0.022
adult,1000,0,Synthpop,QI1,5,0.1,income,1000,979,332,0,0,0.0
adult,1000,0,Synthpop,QI1,5,0.1,_overall,1000,979,446,1000,124,0.124
adult,1000,0,TabDDPM,QI1,5,0.1,workclass,1000,979,635,293,145,0.145
adult,1000,0,TabDDPM,QI1,5,0.1,fnlwgt,1000,979,189,1000,188,0.188
adult,1000,0,TabDDPM,QI1,5,0.1,education-num,1000,979,735,309,198,0.198
adult,1000,0,TabDDPM,QI1,5,0.1,occupation,1000,979,547,262,116,0.116
adult,1000,0,TabDDPM,QI1,5,0.1,relationship,1000,979,694,82,54,0.054
adult,1000,0,TabDDPM,QI1,5,0.1,capital-gain,1000,979,696,84,26,0.026
adult,1000,0,TabDDPM,QI1,5,0.1,capital-loss,1000,979,714,43,20,0.02
adult,1000,0,TabDDPM,QI1,5,0.1,hours-per-week,1000,979,562,551,271,0.271
adult,1000,0,TabDDPM,QI1,5,0.1,income,1000,979,679,0,0,0.0
adult,1000,0,TabDDPM,QI1,5,0.1,_overall,1000,979,736,1000,497,0.497
adult,1000,0,TVAE,QI1,5,0.1,workclass,1000,979,292,293,0,0.0
adult,1000,0,TVAE,QI1,5,0.1,fnlwgt,1000,979,0,1000,0,0.0
adult,1000,0,TVAE,QI1,5,0.1,education-num,1000,979,370,309,14,0.014
adult,1000,0,TVAE,QI1,5,0.1,occupation,1000,979,106,262,0,0.0
adult,1000,0,TVAE,QI1,5,0.1,relationship,1000,979,327,82,1,0.001
adult,1000,0,TVAE,QI1,5,0.1,capital-gain,1000,979,287,84,0,0.0
adult,1000,0,TVAE,QI1,5,0.1,capital-loss,1000,979,348,43,0,0.0
adult,1000,0,TVAE,QI1,5,0.1,hours-per-week,1000,979,148,551,3,0.003
adult,1000,0,TVAE,QI1,5,0.1,income,1000,979,312,0,0,0.0
adult,1000,0,TVAE,QI1,5,0.1,_overall,1000,979,415,1000,17,0.017
adult,1000,1,ARF,QI1,5,0.1,workclass,1000,954,174,294,4,0.004
adult,1000,1,ARF,QI1,5,0.1,fnlwgt,1000,954,0,1000,0,0.0
adult,1000,1,ARF,QI1,5,0.1,education-num,1000,954,137,272,4,0.004
adult,1000,1,ARF,QI1,5,0.1,occupation,1000,954,25,381,7,0.007
adult,1000,1,ARF,QI1,5,0.1,relationship,1000,954,200,75,0,0.0
adult,1000,1,ARF,QI1,5,0.1,capital-gain,1000,954,170,95,0,0.0
adult,1000,1,ARF,QI1,5,0.1,capital-loss,1000,954,193,43,0,0.0
adult,1000,1,ARF,QI1,5,0.1,hours-per-week,1000,954,18,563,4,0.004
adult,1000,1,ARF,QI1,5,0.1,income,1000,954,205,0,0,0.0
adult,1000,1,ARF,QI1,5,0.1,_overall,1000,954,287,1000,19,0.019
adult,1000,1,CellSuppression,QI1,5,0.1,workclass,1000,954,694,294,132,0.132
adult,1000,1,CellSuppression,QI1,5,0.1,fnlwgt,1000,954,505,1000,498,0.498
adult,1000,1,CellSuppression,QI1,5,0.1,education-num,1000,954,788,272,215,0.215
adult,1000,1,CellSuppression,QI1,5,0.1,occupation,1000,954,569,381,173,0.173
adult,1000,1,CellSuppression,QI1,5,0.1,relationship,1000,954,741,75,45,0.045
adult,1000,1,CellSuppression,QI1,5,0.1,capital-gain,1000,954,752,95,36,0.036
adult,1000,1,CellSuppression,QI1,5,0.1,capital-loss,1000,954,767,43,18,0.018
adult,1000,1,CellSuppression,QI1,5,0.1,hours-per-week,1000,954,587,563,283,0.283
adult,1000,1,CellSuppression,QI1,5,0.1,income,1000,954,725,0,0,0.0
adult,1000,1,CellSuppression,QI1,5,0.1,_overall,1000,954,788,1000,599,0.599
adult,1000,1,CTGAN,QI1,5,0.1,workclass,1000,954,129,294,6,0.006
adult,1000,1,CTGAN,QI1,5,0.1,fnlwgt,1000,954,0,1000,0,0.0
adult,1000,1,CTGAN,QI1,5,0.1,education-num,1000,954,50,272,4,0.004
adult,1000,1,CTGAN,QI1,5,0.1,occupation,1000,954,35,381,10,0.01
adult,1000,1,CTGAN,QI1,5,0.1,relationship,1000,954,108,75,0,0.0
adult,1000,1,CTGAN,QI1,5,0.1,capital-gain,1000,954,191,95,0,0.0
adult,1000,1,CTGAN,QI1,5,0.1,capital-loss,1000,954,79,43,0,0.0
adult,1000,1,CTGAN,QI1,5,0.1,hours-per-week,1000,954,16,563,3,0.003
adult,1000,1,CTGAN,QI1,5,0.1,income,1000,954,144,0,0,0.0
adult,1000,1,CTGAN,QI1,5,0.1,_overall,1000,954,267,1000,22,0.022
adult,1000,1,RankSwap,QI1,5,0.1,workclass,1000,954,350,294,27,0.027
adult,1000,1,RankSwap,QI1,5,0.1,fnlwgt,1000,954,0,1000,0,0.0
adult,1000,1,RankSwap,QI1,5,0.1,education-num,1000,954,445,272,22,0.022
adult,1000,1,RankSwap,QI1,5,0.1,occupation,1000,954,156,381,33,0.033
adult,1000,1,RankSwap,QI1,5,0.1,relationship,1000,954,419,75,12,0.012
adult,1000,1,RankSwap,QI1,5,0.1,capital-gain,1000,954,440,95,0,0.0
adult,1000,1,RankSwap,QI1,5,0.1,capital-loss,1000,954,470,43,0,0.0
adult,1000,1,RankSwap,QI1,5,0.1,hours-per-week,1000,954,144,563,18,0.018
adult,1000,1,RankSwap,QI1,5,0.1,income,1000,954,401,0,0,0.0
adult,1000,1,RankSwap,QI1,5,0.1,_overall,1000,954,503,1000,86,0.086
adult,1000,1,Synthpop,QI1,5,0.1,workclass,1000,954,317,294,9,0.009
adult,1000,1,Synthpop,QI1,5,0.1,fnlwgt,1000,954,33,1000,31,0.031
adult,1000,1,Synthpop,QI1,5,0.1,education-num,1000,954,476,272,61,0.061
adult,1000,1,Synthpop,QI1,5,0.1,occupation,1000,954,129,381,26,0.026
adult,1000,1,Synthpop,QI1,5,0.1,relationship,1000,954,398,75,8,0.008
adult,1000,1,Synthpop,QI1,5,0.1,capital-gain,1000,954,423,95,3,0.003
adult,1000,1,Synthpop,QI1,5,0.1,capital-loss,1000,954,449,43,0,0.0
adult,1000,1,Synthpop,QI1,5,0.1,hours-per-week,1000,954,122,563,21,0.021
adult,1000,1,Synthpop,QI1,5,0.1,income,1000,954,382,0,0,0.0
adult,1000,1,Synthpop,QI1,5,0.1,_overall,1000,954,476,1000,122,0.122
adult,1000,1,TabDDPM,QI1,5,0.1,workclass,1000,954,647,294,140,0.14
adult,1000,1,TabDDPM,QI1,5,0.1,fnlwgt,1000,954,146,1000,145,0.145
adult,1000,1,TabDDPM,QI1,5,0.1,education-num,1000,954,754,272,171,0.171
adult,1000,1,TabDDPM,QI1,5,0.1,occupation,1000,954,515,381,167,0.167
adult,1000,1,TabDDPM,QI1,5,0.1,relationship,1000,954,701,75,43,0.043
adult,1000,1,TabDDPM,QI1,5,0.1,capital-gain,1000,954,708,95,32,0.032
adult,1000,1,TabDDPM,QI1,5,0.1,capital-loss,1000,954,735,43,13,0.013
adult,1000,1,TabDDPM,QI1,5,0.1,hours-per-week,1000,954,539,563,275,0.275
adult,1000,1,TabDDPM,QI1,5,0.1,income,1000,954,688,0,0,0.0
adult,1000,1,TabDDPM,QI1,5,0.1,_overall,1000,954,754,1000,465,0.465
adult,1000,1,TVAE,QI1,5,0.1,workclass,1000,954,290,294,0,0.0
adult,1000,1,TVAE,QI1,5,0.1,fnlwgt,1000,954,0,1000,0,0.0
adult,1000,1,TVAE,QI1,5,0.1,education-num,1000,954,381,272,6,0.006
adult,1000,1,TVAE,QI1,5,0.1,occupation,1000,954,98,381,8,0.008
adult,1000,1,TVAE,QI1,5,0.1,relationship,1000,954,325,75,0,0.0
adult,1000,1,TVAE,QI1,5,0.1,capital-gain,1000,954,315,95,0,0.0
adult,1000,1,TVAE,QI1,5,0.1,capital-loss,1000,954,341,43,0,0.0
adult,1000,1,TVAE,QI1,5,0.1,hours-per-week,1000,954,126,563,2,0.002
adult,1000,1,TVAE,QI1,5,0.1,income,1000,954,301,0,0,0.0
adult,1000,1,TVAE,QI1,5,0.1,_overall,1000,954,402,1000,15,0.015
adult,1000,2,ARF,QI1,5,0.1,workclass,1000,953,113,302,1,0.001
adult,1000,2,ARF,QI1,5,0.1,fnlwgt,1000,953,0,1000,0,0.0
adult,1000,2,ARF,QI1,5,0.1,education-num,1000,953,106,304,3,0.003
adult,1000,2,ARF,QI1,5,0.1,occupation,1000,953,23,280,4,0.004
adult,1000,2,ARF,QI1,5,0.1,relationship,1000,953,162,82,0,0.0
adult,1000,2,ARF,QI1,5,0.1,capital-gain,1000,953,153,81,0,0.0
adult,1000,2,ARF,QI1,5,0.1,capital-loss,1000,953,161,49,0,0.0
adult,1000,2,ARF,QI1,5,0.1,hours-per-week,1000,953,25,503,4,0.004
adult,1000,2,ARF,QI1,5,0.1,income,1000,953,167,0,0,0.0
adult,1000,2,ARF,QI1,5,0.1,_overall,1000,953,232,1000,12,0.012
adult,1000,2,CellSuppression,QI1,5,0.1,workclass,1000,953,649,302,125,0.125
adult,1000,2,CellSuppression,QI1,5,0.1,fnlwgt,1000,953,508,1000,501,0.501
adult,1000,2,CellSuppression,QI1,5,0.1,education-num,1000,953,757,304,208,0.208
adult,1000,2,CellSuppression,QI1,5,0.1,occupation,1000,953,564,280,134,0.134
adult,1000,2,CellSuppression,QI1,5,0.1,relationship,1000,953,711,82,48,0.048
adult,1000,2,CellSuppression,QI1,5,0.1,capital-gain,1000,953,730,81,31,0.031
adult,1000,2,CellSuppression,QI1,5,0.1,capital-loss,1000,953,737,49,21,0.021
adult,1000,2,CellSuppression,QI1,5,0.1,hours-per-week,1000,953,593,503,241,0.241
adult,1000,2,CellSuppression,QI1,5,0.1,income,1000,953,708,0,0,0.0
adult,1000,2,CellSuppression,QI1,5,0.1,_overall,1000,953,757,1000,574,0.574
adult,1000,2,CTGAN,QI1,5,0.1,workclass,1000,953,126,302,2,0.002
adult,1000,2,CTGAN,QI1,5,0.1,fnlwgt,1000,953,0,1000,0,0.0
adult,1000,2,CTGAN,QI1,5,0.1,education-num,1000,953,90,304,1,0.001
adult,1000,2,CTGAN,QI1,5,0.1,occupation,1000,953,25,280,3,0.003
adult,1000,2,CTGAN,QI1,5,0.1,relationship,1000,953,77,82,0,0.0
adult,1000,2,CTGAN,QI1,5,0.1,capital-gain,1000,953,134,81,0,0.0
adult,1000,2,CTGAN,QI1,5,0.1,capital-loss,1000,953,241,49,0,0.0
adult,1000,2,CTGAN,QI1,5,0.1,hours-per-week,1000,953,18,503,0,0.0
adult,1000,2,CTGAN,QI1,5,0.1,income,1000,953,151,0,0,0.0
adult,1000,2,CTGAN,QI1,5,0.1,_overall,1000,953,275,1000,6,0.006
adult,1000,2,RankSwap,QI1,5,0.1,workclass,1000,953,296,302,29,0.029
adult,1000,2,RankSwap,QI1,5,0.1,fnlwgt,1000,953,0,1000,0,0.0
adult,1000,2,RankSwap,QI1,5,0.1,education-num,1000,953,374,304,20,0.02
adult,1000,2,RankSwap,QI1,5,0.1,occupation,1000,953,158,280,24,0.024
adult,1000,2,RankSwap,QI1,5,0.1,relationship,1000,953,393,82,20,0.02
adult,1000,2,RankSwap,QI1,5,0.1,capital-gain,1000,953,421,81,0,0.0
adult,1000,2,RankSwap,QI1,5,0.1,capital-loss,1000,953,433,49,0,0.0
adult,1000,2,RankSwap,QI1,5,0.1,hours-per-week,1000,953,190,503,23,0.023
adult,1000,2,RankSwap,QI1,5,0.1,income,1000,953,344,0,0,0.0
adult,1000,2,RankSwap,QI1,5,0.1,_overall,1000,953,460,1000,94,0.094
adult,1000,2,Synthpop,QI1,5,0.1,workclass,1000,953,243,302,11,0.011
adult,1000,2,Synthpop,QI1,5,0.1,fnlwgt,1000,953,37,1000,33,0.033
adult,1000,2,Synthpop,QI1,5,0.1,education-num,1000,953,436,304,53,0.053
adult,1000,2,Synthpop,QI1,5,0.1,occupation,1000,953,102,280,10,0.01
adult,1000,2,Synthpop,QI1,5,0.1,relationship,1000,953,348,82,7,0.007
adult,1000,2,Synthpop,QI1,5,0.1,capital-gain,1000,953,394,81,2,0.002
adult,1000,2,Synthpop,QI1,5,0.1,capital-loss,1000,953,399,49,1,0.001
adult,1000,2,Synthpop,QI1,5,0.1,hours-per-week,1000,953,168,503,17,0.017
adult,1000,2,Synthpop,QI1,5,0.1,income,1000,953,329,0,0,0.0
adult,1000,2,Synthpop,QI1,5,0.1,_overall,1000,953,436,1000,103,0.103
adult,1000,2,TabDDPM,QI1,5,0.1,workclass,1000,953,637,302,148,0.148
adult,1000,2,TabDDPM,QI1,5,0.1,fnlwgt,1000,953,194,1000,190,0.19
adult,1000,2,TabDDPM,QI1,5,0.1,education-num,1000,953,752,304,184,0.184
adult,1000,2,TabDDPM,QI1,5,0.1,occupation,1000,953,543,280,133,0.133
adult,1000,2,TabDDPM,QI1,5,0.1,relationship,1000,953,693,82,47,0.047
adult,1000,2,TabDDPM,QI1,5,0.1,capital-gain,1000,953,723,81,35,0.035
adult,1000,2,TabDDPM,QI1,5,0.1,capital-loss,1000,953,729,49,23,0.023
adult,1000,2,TabDDPM,QI1,5,0.1,hours-per-week,1000,953,574,503,252,0.252
adult,1000,2,TabDDPM,QI1,5,0.1,income,1000,953,697,0,0,0.0
adult,1000,2,TabDDPM,QI1,5,0.1,_overall,1000,953,752,1000,495,0.495
adult,1000,2,TVAE,QI1,5,0.1,workclass,1000,953,302,302,0,0.0
adult,1000,2,TVAE,QI1,5,0.1,fnlwgt,1000,953,0,1000,0,0.0
adult,1000,2,TVAE,QI1,5,0.1,education-num,1000,953,379,304,4,0.004
adult,1000,2,TVAE,QI1,5,0.1,occupation,1000,953,94,280,0,0.0
adult,1000,2,TVAE,QI1,5,0.1,relationship,1000,953,332,82,0,0.0
adult,1000,2,TVAE,QI1,5,0.1,capital-gain,1000,953,316,81,0,0.0
adult,1000,2,TVAE,QI1,5,0.1,capital-loss,1000,953,353,49,0,0.0
adult,1000,2,TVAE,QI1,5,0.1,hours-per-week,1000,953,180,503,0,0.0
adult,1000,2,TVAE,QI1,5,0.1,income,1000,953,307,0,0,0.0
adult,1000,2,TVAE,QI1,5,0.1,_overall,1000,953,418,1000,4,0.004
adult,1000,3,ARF,QI1,5,0.1,workclass,1000,946,159,287,4,0.004
adult,1000,3,ARF,QI1,5,0.1,fnlwgt,1000,946,0,1000,0,0.0
adult,1000,3,ARF,QI1,5,0.1,education-num,1000,946,163,262,5,0.005
adult,1000,3,ARF,QI1,5,0.1,occupation,1000,946,30,262,4,0.004
adult,1000,3,ARF,QI1,5,0.1,relationship,1000,946,213,66,2,0.002
adult,1000,3,ARF,QI1,5,0.1,capital-gain,1000,946,186,85,0,0.0
adult,1000,3,ARF,QI1,5,0.1,capital-loss,1000,946,226,35,0,0.0
adult,1000,3,ARF,QI1,5,0.1,hours-per-week,1000,946,13,515,1,0.001
adult,1000,3,ARF,QI1,5,0.1,income,1000,946,217,0,0,0.0
adult,1000,3,ARF,QI1,5,0.1,_overall,1000,946,285,1000,16,0.016
adult,1000,3,CellSuppression,QI1,5,0.1,workclass,1000,946,659,287,127,0.127
adult,1000,3,CellSuppression,QI1,5,0.1,fnlwgt,1000,946,474,1000,466,0.466
adult,1000,3,CellSuppression,QI1,5,0.1,education-num,1000,946,749,262,193,0.193
adult,1000,3,CellSuppression,QI1,5,0.1,occupation,1000,946,534,262,104,0.104
adult,1000,3,CellSuppression,QI1,5,0.1,relationship,1000,946,696,66,34,0.034
adult,1000,3,CellSuppression,QI1,5,0.1,capital-gain,1000,946,726,85,32,0.032
adult,1000,3,CellSuppression,QI1,5,0.1,capital-loss,1000,946,734,35,10,0.01
adult,1000,3,CellSuppression,QI1,5,0.1,hours-per-week,1000,946,564,515,232,0.232
adult,1000,3,CellSuppression,QI1,5,0.1,income,1000,946,690,0,0,0.0
adult,1000,3,CellSuppression,QI1,5,0.1,_overall,1000,946,749,1000,541,0.541
adult,1000,3,CTGAN,QI1,5,0.1,workclass,1000,946,163,287,5,0.005
adult,1000,3,CTGAN,QI1,5,0.1,fnlwgt,1000,946,0,1000,0,0.0
adult,1000,3,CTGAN,QI1,5,0.1,education-num,1000,946,68,262,1,0.001
adult,1000,3,CTGAN,QI1,5,0.1,occupation,1000,946,28,262,3,0.003
adult,1000,3,CTGAN,QI1,5,0.1,relationship,1000,946,79,66,0,0.0
adult,1000,3,CTGAN,QI1,5,0.1,capital-gain,1000,946,21,85,0,0.0
adult,1000,3,CTGAN,QI1,5,0.1,capital-loss,1000,946,240,35,0,0.0
adult,1000,3,CTGAN,QI1,5,0.1,hours-per-week,1000,946,34,515,0,0.0
adult,1000,3,CTGAN,QI1,5,0.1,income,1000,946,159,0,0,0.0
adult,1000,3,CTGAN,QI1,5,0.1,_overall,1000,946,259,1000,8,0.008
adult,1000,3,RankSwap,QI1,5,0.1,workclass,1000,946,354,287,30,0.03
adult,1000,3,RankSwap,QI1,5,0.1,fnlwgt,1000,946,0,1000,0,0.0
adult,1000,3,RankSwap,QI1,5,0.1,education-num,1000,946,418,262,16,0.016
adult,1000,3,RankSwap,QI1,5,0.1,occupation,1000,946,196,262,27,0.027
adult,1000,3,RankSwap,QI1,5,0.1,relationship,1000,946,433,66,10,0.01
adult,1000,3,RankSwap,QI1,5,0.1,capital-gain,1000,946,463,85,0,0.0
adult,1000,3,RankSwap,QI1,5,0.1,capital-loss,1000,946,480,35,0,0.0
adult,1000,3,RankSwap,QI1,5,0.1,hours-per-week,1000,946,170,515,17,0.017
adult,1000,3,RankSwap,QI1,5,0.1,income,1000,946,397,0,0,0.0
adult,1000,3,RankSwap,QI1,5,0.1,_overall,1000,946,509,1000,81,0.081
adult,1000,3,Synthpop,QI1,5,0.1,workclass,1000,946,293,287,12,0.012
adult,1000,3,Synthpop,QI1,5,0.1,fnlwgt,1000,946,43,1000,42,0.042
adult,1000,3,Synthpop,QI1,5,0.1,education-num,1000,946,466,262,51,0.051
adult,1000,3,Synthpop,QI1,5,0.1,occupation,1000,946,121,262,14,0.014
adult,1000,3,Synthpop,QI1,5,0.1,relationship,1000,946,363,66,3,0.003
adult,1000,3,Synthpop,QI1,5,0.1,capital-gain,1000,946,425,85,0,0.0
adult,1000,3,Synthpop,QI1,5,0.1,capital-loss,1000,946,442,35,0,0.0
adult,1000,3,Synthpop,QI1,5,0.1,hours-per-week,1000,946,134,515,13,0.013
adult,1000,3,Synthpop,QI1,5,0.1,income,1000,946,369,0,0,0.0
adult,1000,3,Synthpop,QI1,5,0.1,_overall,1000,946,466,1000,105,0.105
adult,1000,3,TabDDPM,QI1,5,0.1,workclass,1000,946,651,287,153,0.153
adult,1000,3,TabDDPM,QI1,5,0.1,fnlwgt,1000,946,178,1000,176,0.176
adult,1000,3,TabDDPM,QI1,5,0.1,education-num,1000,946,755,262,170,0.17
adult,1000,3,TabDDPM,QI1,5,0.1,occupation,1000,946,531,262,131,0.131
adult,1000,3,TabDDPM,QI1,5,0.1,relationship,1000,946,693,66,43,0.043
adult,1000,3,TabDDPM,QI1,5,0.1,capital-gain,1000,946,726,85,41,0.041
adult,1000,3,TabDDPM,QI1,5,0.1,capital-loss,1000,946,738,35,15,0.015
adult,1000,3,TabDDPM,QI1,5,0.1,hours-per-week,1000,946,558,515,231,0.231
adult,1000,3,TabDDPM,QI1,5,0.1,income,1000,946,692,0,0,0.0
adult,1000,3,TabDDPM,QI1,5,0.1,_overall,1000,946,755,1000,473,0.473
adult,1000,3,TVAE,QI1,5,0.1,workclass,1000,946,327,287,0,0.0
adult,1000,3,TVAE,QI1,5,0.1,fnlwgt,1000,946,0,1000,0,0.0
adult,1000,3,TVAE,QI1,5,0.1,education-num,1000,946,428,262,9,0.009
adult,1000,3,TVAE,QI1,5,0.1,occupation,1000,946,115,262,3,0.003
adult,1000,3,TVAE,QI1,5,0.1,relationship,1000,946,342,66,0,0.0
adult,1000,3,TVAE,QI1,5,0.1,capital-gain,1000,946,347,85,0,0.0
adult,1000,3,TVAE,QI1,5,0.1,capital-loss,1000,946,365,35,0,0.0
adult,1000,3,TVAE,QI1,5,0.1,hours-per-week,1000,946,185,515,1,0.001
adult,1000,3,TVAE,QI1,5,0.1,income,1000,946,356,0,0,0.0
adult,1000,3,TVAE,QI1,5,0.1,_overall,1000,946,453,1000,13,0.013
adult,1000,4,ARF,QI1,5,0.1,workclass,1000,952,129,289,3,0.003
adult,1000,4,ARF,QI1,5,0.1,fnlwgt,1000,952,0,1000,0,0.0
adult,1000,4,ARF,QI1,5,0.1,education-num,1000,952,117,301,1,0.001
adult,1000,4,ARF,QI1,5,0.1,occupation,1000,952,37,263,7,0.007
adult,1000,4,ARF,QI1,5,0.1,relationship,1000,952,136,80,3,0.003
adult,1000,4,ARF,QI1,5,0.1,capital-gain,1000,952,135,74,0,0.0
adult,1000,4,ARF,QI1,5,0.1,capital-loss,1000,952,154,43,0,0.0
adult,1000,4,ARF,QI1,5,0.1,hours-per-week,1000,952,15,542,3,0.003
adult,1000,4,ARF,QI1,5,0.1,income,1000,952,156,0,0,0.0
adult,1000,4,ARF,QI1,5,0.1,_overall,1000,952,206,1000,16,0.016
adult,1000,4,CellSuppression,QI1,5,0.1,workclass,1000,952,662,289,130,0.13
adult,1000,4,CellSuppression,QI1,5,0.1,fnlwgt,1000,952,496,1000,489,0.489
adult,1000,4,CellSuppression,QI1,5,0.1,education-num,1000,952,753,301,235,0.235
adult,1000,4,CellSuppression,QI1,5,0.1,occupation,1000,952,547,263,119,0.119
adult,1000,4,CellSuppression,QI1,5,0.1,relationship,1000,952,693,80,45,0.045
adult,1000,4,CellSuppression,QI1,5,0.1,capital-gain,1000,952,724,74,31,0.031
adult,1000,4,CellSuppression,QI1,5,0.1,capital-loss,1000,952,737,43,20,0.02
adult,1000,4,CellSuppression,QI1,5,0.1,hours-per-week,1000,952,581,542,268,0.268
adult,1000,4,CellSuppression,QI1,5,0.1,income,1000,952,713,0,0,0.0
adult,1000,4,CellSuppression,QI1,5,0.1,_overall,1000,952,753,1000,586,0.586
adult,1000,4,CTGAN,QI1,5,0.1,workclass,1000,952,112,289,3,0.003
adult,1000,4,CTGAN,QI1,5,0.1,fnlwgt,1000,952,0,1000,0,0.0
adult,1000,4,CTGAN,QI1,5,0.1,education-num,1000,952,28,301,0,0.0
adult,1000,4,CTGAN,QI1,5,0.1,occupation,1000,952,23,263,1,0.001
adult,1000,4,CTGAN,QI1,5,0.1,relationship,1000,952,37,80,0,0.0
adult,1000,4,CTGAN,QI1,5,0.1,capital-gain,1000,952,38,74,0,0.0
adult,1000,4,CTGAN,QI1,5,0.1,capital-loss,1000,952,143,43,0,0.0
adult,1000,4,CTGAN,QI1,5,0.1,hours-per-week,1000,952,16,542,2,0.002
adult,1000,4,CTGAN,QI1,5,0.1,income,1000,952,136,0,0,0.0
adult,1000,4,CTGAN,QI1,5,0.1,_overall,1000,952,190,1000,6,0.006
adult,1000,4,RankSwap,QI1,5,0.1,workclass,1000,952,314,289,36,0.036
adult,1000,4,RankSwap,QI1,5,0.1,fnlwgt,1000,952,2,1000,2,0.002
adult,1000,4,RankSwap,QI1,5,0.1,education-num,1000,952,386,301,28,0.028
adult,1000,4,RankSwap,QI1,5,0.1,occupation,1000,952,191,263,36,0.036
adult,1000,4,RankSwap,QI1,5,0.1,relationship,1000,952,399,80,19,0.019
adult,1000,4,RankSwap,QI1,5,0.1,capital-gain,1000,952,433,74,0,0.0
adult,1000,4,RankSwap,QI1,5,0.1,capital-loss,1000,952,462,43,0,0.0
adult,1000,4,RankSwap,QI1,5,0.1,hours-per-week,1000,952,183,542,31,0.031
adult,1000,4,RankSwap,QI1,5,0.1,income,1000,952,397,0,0,0.0
adult,1000,4,RankSwap,QI1,5,0.1,_overall,1000,952,486,1000,114,0.114
adult,1000,4,Synthpop,QI1,5,0.1,workclass,1000,952,298,289,14,0.014
adult,1000,4,Synthpop,QI1,5,0.1,fnlwgt,1000,952,36,1000,35,0.035
adult,1000,4,Synthpop,QI1,5,0.1,education-num,1000,952,456,301,68,0.068
adult,1000,4,Synthpop,QI1,5,0.1,occupation,1000,952,110,263,15,0.015
adult,1000,4,Synthpop,QI1,5,0.1,relationship,1000,952,365,80,9,0.009
adult,1000,4,Synthpop,QI1,5,0.1,capital-gain,1000,952,411,74,1,0.001
adult,1000,4,Synthpop,QI1,5,0.1,capital-loss,1000,952,427,43,0,0.0
adult,1000,4,Synthpop,QI1,5,0.1,hours-per-week,1000,952,135,542,24,0.024
adult,1000,4,Synthpop,QI1,5,0.1,income,1000,952,352,0,0,0.0
adult,1000,4,Synthpop,QI1,5,0.1,_overall,1000,952,456,1000,130,0.13
adult,1000,4,TabDDPM,QI1,5,0.1,workclass,1000,952,640,289,135,0.135
adult,1000,4,TabDDPM,QI1,5,0.1,fnlwgt,1000,952,151,1000,148,0.148
adult,1000,4,TabDDPM,QI1,5,0.1,education-num,1000,952,734,301,192,0.192
adult,1000,4,TabDDPM,QI1,5,0.1,occupation,1000,952,525,263,120,0.12
adult,1000,4,TabDDPM,QI1,5,0.1,relationship,1000,952,666,80,46,0.046
adult,1000,4,TabDDPM,QI1,5,0.1,capital-gain,1000,952,708,74,31,0.031
adult,1000,4,TabDDPM,QI1,5,0.1,capital-loss,1000,952,718,43,22,0.022
adult,1000,4,TabDDPM,QI1,5,0.1,hours-per-week,1000,952,555,542,267,0.267
adult,1000,4,TabDDPM,QI1,5,0.1,income,1000,952,686,0,0,0.0
adult,1000,4,TabDDPM,QI1,5,0.1,_overall,1000,952,734,1000,479,0.479
adult,1000,4,TVAE,QI1,5,0.1,workclass,1000,952,286,289,0,0.0
adult,1000,4,TVAE,QI1,5,0.1,fnlwgt,1000,952,0,1000,0,0.0
adult,1000,4,TVAE,QI1,5,0.1,education-num,1000,952,374,301,10,0.01
adult,1000,4,TVAE,QI1,5,0.1,occupation,1000,952,102,263,6,0.006
adult,1000,4,TVAE,QI1,5,0.1,relationship,1000,952,308,80,0,0.0
adult,1000,4,TVAE,QI1,5,0.1,capital-gain,1000,952,287,74,0,0.0
adult,1000,4,TVAE,QI1,5,0.1,capital-loss,1000,952,323,43,0,0.0
adult,1000,4,TVAE,QI1,5,0.1,hours-per-week,1000,952,162,542,3,0.003
adult,1000,4,TVAE,QI1,5,0.1,income,1000,952,313,0,0,0.0
adult,1000,4,TVAE,QI1,5,0.1,_overall,1000,952,407,1000,19,0.019
adult,10000,0,ARF,QI1,5,0.1,workclass,10000,5206,4498,2962,41,0.0041
adult,10000,0,ARF,QI1,5,0.1,fnlwgt,10000,5206,0,10000,0,0.0
adult,10000,0,ARF,QI1,5,0.1,education-num,10000,5206,5611,2870,270,0.027
adult,10000,0,ARF,QI1,5,0.1,occupation,10000,5206,853,2783,36,0.0036
adult,10000,0,ARF,QI1,5,0.1,relationship,10000,5206,5074,756,75,0.0075
adult,10000,0,ARF,QI1,5,0.1,capital-gain,10000,5206,6057,829,0,0.0
adult,10000,0,ARF,QI1,5,0.1,capital-loss,10000,5206,6487,444,0,0.0
adult,10000,0,ARF,QI1,5,0.1,hours-per-week,10000,5206,686,5344,25,0.0025
adult,10000,0,ARF,QI1,5,0.1,income,10000,5206,5278,0,0,0.0
adult,10000,0,ARF,QI1,5,0.1,_overall,10000,5206,6999,10000,417,0.0417
adult,10000,0,CellSuppression,QI1,5,0.1,workclass,10000,5206,7565,2962,958,0.0958
adult,10000,0,CellSuppression,QI1,5,0.1,fnlwgt,10000,5206,3496,10000,3122,0.3122
adult,10000,0,CellSuppression,QI1,5,0.1,education-num,10000,5206,9575,2870,2291,0.2291
adult,10000,0,CellSuppression,QI1,5,0.1,occupation,10000,5206,5181,2783,895,0.0895
adult,10000,0,CellSuppression,QI1,5,0.1,relationship,10000,5206,8400,756,538,0.0538
adult,10000,0,CellSuppression,QI1,5,0.1,capital-gain,10000,5206,8958,829,182,0.0182
adult,10000,0,CellSuppression,QI1,5,0.1,capital-loss,10000,5206,9241,444,93,0.0093
adult,10000,0,CellSuppression,QI1,5,0.1,hours-per-week,10000,5206,5883,5344,1580,0.158
adult,10000,0,CellSuppression,QI1,5,0.1,income,10000,5206,8357,0,0,0.0
adult,10000,0,CellSuppression,QI1,5,0.1,_overall,10000,5206,9575,10000,4163,0.4163
adult,10000,0,CTGAN,QI1,5,0.1,workclass,10000,5206,3984,2962,93,0.0093
adult,10000,0,CTGAN,QI1,5,0.1,fnlwgt,10000,5206,1,10000,1,0.0001
adult,10000,0,CTGAN,QI1,5,0.1,education-num,10000,5206,6064,2870,398,0.0398
adult,10000,0,CTGAN,QI1,5,0.1,occupation,10000,5206,1265,2783,44,0.0044
adult,10000,0,CTGAN,QI1,5,0.1,relationship,10000,5206,4917,756,88,0.0088
adult,10000,0,CTGAN,QI1,5,0.1,capital-gain,10000,5206,5042,829,0,0.0
adult,10000,0,CTGAN,QI1,5,0.1,capital-loss,10000,5206,5581,444,0,0.0
adult,10000,0,CTGAN,QI1,5,0.1,hours-per-week,10000,5206,2012,5344,21,0.0021
adult,10000,0,CTGAN,QI1,5,0.1,income,10000,5206,5085,0,0,0.0
adult,10000,0,CTGAN,QI1,5,0.1,_overall,10000,5206,6941,10000,585,0.0585
adult,10000,0,RankSwap,QI1,5,0.1,workclass,10000,5206,4877,2962,175,0.0175
adult,10000,0,RankSwap,QI1,5,0.1,fnlwgt,10000,5206,0,10000,0,0.0
adult,10000,0,RankSwap,QI1,5,0.1,education-num,10000,5206,6168,2870,369,0.0369
adult,10000,0,RankSwap,QI1,5,0.1,occupation,10000,5206,2094,2783,147,0.0147
adult,10000,0,RankSwap,QI1,5,0.1,relationship,10000,5206,5802,756,292,0.0292
adult,10000,0,RankSwap,QI1,5,0.1,capital-gain,10000,5206,6538,829,0,0.0
adult,10000,0,RankSwap,QI1,5,0.1,capital-loss,10000,5206,6883,444,0,0.0
adult,10000,0,RankSwap,QI1,5,0.1,hours-per-week,10000,5206,2939,5344,101,0.0101
adult,10000,0,RankSwap,QI1,5,0.1,income,10000,5206,5754,0,0,0.0
adult,10000,0,RankSwap,QI1,5,0.1,_overall,10000,5206,7250,10000,912,0.0912
adult,10000,0,Synthpop,QI1,5,0.1,workclass,10000,5206,4977,2962,120,0.012
adult,10000,0,Synthpop,QI1,5,0.1,fnlwgt,10000,5206,158,10000,87,0.0087
adult,10000,0,Synthpop,QI1,5,0.1,education-num,10000,5206,7482,2870,1093,0.1093
adult,10000,0,Synthpop,QI1,5,0.1,occupation,10000,5206,1974,2783,95,0.0095
adult,10000,0,Synthpop,QI1,5,0.1,relationship,10000,5206,5899,756,242,0.0242
adult,10000,0,Synthpop,QI1,5,0.1,capital-gain,10000,5206,6771,829,8,0.0008
adult,10000,0,Synthpop,QI1,5,0.1,capital-loss,10000,5206,7092,444,1,0.0001
adult,10000,0,Synthpop,QI1,5,0.1,hours-per-week,10000,5206,2840,5344,65,0.0065
adult,10000,0,Synthpop,QI1,5,0.1,income,10000,5206,5938,0,0,0.0
adult,10000,0,Synthpop,QI1,5,0.1,_overall,10000,5206,7482,10000,1424,0.1424
adult,10000,0,TabDDPM,QI1,5,0.1,workclass,10000,5206,6550,2962,699,0.0699
adult,10000,0,TabDDPM,QI1,5,0.1,fnlwgt,10000,5206,77,10000,61,0.0061
adult,10000,0,TabDDPM,QI1,5,0.1,education-num,10000,5206,8648,2870,1718,0.1718
adult,10000,0,TabDDPM,QI1,5,0.1,occupation,10000,5206,3999,2783,629,0.0629
adult,10000,0,TabDDPM,QI1,5,0.1,relationship,10000,5206,7416,756,427,0.0427
adult,10000,0,TabDDPM,QI1,5,0.1,capital-gain,10000,5206,7959,829,89,0.0089
adult,10000,0,TabDDPM,QI1,5,0.1,capital-loss,10000,5206,8304,444,50,0.005
adult,10000,0,TabDDPM,QI1,5,0.1,hours-per-week,10000,5206,4695,5344,1069,0.1069
adult,10000,0,TabDDPM,QI1,5,0.1,income,10000,5206,7313,0,0,0.0
adult,10000,0,TabDDPM,QI1,5,0.1,_overall,10000,5206,8669,10000,2760,0.276
adult,10000,0,TVAE,QI1,5,0.1,workclass,10000,5206,4361,2962,68,0.0068
adult,10000,0,TVAE,QI1,5,0.1,fnlwgt,10000,5206,0,10000,0,0.0
adult,10000,0,TVAE,QI1,5,0.1,education-num,10000,5206,6094,2870,854,0.0854
adult,10000,0,TVAE,QI1,5,0.1,occupation,10000,5206,1660,2783,24,0.0024
adult,10000,0,TVAE,QI1,5,0.1,relationship,10000,5206,5174,756,176,0.0176
adult,10000,0,TVAE,QI1,5,0.1,capital-gain,10000,5206,5378,829,0,0.0
adult,10000,0,TVAE,QI1,5,0.1,capital-loss,10000,5206,5900,444,0,0.0
adult,10000,0,TVAE,QI1,5,0.1,hours-per-week,10000,5206,2922,5344,3,0.0003
adult,10000,0,TVAE,QI1,5,0.1,income,10000,5206,5117,0,0,0.0
adult,10000,0,TVAE,QI1,5,0.1,_overall,10000,5206,6559,10000,1030,0.103
adult,10000,1,ARF,QI1,5,0.1,workclass,10000,5112,4523,2943,45,0.0045
adult,10000,1,ARF,QI1,5,0.1,fnlwgt,10000,5112,0,10000,0,0.0
adult,10000,1,ARF,QI1,5,0.1,education-num,10000,5112,5431,2861,278,0.0278
adult,10000,1,ARF,QI1,5,0.1,occupation,10000,5112,699,2767,35,0.0035
adult,10000,1,ARF,QI1,5,0.1,relationship,10000,5112,5150,749,72,0.0072
adult,10000,1,ARF,QI1,5,0.1,capital-gain,10000,5112,5927,816,0,0.0
adult,10000,1,ARF,QI1,5,0.1,capital-loss,10000,5112,6387,483,0,0.0
adult,10000,1,ARF,QI1,5,0.1,hours-per-week,10000,5112,843,5392,23,0.0023
adult,10000,1,ARF,QI1,5,0.1,income,10000,5112,5296,0,0,0.0
adult,10000,1,ARF,QI1,5,0.1,_overall,10000,5112,6912,10000,427,0.0427
adult,10000,1,CellSuppression,QI1,5,0.1,workclass,10000,5112,7593,2943,951,0.0951
adult,10000,1,CellSuppression,QI1,5,0.1,fnlwgt,10000,5112,3471,10000,3090,0.309
adult,10000,1,CellSuppression,QI1,5,0.1,education-num,10000,5112,9589,2861,2216,0.2216
adult,10000,1,CellSuppression,QI1,5,0.1,occupation,10000,5112,5200,2767,866,0.0866
adult,10000,1,CellSuppression,QI1,5,0.1,relationship,10000,5112,8410,749,498,0.0498
adult,10000,1,CellSuppression,QI1,5,0.1,capital-gain,10000,5112,8969,816,161,0.0161
adult,10000,1,CellSuppression,QI1,5,0.1,capital-loss,10000,5112,9233,483,106,0.0106
adult,10000,1,CellSuppression,QI1,5,0.1,hours-per-week,10000,5112,5790,5392,1562,0.1562
adult,10000,1,CellSuppression,QI1,5,0.1,income,10000,5112,8374,0,0,0.0
adult,10000,1,CellSuppression,QI1,5,0.1,_overall,10000,5112,9589,10000,4118,0.4118
adult,10000,1,CTGAN,QI1,5,0.1,workclass,10000,5112,4239,2943,59,0.0059
adult,10000,1,CTGAN,QI1,5,0.1,fnlwgt,10000,5112,0,10000,0,0.0
adult,10000,1,CTGAN,QI1,5,0.1,education-num,10000,5112,5978,2861,393,0.0393
adult,10000,1,CTGAN,QI1,5,0.1,occupation,10000,5112,1237,2767,35,0.0035
adult,10000,1,CTGAN,QI1,5,0.1,relationship,10000,5112,5053,749,103,0.0103
adult,10000,1,CTGAN,QI1,5,0.1,capital-gain,10000,5112,5584,816,0,0.0
adult,10000,1,CTGAN,QI1,5,0.1,capital-loss,10000,5112,5795,483,0,0.0
adult,10000,1,CTGAN,QI1,5,0.1,hours-per-week,10000,5112,2480,5392,13,0.0013
adult,10000,1,CTGAN,QI1,5,0.1,income,10000,5112,4988,0,0,0.0
adult,10000,1,CTGAN,QI1,5,0.1,_overall,10000,5112,6846,10000,542,0.0542
adult,10000,1,RankSwap,QI1,5,0.1,workclass,10000,5112,5013,2943,159,0.0159
adult,10000,1,RankSwap,QI1,5,0.1,fnlwgt,10000,5112,0,10000,0,0.0
adult,10000,1,RankSwap,QI1,5,0.1,education-num,10000,5112,6170,2861,325,0.0325
adult,10000,1,RankSwap,QI1,5,0.1,occupation,10000,5112,2146,2767,149,0.0149
adult,10000,1,RankSwap,QI1,5,0.1,relationship,10000,5112,5778,749,263,0.0263
adult,10000,1,RankSwap,QI1,5,0.1,capital-gain,10000,5112,6681,816,0,0.0
adult,10000,1,RankSwap,QI1,5,0.1,capital-loss,10000,5112,6925,483,0,0.0
adult,10000,1,RankSwap,QI1,5,0.1,hours-per-week,10000,5112,2882,5392,112,0.0112
adult,10000,1,RankSwap,QI1,5,0.1,income,10000,5112,5885,0,0,0.0
adult,10000,1,RankSwap,QI1,5,0.1,_overall,10000,5112,7333,10000,825,0.0825
adult,10000,1,Synthpop,QI1,5,0.1,workclass,10000,5112,5020,2943,83,0.0083
adult,10000,1,Synthpop,QI1,5,0.1,fnlwgt,10000,5112,140,10000,78,0.0078
adult,10000,1,Synthpop,QI1,5,0.1,education-num,10000,5112,7492,2861,1110,0.111
adult,10000,1,Synthpop,QI1,5,0.1,occupation,10000,5112,1953,2767,68,0.0068
adult,10000,1,Synthpop,QI1,5,0.1,relationship,10000,5112,5928,749,216,0.0216
adult,10000,1,Synthpop,QI1,5,0.1,capital-gain,10000,5112,6776,816,3,0.0003
adult,10000,1,Synthpop,QI1,5,0.1,capital-loss,10000,5112,7092,483,2,0.0002
adult,10000,1,Synthpop,QI1,5,0.1,hours-per-week,10000,5112,2775,5392,70,0.007
adult,10000,1,Synthpop,QI1,5,0.1,income,10000,5112,5956,0,0,0.0
adult,10000,1,Synthpop,QI1,5,0.1,_overall,10000,5112,7492,10000,1392,0.1392
adult,10000,1,TabDDPM,QI1,5,0.1,workclass,10000,5112,6563,2943,727,0.0727
adult,10000,1,TabDDPM,QI1,5,0.1,fnlwgt,10000,5112,100,10000,82,0.0082
adult,10000,1,TabDDPM,QI1,5,0.1,education-num,10000,5112,8677,2861,1731,0.1731
adult,10000,1,TabDDPM,QI1,5,0.1,occupation,10000,5112,4058,2767,620,0.062
adult,10000,1,TabDDPM,QI1,5,0.1,relationship,10000,5112,7430,749,386,0.0386
adult,10000,1,TabDDPM,QI1,5,0.1,capital-gain,10000,5112,7977,816,70,0.007
adult,10000,1,TabDDPM,QI1,5,0.1,capital-loss,10000,5112,8298,483,52,0.0052
adult,10000,1,TabDDPM,QI1,5,0.1,hours-per-week,10000,5112,4628,5392,1055,0.1055
adult,10000,1,TabDDPM,QI1,5,0.1,income,10000,5112,7341,0,0,0.0
adult,10000,1,TabDDPM,QI1,5,0.1,_overall,10000,5112,8694,10000,2755,0.2755
adult,10000,1,TVAE,QI1,5,0.1,workclass,10000,5112,4724,2943,21,0.0021
adult,10000,1,TVAE,QI1,5,0.1,fnlwgt,10000,5112,0,10000,0,0.0
adult,10000,1,TVAE,QI1,5,0.1,education-num,10000,5112,6435,2861,782,0.0782
adult,10000,1,TVAE,QI1,5,0.1,occupation,10000,5112,1803,2767,26,0.0026
adult,10000,1,TVAE,QI1,5,0.1,relationship,10000,5112,5417,749,149,0.0149
adult,10000,1,TVAE,QI1,5,0.1,capital-gain,10000,5112,5946,816,0,0.0
adult,10000,1,TVAE,QI1,5,0.1,capital-loss,10000,5112,6152,483,0,0.0
adult,10000,1,TVAE,QI1,5,0.1,hours-per-week,10000,5112,2829,5392,28,0.0028
adult,10000,1,TVAE,QI1,5,0.1,income,10000,5112,5303,0,0,0.0
adult,10000,1,TVAE,QI1,5,0.1,_overall,10000,5112,6823,10000,953,0.0953
adult,10000,2,ARF,QI1,5,0.1,workclass,10000,5192,4533,2905,62,0.0062
adult,10000,2,ARF,QI1,5,0.1,fnlwgt,10000,5192,1,10000,0,0.0
adult,10000,2,ARF,QI1,5,0.1,education-num,10000,5192,5375,2962,304,0.0304
adult,10000,2,ARF,QI1,5,0.1,occupation,10000,5192,822,2816,50,0.005
adult,10000,2,ARF,QI1,5,0.1,relationship,10000,5192,5014,797,98,0.0098
adult,10000,2,ARF,QI1,5,0.1,capital-gain,10000,5192,5934,823,0,0.0
adult,10000,2,ARF,QI1,5,0.1,capital-loss,10000,5192,6305,472,0,0.0
adult,10000,2,ARF,QI1,5,0.1,hours-per-week,10000,5192,1076,5200,20,0.002
adult,10000,2,ARF,QI1,5,0.1,income,10000,5192,5212,0,0,0.0
adult,10000,2,ARF,QI1,5,0.1,_overall,10000,5192,6899,10000,491,0.0491
adult,10000,2,CellSuppression,QI1,5,0.1,workclass,10000,5192,7664,2905,980,0.098
adult,10000,2,CellSuppression,QI1,5,0.1,fnlwgt,10000,5192,3445,10000,3074,0.3074
adult,10000,2,CellSuppression,QI1,5,0.1,education-num,10000,5192,9586,2962,2360,0.236
adult,10000,2,CellSuppression,QI1,5,0.1,occupation,10000,5192,5164,2816,826,0.0826
adult,10000,2,CellSuppression,QI1,5,0.1,relationship,10000,5192,8374,797,561,0.0561
adult,10000,2,CellSuppression,QI1,5,0.1,capital-gain,10000,5192,8993,823,196,0.0196
adult,10000,2,CellSuppression,QI1,5,0.1,capital-loss,10000,5192,9218,472,92,0.0092
adult,10000,2,CellSuppression,QI1,5,0.1,hours-per-week,10000,5192,5930,5200,1479,0.1479
adult,10000,2,CellSuppression,QI1,5,0.1,income,10000,5192,8357,0,0,0.0
adult,10000,2,CellSuppression,QI1,5,0.1,_overall,10000,5192,9586,10000,4191,0.4191
adult,10000,2,CTGAN,QI1,5,0.1,workclass,10000,5192,3947,2905,83,0.0083
adult,10000,2,CTGAN,QI1,5,0.1,fnlwgt,10000,5192,0,10000,0,0.0
adult,10000,2,CTGAN,QI1,5,0.1,education-num,10000,5192,6125,2962,450,0.045
adult,10000,2,CTGAN,QI1,5,0.1,occupation,10000,5192,1371,2816,38,0.0038
adult,10000,2,CTGAN,QI1,5,0.1,relationship,10000,5192,5175,797,77,0.0077
adult,10000,2,CTGAN,QI1,5,0.1,capital-gain,10000,5192,5112,823,2,0.0002
adult,10000,2,CTGAN,QI1,5,0.1,capital-loss,10000,5192,4090,472,0,0.0
adult,10000,2,CTGAN,QI1,5,0.1,hours-per-week,10000,5192,2733,5200,39,0.0039
adult,10000,2,CTGAN,QI1,5,0.1,income,10000,5192,5320,0,0,0.0
adult,10000,2,CTGAN,QI1,5,0.1,_overall,10000,5192,7081,10000,615,0.0615
adult,10000,2,RankSwap,QI1,5,0.1,workclass,10000,5192,5154,2905,194,0.0194
adult,10000,2,RankSwap,QI1,5,0.1,fnlwgt,10000,5192,2,10000,1,0.0001
adult,10000,2,RankSwap,QI1,5,0.1,education-num,10000,5192,6151,2962,420,0.042
adult,10000,2,RankSwap,QI1,5,0.1,occupation,10000,5192,2192,2816,168,0.0168
adult,10000,2,RankSwap,QI1,5,0.1,relationship,10000,5192,5794,797,309,0.0309
adult,10000,2,RankSwap,QI1,5,0.1,capital-gain,10000,5192,6761,823,0,0.0
adult,10000,2,RankSwap,QI1,5,0.1,capital-loss,10000,5192,6999,472,0,0.0
adult,10000,2,RankSwap,QI1,5,0.1,hours-per-week,10000,5192,3068,5200,83,0.0083
adult,10000,2,RankSwap,QI1,5,0.1,income,10000,5192,5972,0,0,0.0
adult,10000,2,RankSwap,QI1,5,0.1,_overall,10000,5192,7423,10000,996,0.0996
adult,10000,2,Synthpop,QI1,5,0.1,workclass,10000,5192,5168,2905,121,0.0121
adult,10000,2,Synthpop,QI1,5,0.1,fnlwgt,10000,5192,139,10000,78,0.0078
adult,10000,2,Synthpop,QI1,5,0.1,education-num,10000,5192,7579,2962,1232,0.1232
adult,10000,2,Synthpop,QI1,5,0.1,occupation,10000,5192,2030,2816,96,0.0096
adult,10000,2,Synthpop,QI1,5,0.1,relationship,10000,5192,5929,797,277,0.0277
adult,10000,2,Synthpop,QI1,5,0.1,capital-gain,10000,5192,6902,823,4,0.0004
adult,10000,2,Synthpop,QI1,5,0.1,capital-loss,10000,5192,7151,472,3,0.0003
adult,10000,2,Synthpop,QI1,5,0.1,hours-per-week,10000,5192,3014,5200,85,0.0085
adult,10000,2,Synthpop,QI1,5,0.1,income,10000,5192,6013,0,0,0.0
adult,10000,2,Synthpop,QI1,5,0.1,_overall,10000,5192,7579,10000,1604,0.1604
adult,10000,2,TabDDPM,QI1,5,0.1,workclass,10000,5192,6742,2905,760,0.076
adult,10000,2,TabDDPM,QI1,5,0.1,fnlwgt,10000,5192,98,10000,85,0.0085
adult,10000,2,TabDDPM,QI1,5,0.1,education-num,10000,5192,8730,2962,1839,0.1839
adult,10000,2,TabDDPM,QI1,5,0.1,occupation,10000,5192,4060,2816,640,0.064
adult,10000,2,TabDDPM,QI1,5,0.1,relationship,10000,5192,7446,797,451,0.0451
adult,10000,2,TabDDPM,QI1,5,0.1,capital-gain,10000,5192,8065,823,83,0.0083
adult,10000,2,TabDDPM,QI1,5,0.1,capital-loss,10000,5192,8368,472,48,0.0048
adult,10000,2,TabDDPM,QI1,5,0.1,hours-per-week,10000,5192,4864,5200,1056,0.1056
adult,10000,2,TabDDPM,QI1,5,0.1,income,10000,5192,7407,0,0,0.0
adult,10000,2,TabDDPM,QI1,5,0.1,_overall,10000,5192,8756,10000,2915,0.2915
adult,10000,2,TVAE,QI1,5,0.1,workclass,10000,5192,4738,2905,60,0.006
adult,10000,2,TVAE,QI1,5,0.1,fnlwgt,10000,5192,0,10000,0,0.0
adult,10000,2,TVAE,QI1,5,0.1,education-num,10000,5192,6636,2962,908,0.0908
adult,10000,2,TVAE,QI1,5,0.1,occupation,10000,5192,1709,2816,40,0.004
adult,10000,2,TVAE,QI1,5,0.1,relationship,10000,5192,5482,797,176,0.0176
adult,10000,2,TVAE,QI1,5,0.1,capital-gain,10000,5192,5758,823,0,0.0
adult,10000,2,TVAE,QI1,5,0.1,capital-loss,10000,5192,6307,472,0,0.0
adult,10000,2,TVAE,QI1,5,0.1,hours-per-week,10000,5192,3027,5200,2,0.0002
adult,10000,2,TVAE,QI1,5,0.1,income,10000,5192,5422,0,0,0.0
adult,10000,2,TVAE,QI1,5,0.1,_overall,10000,5192,6952,10000,1117,0.1117
adult,10000,3,ARF,QI1,5,0.1,workclass,10000,5141,4458,2899,49,0.0049
adult,10000,3,ARF,QI1,5,0.1,fnlwgt,10000,5141,0,10000,0,0.0
adult,10000,3,ARF,QI1,5,0.1,education-num,10000,5141,5267,2919,286,0.0286
adult,10000,3,ARF,QI1,5,0.1,occupation,10000,5141,894,2912,52,0.0052
adult,10000,3,ARF,QI1,5,0.1,relationship,10000,5141,5026,784,59,0.0059
adult,10000,3,ARF,QI1,5,0.1,capital-gain,10000,5141,5959,858,0,0.0
adult,10000,3,ARF,QI1,5,0.1,capital-loss,10000,5141,6251,465,0,0.0
adult,10000,3,ARF,QI1,5,0.1,hours-per-week,10000,5141,906,5322,15,0.0015
adult,10000,3,ARF,QI1,5,0.1,income,10000,5141,5228,0,0,0.0
adult,10000,3,ARF,QI1,5,0.1,_overall,10000,5141,6888,10000,425,0.0425
adult,10000,3,CellSuppression,QI1,5,0.1,workclass,10000,5141,7617,2899,936,0.0936
adult,10000,3,CellSuppression,QI1,5,0.1,fnlwgt,10000,5141,3535,10000,3146,0.3146
adult,10000,3,CellSuppression,QI1,5,0.1,education-num,10000,5141,9585,2919,2283,0.2283
adult,10000,3,CellSuppression,QI1,5,0.1,occupation,10000,5141,5243,2912,931,0.0931
adult,10000,3,CellSuppression,QI1,5,0.1,relationship,10000,5141,8415,784,532,0.0532
adult,10000,3,CellSuppression,QI1,5,0.1,capital-gain,10000,5141,8971,858,213,0.0213
adult,10000,3,CellSuppression,QI1,5,0.1,capital-loss,10000,5141,9229,465,93,0.0093
adult,10000,3,CellSuppression,QI1,5,0.1,hours-per-week,10000,5141,5945,5322,1602,0.1602
adult,10000,3,CellSuppression,QI1,5,0.1,income,10000,5141,8406,0,0,0.0
adult,10000,3,CellSuppression,QI1,5,0.1,_overall,10000,5141,9585,10000,4153,0.4153
adult,10000,3,CTGAN,QI1,5,0.1,workclass,10000,5141,3983,2899,85,0.0085
adult,10000,3,CTGAN,QI1,5,0.1,fnlwgt,10000,5141,0,10000,0,0.0
adult,10000,3,CTGAN,QI1,5,0.1,education-num,10000,5141,5814,2919,294,0.0294
adult,10000,3,CTGAN,QI1,5,0.1,occupation,10000,5141,1326,2912,41,0.0041
adult,10000,3,CTGAN,QI1,5,0.1,relationship,10000,5141,4967,784,84,0.0084
adult,10000,3,CTGAN,QI1,5,0.1,capital-gain,10000,5141,4428,858,0,0.0
adult,10000,3,CTGAN,QI1,5,0.1,capital-loss,10000,5141,3110,465,0,0.0
adult,10000,3,CTGAN,QI1,5,0.1,hours-per-week,10000,5141,2334,5322,30,0.003
adult,10000,3,CTGAN,QI1,5,0.1,income,10000,5141,5004,0,0,0.0
adult,10000,3,CTGAN,QI1,5,0.1,_overall,10000,5141,6790,10000,478,0.0478
adult,10000,3,RankSwap,QI1,5,0.1,workclass,10000,5141,5005,2899,160,0.016
adult,10000,3,RankSwap,QI1,5,0.1,fnlwgt,10000,5141,2,10000,1,0.0001
adult,10000,3,RankSwap,QI1,5,0.1,education-num,10000,5141,6094,2919,318,0.0318
adult,10000,3,RankSwap,QI1,5,0.1,occupation,10000,5141,2077,2912,149,0.0149
adult,10000,3,RankSwap,QI1,5,0.1,relationship,10000,5141,5799,784,255,0.0255
adult,10000,3,RankSwap,QI1,5,0.1,capital-gain,10000,5141,6574,858,0,0.0
adult,10000,3,RankSwap,QI1,5,0.1,capital-loss,10000,5141,6863,465,0,0.0
adult,10000,3,RankSwap,QI1,5,0.1,hours-per-week,10000,5141,2966,5322,86,0.0086
adult,10000,3,RankSwap,QI1,5,0.1,income,10000,5141,5861,0,0,0.0
adult,10000,3,RankSwap,QI1,5,0.1,_overall,10000,5141,7270,10000,817,0.0817
adult,10000,3,Synthpop,QI1,5,0.1,workclass,10000,5141,5073,2899,132,0.0132
adult,10000,3,Synthpop,QI1,5,0.1,fnlwgt,10000,5141,129,10000,64,0.0064
adult,10000,3,Synthpop,QI1,5,0.1,education-num,10000,5141,7523,2919,1154,0.1154
adult,10000,3,Synthpop,QI1,5,0.1,occupation,10000,5141,1993,2912,91,0.0091
adult,10000,3,Synthpop,QI1,5,0.1,relationship,10000,5141,5964,784,243,0.0243
adult,10000,3,Synthpop,QI1,5,0.1,capital-gain,10000,5141,6785,858,2,0.0002
adult,10000,3,Synthpop,QI1,5,0.1,capital-loss,10000,5141,7105,465,4,0.0004
adult,10000,3,Synthpop,QI1,5,0.1,hours-per-week,10000,5141,2952,5322,83,0.0083
adult,10000,3,Synthpop,QI1,5,0.1,income,10000,5141,5957,0,0,0.0
adult,10000,3,Synthpop,QI1,5,0.1,_overall,10000,5141,7523,10000,1486,0.1486
adult,10000,3,TabDDPM,QI1,5,0.1,workclass,10000,5141,6542,2899,668,0.0668
adult,10000,3,TabDDPM,QI1,5,0.1,fnlwgt,10000,5141,90,10000,66,0.0066
adult,10000,3,TabDDPM,QI1,5,0.1,education-num,10000,5141,8609,2919,1736,0.1736
adult,10000,3,TabDDPM,QI1,5,0.1,occupation,10000,5141,4024,2912,692,0.0692
adult,10000,3,TabDDPM,QI1,5,0.1,relationship,10000,5141,7396,784,411,0.0411
adult,10000,3,TabDDPM,QI1,5,0.1,capital-gain,10000,5141,7944,858,84,0.0084
adult,10000,3,TabDDPM,QI1,5,0.1,capital-loss,10000,5141,8253,465,60,0.006
adult,10000,3,TabDDPM,QI1,5,0.1,hours-per-week,10000,5141,4713,5322,1062,0.1062
adult,10000,3,TabDDPM,QI1,5,0.1,income,10000,5141,7334,0,0,0.0
adult,10000,3,TabDDPM,QI1,5,0.1,_overall,10000,5141,8644,10000,2780,0.278
adult,10000,3,TVAE,QI1,5,0.1,workclass,10000,5141,4572,2899,52,0.0052
adult,10000,3,TVAE,QI1,5,0.1,fnlwgt,10000,5141,0,10000,0,0.0
adult,10000,3,TVAE,QI1,5,0.1,education-num,10000,5141,6439,2919,837,0.0837
adult,10000,3,TVAE,QI1,5,0.1,occupation,10000,5141,1657,2912,70,0.007
adult,10000,3,TVAE,QI1,5,0.1,relationship,10000,5141,5262,784,133,0.0133
adult,10000,3,TVAE,QI1,5,0.1,capital-gain,10000,5141,5424,858,0,0.0
adult,10000,3,TVAE,QI1,5,0.1,capital-loss,10000,5141,5736,465,0,0.0
adult,10000,3,TVAE,QI1,5,0.1,hours-per-week,10000,5141,2635,5322,17,0.0017
adult,10000,3,TVAE,QI1,5,0.1,income,10000,5141,5153,0,0,0.0
adult,10000,3,TVAE,QI1,5,0.1,_overall,10000,5141,6685,10000,1001,0.1001
adult,10000,4,ARF,QI1,5,0.1,workclass,10000,5280,4551,2931,56,0.0056
adult,10000,4,ARF,QI1,5,0.1,fnlwgt,10000,5280,0,10000,0,0.0
adult,10000,4,ARF,QI1,5,0.1,education-num,10000,5280,5311,2929,268,0.0268
adult,10000,4,ARF,QI1,5,0.1,occupation,10000,5280,852,2914,31,0.0031
adult,10000,4,ARF,QI1,5,0.1,relationship,10000,5280,5030,835,133,0.0133
adult,10000,4,ARF,QI1,5,0.1,capital-gain,10000,5280,5836,844,0,0.0
adult,10000,4,ARF,QI1,5,0.1,capital-loss,10000,5280,6314,472,0,0.0
adult,10000,4,ARF,QI1,5,0.1,hours-per-week,10000,5280,975,5321,21,0.0021
adult,10000,4,ARF,QI1,5,0.1,income,10000,5280,5217,0,0,0.0
adult,10000,4,ARF,QI1,5,0.1,_overall,10000,5280,6903,10000,476,0.0476
adult,10000,4,CellSuppression,QI1,5,0.1,workclass,10000,5280,7626,2931,982,0.0982
adult,10000,4,CellSuppression,QI1,5,0.1,fnlwgt,10000,5280,3537,10000,3178,0.3178
adult,10000,4,CellSuppression,QI1,5,0.1,education-num,10000,5280,9579,2929,2319,0.2319
adult,10000,4,CellSuppression,QI1,5,0.1,occupation,10000,5280,5240,2914,932,0.0932
adult,10000,4,CellSuppression,QI1,5,0.1,relationship,10000,5280,8411,835,583,0.0583
adult,10000,4,CellSuppression,QI1,5,0.1,capital-gain,10000,5280,8959,844,195,0.0195
adult,10000,4,CellSuppression,QI1,5,0.1,capital-loss,10000,5280,9236,472,111,0.0111
adult,10000,4,CellSuppression,QI1,5,0.1,hours-per-week,10000,5280,5942,5321,1615,0.1615
adult,10000,4,CellSuppression,QI1,5,0.1,income,10000,5280,8362,0,0,0.0
adult,10000,4,CellSuppression,QI1,5,0.1,_overall,10000,5280,9579,10000,4211,0.4211
adult,10000,4,CTGAN,QI1,5,0.1,workclass,10000,5280,4092,2931,100,0.01
adult,10000,4,CTGAN,QI1,5,0.1,fnlwgt,10000,5280,0,10000,0,0.0
adult,10000,4,CTGAN,QI1,5,0.1,education-num,10000,5280,6139,2929,342,0.0342
adult,10000,4,CTGAN,QI1,5,0.1,occupation,10000,5280,1464,2914,43,0.0043
adult,10000,4,CTGAN,QI1,5,0.1,relationship,10000,5280,5093,835,93,0.0093
adult,10000,4,CTGAN,QI1,5,0.1,capital-gain,10000,5280,5971,844,0,0.0
adult,10000,4,CTGAN,QI1,5,0.1,capital-loss,10000,5280,5181,472,0,0.0
adult,10000,4,CTGAN,QI1,5,0.1,hours-per-week,10000,5280,2427,5321,17,0.0017
adult,10000,4,CTGAN,QI1,5,0.1,income,10000,5280,5334,0,0,0.0
adult,10000,4,CTGAN,QI1,5,0.1,_overall,10000,5280,6947,10000,527,0.0527
adult,10000,4,RankSwap,QI1,5,0.1,workclass,10000,5280,5004,2931,169,0.0169
adult,10000,4,RankSwap,QI1,5,0.1,fnlwgt,10000,5280,3,10000,1,0.0001
adult,10000,4,RankSwap,QI1,5,0.1,education-num,10000,5280,6010,2929,327,0.0327
adult,10000,4,RankSwap,QI1,5,0.1,occupation,10000,5280,2121,2914,134,0.0134
adult,10000,4,RankSwap,QI1,5,0.1,relationship,10000,5280,5713,835,309,0.0309
adult,10000,4,RankSwap,QI1,5,0.1,capital-gain,10000,5280,6594,844,0,0.0
adult,10000,4,RankSwap,QI1,5,0.1,capital-loss,10000,5280,6853,472,0,0.0
adult,10000,4,RankSwap,QI1,5,0.1,hours-per-week,10000,5280,2975,5321,97,0.0097
adult,10000,4,RankSwap,QI1,5,0.1,income,10000,5280,5781,0,0,0.0
adult,10000,4,RankSwap,QI1,5,0.1,_overall,10000,5280,7262,10000,884,0.0884
adult,10000,4,Synthpop,QI1,5,0.1,workclass,10000,5280,4969,2931,130,0.013
adult,10000,4,Synthpop,QI1,5,0.1,fnlwgt,10000,5280,148,10000,87,0.0087
adult,10000,4,Synthpop,QI1,5,0.1,education-num,10000,5280,7442,2929,1151,0.1151
adult,10000,4,Synthpop,QI1,5,0.1,occupation,10000,5280,2014,2914,78,0.0078
adult,10000,4,Synthpop,QI1,5,0.1,relationship,10000,5280,5855,835,253,0.0253
adult,10000,4,Synthpop,QI1,5,0.1,capital-gain,10000,5280,6700,844,3,0.0003
adult,10000,4,Synthpop,QI1,5,0.1,capital-loss,10000,5280,7041,472,0,0.0
adult,10000,4,Synthpop,QI1,5,0.1,hours-per-week,10000,5280,2885,5321,93,0.0093
adult,10000,4,Synthpop,QI1,5,0.1,income,10000,5280,5891,0,0,0.0
adult,10000,4,Synthpop,QI1,5,0.1,_overall,10000,5280,7442,10000,1507,0.1507
adult,10000,4,TabDDPM,QI1,5,0.1,workclass,10000,5280,6576,2931,736,0.0736
adult,10000,4,TabDDPM,QI1,5,0.1,fnlwgt,10000,5280,95,10000,77,0.0077
adult,10000,4,TabDDPM,QI1,5,0.1,education-num,10000,5280,8614,2929,1753,0.1753
adult,10000,4,TabDDPM,QI1,5,0.1,occupation,10000,5280,4046,2914,673,0.0673
adult,10000,4,TabDDPM,QI1,5,0.1,relationship,10000,5280,7387,835,449,0.0449
adult,10000,4,TabDDPM,QI1,5,0.1,capital-gain,10000,5280,7902,844,86,0.0086
adult,10000,4,TabDDPM,QI1,5,0.1,capital-loss,10000,5280,8248,472,56,0.0056
adult,10000,4,TabDDPM,QI1,5,0.1,hours-per-week,10000,5280,4763,5321,1103,0.1103
adult,10000,4,TabDDPM,QI1,5,0.1,income,10000,5280,7323,0,0,0.0
adult,10000,4,TabDDPM,QI1,5,0.1,_overall,10000,5280,8627,10000,2831,0.2831
adult,10000,4,TVAE,QI1,5,0.1,workclass,10000,5280,4669,2931,52,0.0052
adult,10000,4,TVAE,QI1,5,0.1,fnlwgt,10000,5280,0,10000,0,0.0
adult,10000,4,TVAE,QI1,5,0.1,education-num,10000,5280,6605,2929,857,0.0857
adult,10000,4,TVAE,QI1,5,0.1,occupation,10000,5280,1635,2914,46,0.0046
adult,10000,4,TVAE,QI1,5,0.1,relationship,10000,5280,5433,835,217,0.0217
adult,10000,4,TVAE,QI1,5,0.1,capital-gain,10000,5280,5314,844,0,0.0
adult,10000,4,TVAE,QI1,5,0.1,capital-loss,10000,5280,5742,472,0,0.0
adult,10000,4,TVAE,QI1,5,0.1,hours-per-week,10000,5280,3042,5321,6,0.0006
adult,10000,4,TVAE,QI1,5,0.1,income,10000,5280,5253,0,0,0.0
adult,10000,4,TVAE,QI1,5,0.1,_overall,10000,5280,6876,10000,1091,0.1091
adult,1000,0,PrivBayes_eps1,QI1,5,0.1,workclass,1000,979,14,293,0,0.0
adult,1000,0,PrivBayes_eps1,QI1,5,0.1,fnlwgt,1000,979,0,1000,0,0.0
adult,1000,0,PrivBayes_eps1,QI1,5,0.1,education-num,1000,979,11,309,1,0.001
adult,1000,0,PrivBayes_eps1,QI1,5,0.1,occupation,1000,979,9,262,3,0.003
adult,1000,0,PrivBayes_eps1,QI1,5,0.1,relationship,1000,979,36,82,0,0.0
adult,1000,0,PrivBayes_eps1,QI1,5,0.1,capital-gain,1000,979,0,84,0,0.0
adult,1000,0,PrivBayes_eps1,QI1,5,0.1,capital-loss,1000,979,0,43,0,0.0
adult,1000,0,PrivBayes_eps1,QI1,5,0.1,hours-per-week,1000,979,4,551,0,0.0
adult,1000,0,PrivBayes_eps1,QI1,5,0.1,income,1000,979,20,0,0,0.0
adult,1000,0,PrivBayes_eps1,QI1,5,0.1,_overall,1000,979,36,1000,4,0.004
adult,1000,0,PrivBayes_eps1000,QI1,5,0.1,workclass,1000,979,109,293,6,0.006
adult,1000,0,PrivBayes_eps1000,QI1,5,0.1,fnlwgt,1000,979,0,1000,0,0.0
adult,1000,0,PrivBayes_eps1000,QI1,5,0.1,education-num,1000,979,185,309,25,0.025
adult,1000,0,PrivBayes_eps1000,QI1,5,0.1,occupation,1000,979,45,262,5,0.005
adult,1000,0,PrivBayes_eps1000,QI1,5,0.1,relationship,1000,979,145,82,3,0.003
adult,1000,0,PrivBayes_eps1000,QI1,5,0.1,capital-gain,1000,979,0,84,0,0.0
adult,1000,0,PrivBayes_eps1000,QI1,5,0.1,capital-loss,1000,979,0,43,0,0.0
adult,1000,0,PrivBayes_eps1000,QI1,5,0.1,hours-per-week,1000,979,57,551,5,0.005
adult,1000,0,PrivBayes_eps1000,QI1,5,0.1,income,1000,979,136,0,0,0.0
adult,1000,0,PrivBayes_eps1000,QI1,5,0.1,_overall,1000,979,185,1000,36,0.036
adult,1000,0,PrivSyn_eps1,QI1,5,0.1,workclass,1000,979,21,293,0,0.0
adult,1000,0,PrivSyn_eps1,QI1,5,0.1,fnlwgt,1000,979,0,1000,0,0.0
adult,1000,0,PrivSyn_eps1,QI1,5,0.1,education-num,1000,979,10,309,0,0.0
adult,1000,0,PrivSyn_eps1,QI1,5,0.1,occupation,1000,979,4,262,0,0.0
adult,1000,0,PrivSyn_eps1,QI1,5,0.1,relationship,1000,979,15,82,0,0.0
adult,1000,0,PrivSyn_eps1,QI1,5,0.1,capital-gain,1000,979,0,84,0,0.0
adult,1000,0,PrivSyn_eps1,QI1,5,0.1,capital-loss,1000,979,27,43,0,0.0
adult,1000,0,PrivSyn_eps1,QI1,5,0.1,hours-per-week,1000,979,5,551,1,0.001
adult,1000,0,PrivSyn_eps1,QI1,5,0.1,income,1000,979,21,0,0,0.0
adult,1000,0,PrivSyn_eps1,QI1,5,0.1,_overall,1000,979,29,1000,1,0.001
adult,1000,0,PrivSyn_eps1000,QI1,5,0.1,workclass,1000,979,37,293,2,0.002
adult,1000,0,PrivSyn_eps1000,QI1,5,0.1,fnlwgt,1000,979,0,1000,0,0.0
adult,1000,0,PrivSyn_eps1000,QI1,5,0.1,education-num,1000,979,42,309,0,0.0
adult,1000,0,PrivSyn_eps1000,QI1,5,0.1,occupation,1000,979,12,262,2,0.002
adult,1000,0,PrivSyn_eps1000,QI1,5,0.1,relationship,1000,979,52,82,3,0.003
adult,1000,0,PrivSyn_eps1000,QI1,5,0.1,capital-gain,1000,979,0,84,0,0.0
adult,1000,0,PrivSyn_eps1000,QI1,5,0.1,capital-loss,1000,979,65,43,0,0.0
adult,1000,0,PrivSyn_eps1000,QI1,5,0.1,hours-per-week,1000,979,22,551,3,0.003
adult,1000,0,PrivSyn_eps1000,QI1,5,0.1,income,1000,979,45,0,0,0.0
adult,1000,0,PrivSyn_eps1000,QI1,5,0.1,_overall,1000,979,70,1000,9,0.009
adult,1000,0,MWEMPGM_eps1,QI1,5,0.1,workclass,1000,979,68,293,4,0.004
adult,1000,0,MWEMPGM_eps1,QI1,5,0.1,fnlwgt,1000,979,0,1000,0,0.0
adult,1000,0,MWEMPGM_eps1,QI1,5,0.1,education-num,1000,979,126,309,3,0.003
adult,1000,0,MWEMPGM_eps1,QI1,5,0.1,occupation,1000,979,17,262,3,0.003
adult,1000,0,MWEMPGM_eps1,QI1,5,0.1,relationship,1000,979,102,82,1,0.001
adult,1000,0,MWEMPGM_eps1,QI1,5,0.1,capital-gain,1000,979,0,84,0,0.0
adult,1000,0,MWEMPGM_eps1,QI1,5,0.1,capital-loss,1000,979,0,43,0,0.0
adult,1000,0,MWEMPGM_eps1,QI1,5,0.1,hours-per-week,1000,979,42,551,1,0.001
adult,1000,0,MWEMPGM_eps1,QI1,5,0.1,income,1000,979,91,0,0,0.0
adult,1000,0,MWEMPGM_eps1,QI1,5,0.1,_overall,1000,979,145,1000,11,0.011
adult,1000,0,MWEMPGM_eps1000,QI1,5,0.1,workclass,1000,979,118,293,1,0.001
adult,1000,0,MWEMPGM_eps1000,QI1,5,0.1,fnlwgt,1000,979,0,1000,0,0.0
adult,1000,0,MWEMPGM_eps1000,QI1,5,0.1,education-num,1000,979,182,309,19,0.019
adult,1000,0,MWEMPGM_eps1000,QI1,5,0.1,occupation,1000,979,36,262,1,0.001
adult,1000,0,MWEMPGM_eps1000,QI1,5,0.1,relationship,1000,979,129,82,5,0.005
adult,1000,0,MWEMPGM_eps1000,QI1,5,0.1,capital-gain,1000,979,0,84,0,0.0
adult,1000,0,MWEMPGM_eps1000,QI1,5,0.1,capital-loss,1000,979,0,43,0,0.0
adult,1000,0,MWEMPGM_eps1000,QI1,5,0.1,hours-per-week,1000,979,53,551,0,0.0
adult,1000,0,MWEMPGM_eps1000,QI1,5,0.1,income,1000,979,134,0,0,0.0
adult,1000,0,MWEMPGM_eps1000,QI1,5,0.1,_overall,1000,979,190,1000,26,0.026
adult,1000,0,PrivateGSD_eps1,QI1,5,0.1,workclass,1000,979,67,293,3,0.003
adult,1000,0,PrivateGSD_eps1,QI1,5,0.1,fnlwgt,1000,979,0,1000,0,0.0
adult,1000,0,PrivateGSD_eps1,QI1,5,0.1,education-num,1000,979,63,309,0,0.0
adult,1000,0,PrivateGSD_eps1,QI1,5,0.1,occupation,1000,979,21,262,1,0.001
adult,1000,0,PrivateGSD_eps1,QI1,5,0.1,relationship,1000,979,70,82,0,0.0
adult,1000,0,PrivateGSD_eps1,QI1,5,0.1,capital-gain,1000,979,0,84,0,0.0
adult,1000,0,PrivateGSD_eps1,QI1,5,0.1,capital-loss,1000,979,0,43,0,0.0
adult,1000,0,PrivateGSD_eps1,QI1,5,0.1,hours-per-week,1000,979,33,551,0,0.0
adult,1000,0,PrivateGSD_eps1,QI1,5,0.1,income,1000,979,68,0,0,0.0
adult,1000,0,PrivateGSD_eps1,QI1,5,0.1,_overall,1000,979,111,1000,4,0.004
adult,1000,0,PrivateGSD_eps1000,QI1,5,0.1,workclass,1000,979,134,293,9,0.009
adult,1000,0,PrivateGSD_eps1000,QI1,5,0.1,fnlwgt,1000,979,0,1000,0,0.0
adult,1000,0,PrivateGSD_eps1000,QI1,5,0.1,education-num,1000,979,208,309,36,0.036
adult,1000,0,PrivateGSD_eps1000,QI1,5,0.1,occupation,1000,979,68,262,4,0.004
adult,1000,0,PrivateGSD_eps1000,QI1,5,0.1,relationship,1000,979,162,82,8,0.008
adult,1000,0,PrivateGSD_eps1000,QI1,5,0.1,capital-gain,1000,979,0,84,0,0.0
adult,1000,0,PrivateGSD_eps1000,QI1,5,0.1,capital-loss,1000,979,0,43,0,0.0
adult,1000,0,PrivateGSD_eps1000,QI1,5,0.1,hours-per-week,1000,979,68,551,4,0.004
adult,1000,0,PrivateGSD_eps1000,QI1,5,0.1,income,1000,979,154,0,0,0.0
adult,1000,0,PrivateGSD_eps1000,QI1,5,0.1,_overall,1000,979,208,1000,55,0.055
adult,1000,1,PrivBayes_eps1,QI1,5,0.1,workclass,1000,954,7,294,0,0.0
adult,1000,1,PrivBayes_eps1,QI1,5,0.1,fnlwgt,1000,954,0,1000,0,0.0
adult,1000,1,PrivBayes_eps1,QI1,5,0.1,education-num,1000,954,4,272,0,0.0
adult,1000,1,PrivBayes_eps1,QI1,5,0.1,occupation,1000,954,3,381,1,0.001
adult,1000,1,PrivBayes_eps1,QI1,5,0.1,relationship,1000,954,10,75,0,0.0
adult,1000,1,PrivBayes_eps1,QI1,5,0.1,capital-gain,1000,954,0,95,0,0.0
adult,1000,1,PrivBayes_eps1,QI1,5,0.1,capital-loss,1000,954,0,43,0,0.0
adult,1000,1,PrivBayes_eps1,QI1,5,0.1,hours-per-week,1000,954,0,563,0,0.0
adult,1000,1,PrivBayes_eps1,QI1,5,0.1,income,1000,954,8,0,0,0.0
adult,1000,1,PrivBayes_eps1,QI1,5,0.1,_overall,1000,954,15,1000,1,0.001
adult,1000,1,PrivBayes_eps1000,QI1,5,0.1,workclass,1000,954,123,294,11,0.011
adult,1000,1,PrivBayes_eps1000,QI1,5,0.1,fnlwgt,1000,954,0,1000,0,0.0
adult,1000,1,PrivBayes_eps1000,QI1,5,0.1,education-num,1000,954,183,272,32,0.032
adult,1000,1,PrivBayes_eps1000,QI1,5,0.1,occupation,1000,954,67,381,18,0.018
adult,1000,1,PrivBayes_eps1000,QI1,5,0.1,relationship,1000,954,140,75,10,0.01
adult,1000,1,PrivBayes_eps1000,QI1,5,0.1,capital-gain,1000,954,0,95,0,0.0
adult,1000,1,PrivBayes_eps1000,QI1,5,0.1,capital-loss,1000,954,0,43,0,0.0
adult,1000,1,PrivBayes_eps1000,QI1,5,0.1,hours-per-week,1000,954,2,563,2,0.002
adult,1000,1,PrivBayes_eps1000,QI1,5,0.1,income,1000,954,147,0,0,0.0
adult,1000,1,PrivBayes_eps1000,QI1,5,0.1,_overall,1000,954,184,1000,50,0.05
adult,1000,1,PrivSyn_eps1,QI1,5,0.1,workclass,1000,954,25,294,0,0.0
adult,1000,1,PrivSyn_eps1,QI1,5,0.1,fnlwgt,1000,954,0,1000,0,0.0
adult,1000,1,PrivSyn_eps1,QI1,5,0.1,education-num,1000,954,19,272,0,0.0
adult,1000,1,PrivSyn_eps1,QI1,5,0.1,occupation,1000,954,6,381,0,0.0
adult,1000,1,PrivSyn_eps1,QI1,5,0.1,relationship,1000,954,25,75,0,0.0
adult,1000,1,PrivSyn_eps1,QI1,5,0.1,capital-gain,1000,954,0,95,0,0.0
adult,1000,1,PrivSyn_eps1,QI1,5,0.1,capital-loss,1000,954,30,43,0,0.0
adult,1000,1,PrivSyn_eps1,QI1,5,0.1,hours-per-week,1000,954,4,563,0,0.0
adult,1000,1,PrivSyn_eps1,QI1,5,0.1,income,1000,954,21,0,0,0.0
adult,1000,1,PrivSyn_eps1,QI1,5,0.1,_overall,1000,954,31,1000,0,0.0
adult,1000,1,PrivSyn_eps1000,QI1,5,0.1,workclass,1000,954,33,294,0,0.0
adult,1000,1,PrivSyn_eps1000,QI1,5,0.1,fnlwgt,1000,954,0,1000,0,0.0
adult,1000,1,PrivSyn_eps1000,QI1,5,0.1,education-num,1000,954,54,272,3,0.003
adult,1000,1,PrivSyn_eps1000,QI1,5,0.1,occupation,1000,954,7,381,1,0.001
adult,1000,1,PrivSyn_eps1000,QI1,5,0.1,relationship,1000,954,57,75,0,0.0
adult,1000,1,PrivSyn_eps1000,QI1,5,0.1,capital-gain,1000,954,0,95,0,0.0
adult,1000,1,PrivSyn_eps1000,QI1,5,0.1,capital-loss,1000,954,64,43,0,0.0
adult,1000,1,PrivSyn_eps1000,QI1,5,0.1,hours-per-week,1000,954,19,563,2,0.002
adult,1000,1,PrivSyn_eps1000,QI1,5,0.1,income,1000,954,48,0,0,0.0
adult,1000,1,PrivSyn_eps1000,QI1,5,0.1,_overall,1000,954,72,1000,6,0.006
adult,1000,1,MWEMPGM_eps1,QI1,5,0.1,workclass,1000,954,87,294,3,0.003
adult,1000,1,MWEMPGM_eps1,QI1,5,0.1,fnlwgt,1000,954,0,1000,0,0.0
adult,1000,1,MWEMPGM_eps1,QI1,5,0.1,education-num,1000,954,119,272,4,0.004
adult,1000,1,MWEMPGM_eps1,QI1,5,0.1,occupation,1000,954,20,381,1,0.001
adult,1000,1,MWEMPGM_eps1,QI1,5,0.1,relationship,1000,954,96,75,0,0.0
adult,1000,1,MWEMPGM_eps1,QI1,5,0.1,capital-gain,1000,954,0,95,0,0.0
adult,1000,1,MWEMPGM_eps1,QI1,5,0.1,capital-loss,1000,954,0,43,0,0.0
adult,1000,1,MWEMPGM_eps1,QI1,5,0.1,hours-per-week,1000,954,0,563,0,0.0
adult,1000,1,MWEMPGM_eps1,QI1,5,0.1,income,1000,954,79,0,0,0.0
adult,1000,1,MWEMPGM_eps1,QI1,5,0.1,_overall,1000,954,136,1000,8,0.008
adult,1000,1,MWEMPGM_eps1000,QI1,5,0.1,workclass,1000,954,106,294,1,0.001
adult,1000,1,MWEMPGM_eps1000,QI1,5,0.1,fnlwgt,1000,954,0,1000,0,0.0
adult,1000,1,MWEMPGM_eps1000,QI1,5,0.1,education-num,1000,954,152,272,11,0.011
adult,1000,1,MWEMPGM_eps1000,QI1,5,0.1,occupation,1000,954,34,381,3,0.003
adult,1000,1,MWEMPGM_eps1000,QI1,5,0.1,relationship,1000,954,119,75,3,0.003
adult,1000,1,MWEMPGM_eps1000,QI1,5,0.1,capital-gain,1000,954,0,95,0,0.0
adult,1000,1,MWEMPGM_eps1000,QI1,5,0.1,capital-loss,1000,954,0,43,0,0.0
adult,1000,1,MWEMPGM_eps1000,QI1,5,0.1,hours-per-week,1000,954,0,563,0,0.0
adult,1000,1,MWEMPGM_eps1000,QI1,5,0.1,income,1000,954,122,0,0,0.0
adult,1000,1,MWEMPGM_eps1000,QI1,5,0.1,_overall,1000,954,159,1000,17,0.017
adult,1000,1,PrivateGSD_eps1,QI1,5,0.1,workclass,1000,954,50,294,0,0.0
adult,1000,1,PrivateGSD_eps1,QI1,5,0.1,fnlwgt,1000,954,0,1000,0,0.0
adult,1000,1,PrivateGSD_eps1,QI1,5,0.1,education-num,1000,954,59,272,0,0.0
adult,1000,1,PrivateGSD_eps1,QI1,5,0.1,occupation,1000,954,6,381,4,0.004
adult,1000,1,PrivateGSD_eps1,QI1,5,0.1,relationship,1000,954,63,75,0,0.0
adult,1000,1,PrivateGSD_eps1,QI1,5,0.1,capital-gain,1000,954,0,95,0,0.0
adult,1000,1,PrivateGSD_eps1,QI1,5,0.1,capital-loss,1000,954,0,43,0,0.0
adult,1000,1,PrivateGSD_eps1,QI1,5,0.1,hours-per-week,1000,954,0,563,0,0.0
adult,1000,1,PrivateGSD_eps1,QI1,5,0.1,income,1000,954,55,0,0,0.0
adult,1000,1,PrivateGSD_eps1,QI1,5,0.1,_overall,1000,954,84,1000,4,0.004
adult,1000,1,PrivateGSD_eps1000,QI1,5,0.1,workclass,1000,954,119,294,1,0.001
adult,1000,1,PrivateGSD_eps1000,QI1,5,0.1,fnlwgt,1000,954,0,1000,0,0.0
adult,1000,1,PrivateGSD_eps1000,QI1,5,0.1,education-num,1000,954,179,272,28,0.028
adult,1000,1,PrivateGSD_eps1000,QI1,5,0.1,occupation,1000,954,47,381,5,0.005
adult,1000,1,PrivateGSD_eps1000,QI1,5,0.1,relationship,1000,954,141,75,2,0.002
adult,1000,1,PrivateGSD_eps1000,QI1,5,0.1,capital-gain,1000,954,0,95,0,0.0
adult,1000,1,PrivateGSD_eps1000,QI1,5,0.1,capital-loss,1000,954,0,43,0,0.0
adult,1000,1,PrivateGSD_eps1000,QI1,5,0.1,hours-per-week,1000,954,1,563,1,0.001
adult,1000,1,PrivateGSD_eps1000,QI1,5,0.1,income,1000,954,143,0,0,0.0
adult,1000,1,PrivateGSD_eps1000,QI1,5,0.1,_overall,1000,954,181,1000,33,0.033
adult,1000,2,PrivBayes_eps1,QI1,5,0.1,workclass,1000,953,1,302,0,0.0
adult,1000,2,PrivBayes_eps1,QI1,5,0.1,fnlwgt,1000,953,0,1000,0,0.0
adult,1000,2,PrivBayes_eps1,QI1,5,0.1,education-num,1000,953,2,304,0,0.0
adult,1000,2,PrivBayes_eps1,QI1,5,0.1,occupation,1000,953,1,280,1,0.001
adult,1000,2,PrivBayes_eps1,QI1,5,0.1,relationship,1000,953,10,82,0,0.0
adult,1000,2,PrivBayes_eps1,QI1,5,0.1,capital-gain,1000,953,0,81,0,0.0
adult,1000,2,PrivBayes_eps1,QI1,5,0.1,capital-loss,1000,953,0,49,0,0.0
adult,1000,2,PrivBayes_eps1,QI1,5,0.1,hours-per-week,1000,953,0,503,0,0.0
adult,1000,2,PrivBayes_eps1,QI1,5,0.1,income,1000,953,3,0,0,0.0
adult,1000,2,PrivBayes_eps1,QI1,5,0.1,_overall,1000,953,10,1000,1,0.001
adult,1000,2,PrivBayes_eps1000,QI1,5,0.1,workclass,1000,953,109,302,9,0.009
adult,1000,2,PrivBayes_eps1000,QI1,5,0.1,fnlwgt,1000,953,0,1000,0,0.0
adult,1000,2,PrivBayes_eps1000,QI1,5,0.1,education-num,1000,953,180,304,34,0.034
adult,1000,2,PrivBayes_eps1000,QI1,5,0.1,occupation,1000,953,60,280,11,0.011
adult,1000,2,PrivBayes_eps1000,QI1,5,0.1,relationship,1000,953,149,82,7,0.007
adult,1000,2,PrivBayes_eps1000,QI1,5,0.1,capital-gain,1000,953,0,81,0,0.0
adult,1000,2,PrivBayes_eps1000,QI1,5,0.1,capital-loss,1000,953,0,49,0,0.0
adult,1000,2,PrivBayes_eps1000,QI1,5,0.1,hours-per-week,1000,953,2,503,2,0.002
adult,1000,2,PrivBayes_eps1000,QI1,5,0.1,income,1000,953,145,0,0,0.0
adult,1000,2,PrivBayes_eps1000,QI1,5,0.1,_overall,1000,953,182,1000,52,0.052
adult,1000,2,PrivSyn_eps1,QI1,5,0.1,workclass,1000,953,15,302,0,0.0
adult,1000,2,PrivSyn_eps1,QI1,5,0.1,fnlwgt,1000,953,0,1000,0,0.0
adult,1000,2,PrivSyn_eps1,QI1,5,0.1,education-num,1000,953,6,304,0,0.0
adult,1000,2,PrivSyn_eps1,QI1,5,0.1,occupation,1000,953,2,280,0,0.0
adult,1000,2,PrivSyn_eps1,QI1,5,0.1,relationship,1000,953,15,82,0,0.0
adult,1000,2,PrivSyn_eps1,QI1,5,0.1,capital-gain,1000,953,0,81,0,0.0
adult,1000,2,PrivSyn_eps1,QI1,5,0.1,capital-loss,1000,953,24,49,0,0.0
adult,1000,2,PrivSyn_eps1,QI1,5,0.1,hours-per-week,1000,953,7,503,0,0.0
adult,1000,2,PrivSyn_eps1,QI1,5,0.1,income,1000,953,12,0,0,0.0
adult,1000,2,PrivSyn_eps1,QI1,5,0.1,_overall,1000,953,24,1000,0,0.0
adult,1000,2,PrivSyn_eps1000,QI1,5,0.1,workclass,1000,953,43,302,2,0.002
adult,1000,2,PrivSyn_eps1000,QI1,5,0.1,fnlwgt,1000,953,0,1000,0,0.0
adult,1000,2,PrivSyn_eps1000,QI1,5,0.1,education-num,1000,953,46,304,2,0.002
adult,1000,2,PrivSyn_eps1000,QI1,5,0.1,occupation,1000,953,10,280,1,0.001
adult,1000,2,PrivSyn_eps1000,QI1,5,0.1,relationship,1000,953,51,82,0,0.0
adult,1000,2,PrivSyn_eps1000,QI1,5,0.1,capital-gain,1000,953,0,81,0,0.0
adult,1000,2,PrivSyn_eps1000,QI1,5,0.1,capital-loss,1000,953,71,49,0,0.0
adult,1000,2,PrivSyn_eps1000,QI1,5,0.1,hours-per-week,1000,953,23,503,3,0.003
adult,1000,2,PrivSyn_eps1000,QI1,5,0.1,income,1000,953,50,0,0,0.0
adult,1000,2,PrivSyn_eps1000,QI1,5,0.1,_overall,1000,953,81,1000,8,0.008
adult,1000,2,MWEMPGM_eps1,QI1,5,0.1,workclass,1000,953,70,302,3,0.003
adult,1000,2,MWEMPGM_eps1,QI1,5,0.1,fnlwgt,1000,953,0,1000,0,0.0
adult,1000,2,MWEMPGM_eps1,QI1,5,0.1,education-num,1000,953,107,304,6,0.006
adult,1000,2,MWEMPGM_eps1,QI1,5,0.1,occupation,1000,953,14,280,1,0.001
adult,1000,2,MWEMPGM_eps1,QI1,5,0.1,relationship,1000,953,96,82,0,0.0
adult,1000,2,MWEMPGM_eps1,QI1,5,0.1,capital-gain,1000,953,0,81,0,0.0
adult,1000,2,MWEMPGM_eps1,QI1,5,0.1,capital-loss,1000,953,0,49,0,0.0
adult,1000,2,MWEMPGM_eps1,QI1,5,0.1,hours-per-week,1000,953,1,503,1,0.001
adult,1000,2,MWEMPGM_eps1,QI1,5,0.1,income,1000,953,84,0,0,0.0
adult,1000,2,MWEMPGM_eps1,QI1,5,0.1,_overall,1000,953,125,1000,11,0.011
adult,1000,2,MWEMPGM_eps1000,QI1,5,0.1,workclass,1000,953,102,302,4,0.004
adult,1000,2,MWEMPGM_eps1000,QI1,5,0.1,fnlwgt,1000,953,0,1000,0,0.0
adult,1000,2,MWEMPGM_eps1000,QI1,5,0.1,education-num,1000,953,175,304,23,0.023
adult,1000,2,MWEMPGM_eps1000,QI1,5,0.1,occupation,1000,953,39,280,4,0.004
adult,1000,2,MWEMPGM_eps1000,QI1,5,0.1,relationship,1000,953,143,82,8,0.008
adult,1000,2,MWEMPGM_eps1000,QI1,5,0.1,capital-gain,1000,953,0,81,0,0.0
adult,1000,2,MWEMPGM_eps1000,QI1,5,0.1,capital-loss,1000,953,0,49,0,0.0
adult,1000,2,MWEMPGM_eps1000,QI1,5,0.1,hours-per-week,1000,953,1,503,1,0.001
adult,1000,2,MWEMPGM_eps1000,QI1,5,0.1,income,1000,953,135,0,0,0.0
adult,1000,2,MWEMPGM_eps1000,QI1,5,0.1,_overall,1000,953,185,1000,38,0.038
adult,1000,2,PrivateGSD_eps1,QI1,5,0.1,workclass,1000,953,60,302,0,0.0
adult,1000,2,PrivateGSD_eps1,QI1,5,0.1,fnlwgt,1000,953,0,1000,0,0.0
adult,1000,2,PrivateGSD_eps1,QI1,5,0.1,education-num,1000,953,68,304,1,0.001
adult,1000,2,PrivateGSD_eps1,QI1,5,0.1,occupation,1000,953,8,280,1,0.001
adult,1000,2,PrivateGSD_eps1,QI1,5,0.1,relationship,1000,953,65,82,1,0.001
adult,1000,2,PrivateGSD_eps1,QI1,5,0.1,capital-gain,1000,953,0,81,0,0.0
adult,1000,2,PrivateGSD_eps1,QI1,5,0.1,capital-loss,1000,953,0,49,0,0.0
adult,1000,2,PrivateGSD_eps1,QI1,5,0.1,hours-per-week,1000,953,1,503,1,0.001
adult,1000,2,PrivateGSD_eps1,QI1,5,0.1,income,1000,953,77,0,0,0.0
adult,1000,2,PrivateGSD_eps1,QI1,5,0.1,_overall,1000,953,97,1000,4,0.004
adult,1000,2,PrivateGSD_eps1000,QI1,5,0.1,workclass,1000,953,119,302,3,0.003
adult,1000,2,PrivateGSD_eps1000,QI1,5,0.1,fnlwgt,1000,953,0,1000,0,0.0
adult,1000,2,PrivateGSD_eps1000,QI1,5,0.1,education-num,1000,953,188,304,33,0.033
adult,1000,2,PrivateGSD_eps1000,QI1,5,0.1,occupation,1000,953,49,280,2,0.002
adult,1000,2,PrivateGSD_eps1000,QI1,5,0.1,relationship,1000,953,157,82,7,0.007
adult,1000,2,PrivateGSD_eps1000,QI1,5,0.1,capital-gain,1000,953,0,81,0,0.0
adult,1000,2,PrivateGSD_eps1000,QI1,5,0.1,capital-loss,1000,953,0,49,0,0.0
adult,1000,2,PrivateGSD_eps1000,QI1,5,0.1,hours-per-week,1000,953,0,503,0,0.0
adult,1000,2,PrivateGSD_eps1000,QI1,5,0.1,income,1000,953,143,0,0,0.0
adult,1000,2,PrivateGSD_eps1000,QI1,5,0.1,_overall,1000,953,190,1000,40,0.04
adult,1000,3,PrivBayes_eps1,QI1,5,0.1,workclass,1000,946,2,287,1,0.001
adult,1000,3,PrivBayes_eps1,QI1,5,0.1,fnlwgt,1000,946,0,1000,0,0.0
adult,1000,3,PrivBayes_eps1,QI1,5,0.1,education-num,1000,946,6,262,1,0.001
adult,1000,3,PrivBayes_eps1,QI1,5,0.1,occupation,1000,946,1,262,0,0.0
adult,1000,3,PrivBayes_eps1,QI1,5,0.1,relationship,1000,946,11,66,0,0.0
adult,1000,3,PrivBayes_eps1,QI1,5,0.1,capital-gain,1000,946,0,85,0,0.0
adult,1000,3,PrivBayes_eps1,QI1,5,0.1,capital-loss,1000,946,0,35,0,0.0
adult,1000,3,PrivBayes_eps1,QI1,5,0.1,hours-per-week,1000,946,0,515,0,0.0
adult,1000,3,PrivBayes_eps1,QI1,5,0.1,income,1000,946,8,0,0,0.0
adult,1000,3,PrivBayes_eps1,QI1,5,0.1,_overall,1000,946,14,1000,2,0.002
adult,1000,3,PrivBayes_eps1000,QI1,5,0.1,workclass,1000,946,129,287,5,0.005
adult,1000,3,PrivBayes_eps1000,QI1,5,0.1,fnlwgt,1000,946,0,1000,0,0.0
adult,1000,3,PrivBayes_eps1000,QI1,5,0.1,education-num,1000,946,193,262,33,0.033
adult,1000,3,PrivBayes_eps1000,QI1,5,0.1,occupation,1000,946,46,262,3,0.003
adult,1000,3,PrivBayes_eps1000,QI1,5,0.1,relationship,1000,946,145,66,2,0.002
adult,1000,3,PrivBayes_eps1000,QI1,5,0.1,capital-gain,1000,946,0,85,0,0.0
adult,1000,3,PrivBayes_eps1000,QI1,5,0.1,capital-loss,1000,946,0,35,0,0.0
adult,1000,3,PrivBayes_eps1000,QI1,5,0.1,hours-per-week,1000,946,4,515,3,0.003
adult,1000,3,PrivBayes_eps1000,QI1,5,0.1,income,1000,946,132,0,0,0.0
adult,1000,3,PrivBayes_eps1000,QI1,5,0.1,_overall,1000,946,194,1000,39,0.039
adult,1000,3,PrivSyn_eps1,QI1,5,0.1,workclass,1000,946,22,287,0,0.0
adult,1000,3,PrivSyn_eps1,QI1,5,0.1,fnlwgt,1000,946,0,1000,0,0.0
adult,1000,3,PrivSyn_eps1,QI1,5,0.1,education-num,1000,946,8,262,0,0.0
adult,1000,3,PrivSyn_eps1,QI1,5,0.1,occupation,1000,946,0,262,0,0.0
adult,1000,3,PrivSyn_eps1,QI1,5,0.1,relationship,1000,946,21,66,0,0.0
adult,1000,3,PrivSyn_eps1,QI1,5,0.1,capital-gain,1000,946,0,85,0,0.0
adult,1000,3,PrivSyn_eps1,QI1,5,0.1,capital-loss,1000,946,28,35,0,0.0
adult,1000,3,PrivSyn_eps1,QI1,5,0.1,hours-per-week,1000,946,11,515,0,0.0
adult,1000,3,PrivSyn_eps1,QI1,5,0.1,income,1000,946,15,0,0,0.0
adult,1000,3,PrivSyn_eps1,QI1,5,0.1,_overall,1000,946,29,1000,0,0.0
adult,1000,3,PrivSyn_eps1000,QI1,5,0.1,workclass,1000,946,73,287,3,0.003
adult,1000,3,PrivSyn_eps1000,QI1,5,0.1,fnlwgt,1000,946,0,1000,0,0.0
adult,1000,3,PrivSyn_eps1000,QI1,5,0.1,education-num,1000,946,91,262,2,0.002
adult,1000,3,PrivSyn_eps1000,QI1,5,0.1,occupation,1000,946,18,262,0,0.0
adult,1000,3,PrivSyn_eps1000,QI1,5,0.1,relationship,1000,946,80,66,0,0.0
adult,1000,3,PrivSyn_eps1000,QI1,5,0.1,capital-gain,1000,946,1,85,1,0.001
adult,1000,3,PrivSyn_eps1000,QI1,5,0.1,capital-loss,1000,946,111,35,0,0.0
adult,1000,3,PrivSyn_eps1000,QI1,5,0.1,hours-per-week,1000,946,28,515,3,0.003
adult,1000,3,PrivSyn_eps1000,QI1,5,0.1,income,1000,946,88,0,0,0.0
adult,1000,3,PrivSyn_eps1000,QI1,5,0.1,_overall,1000,946,120,1000,8,0.008
adult,1000,3,MWEMPGM_eps1,QI1,5,0.1,workclass,1000,946,101,287,0,0.0
adult,1000,3,MWEMPGM_eps1,QI1,5,0.1,fnlwgt,1000,946,0,1000,0,0.0
adult,1000,3,MWEMPGM_eps1,QI1,5,0.1,education-num,1000,946,133,262,2,0.002
adult,1000,3,MWEMPGM_eps1,QI1,5,0.1,occupation,1000,946,21,262,1,0.001
adult,1000,3,MWEMPGM_eps1,QI1,5,0.1,relationship,1000,946,99,66,0,0.0
adult,1000,3,MWEMPGM_eps1,QI1,5,0.1,capital-gain,1000,946,0,85,0,0.0
adult,1000,3,MWEMPGM_eps1,QI1,5,0.1,capital-loss,1000,946,0,35,0,0.0
adult,1000,3,MWEMPGM_eps1,QI1,5,0.1,hours-per-week,1000,946,3,515,2,0.002
adult,1000,3,MWEMPGM_eps1,QI1,5,0.1,income,1000,946,106,0,0,0.0
adult,1000,3,MWEMPGM_eps1,QI1,5,0.1,_overall,1000,946,147,1000,5,0.005
adult,1000,3,MWEMPGM_eps1000,QI1,5,0.1,workclass,1000,946,124,287,1,0.001
adult,1000,3,MWEMPGM_eps1000,QI1,5,0.1,fnlwgt,1000,946,0,1000,0,0.0
adult,1000,3,MWEMPGM_eps1000,QI1,5,0.1,education-num,1000,946,191,262,17,0.017
adult,1000,3,MWEMPGM_eps1000,QI1,5,0.1,occupation,1000,946,45,262,1,0.001
adult,1000,3,MWEMPGM_eps1000,QI1,5,0.1,relationship,1000,946,139,66,2,0.002
adult,1000,3,MWEMPGM_eps1000,QI1,5,0.1,capital-gain,1000,946,0,85,0,0.0
adult,1000,3,MWEMPGM_eps1000,QI1,5,0.1,capital-loss,1000,946,0,35,0,0.0
adult,1000,3,MWEMPGM_eps1000,QI1,5,0.1,hours-per-week,1000,946,4,515,4,0.004
adult,1000,3,MWEMPGM_eps1000,QI1,5,0.1,income,1000,946,161,0,0,0.0
adult,1000,3,MWEMPGM_eps1000,QI1,5,0.1,_overall,1000,946,202,1000,23,0.023
adult,1000,3,PrivateGSD_eps1,QI1,5,0.1,workclass,1000,946,58,287,5,0.005
adult,1000,3,PrivateGSD_eps1,QI1,5,0.1,fnlwgt,1000,946,0,1000,0,0.0
adult,1000,3,PrivateGSD_eps1,QI1,5,0.1,education-num,1000,946,67,262,0,0.0
adult,1000,3,PrivateGSD_eps1,QI1,5,0.1,occupation,1000,946,20,262,1,0.001
adult,1000,3,PrivateGSD_eps1,QI1,5,0.1,relationship,1000,946,76,66,0,0.0
adult,1000,3,PrivateGSD_eps1,QI1,5,0.1,capital-gain,1000,946,0,85,0,0.0
adult,1000,3,PrivateGSD_eps1,QI1,5,0.1,capital-loss,1000,946,0,35,0,0.0
adult,1000,3,PrivateGSD_eps1,QI1,5,0.1,hours-per-week,1000,946,1,515,1,0.001
adult,1000,3,PrivateGSD_eps1,QI1,5,0.1,income,1000,946,85,0,0,0.0
adult,1000,3,PrivateGSD_eps1,QI1,5,0.1,_overall,1000,946,121,1000,7,0.007
adult,1000,3,PrivateGSD_eps1000,QI1,5,0.1,workclass,1000,946,131,287,0,0.0
adult,1000,3,PrivateGSD_eps1000,QI1,5,0.1,fnlwgt,1000,946,0,1000,0,0.0
adult,1000,3,PrivateGSD_eps1000,QI1,5,0.1,education-num,1000,946,202,262,25,0.025
adult,1000,3,PrivateGSD_eps1000,QI1,5,0.1,occupation,1000,946,58,262,6,0.006
adult,1000,3,PrivateGSD_eps1000,QI1,5,0.1,relationship,1000,946,167,66,4,0.004
adult,1000,3,PrivateGSD_eps1000,QI1,5,0.1,capital-gain,1000,946,0,85,0,0.0
adult,1000,3,PrivateGSD_eps1000,QI1,5,0.1,capital-loss,1000,946,0,35,0,0.0
adult,1000,3,PrivateGSD_eps1000,QI1,5,0.1,hours-per-week,1000,946,3,515,2,0.002
adult,1000,3,PrivateGSD_eps1000,QI1,5,0.1,income,1000,946,159,0,0,0.0
adult,1000,3,PrivateGSD_eps1000,QI1,5,0.1,_overall,1000,946,205,1000,34,0.034
adult,1000,4,PrivBayes_eps1,QI1,5,0.1,workclass,1000,952,0,289,0,0.0
adult,1000,4,PrivBayes_eps1,QI1,5,0.1,fnlwgt,1000,952,0,1000,0,0.0
adult,1000,4,PrivBayes_eps1,QI1,5,0.1,education-num,1000,952,0,301,0,0.0
adult,1000,4,PrivBayes_eps1,QI1,5,0.1,occupation,1000,952,0,263,0,0.0
adult,1000,4,PrivBayes_eps1,QI1,5,0.1,relationship,1000,952,9,80,0,0.0
adult,1000,4,PrivBayes_eps1,QI1,5,0.1,capital-gain,1000,952,0,74,0,0.0
adult,1000,4,PrivBayes_eps1,QI1,5,0.1,capital-loss,1000,952,0,43,0,0.0
adult,1000,4,PrivBayes_eps1,QI1,5,0.1,hours-per-week,1000,952,0,542,0,0.0
adult,1000,4,PrivBayes_eps1,QI1,5,0.1,income,1000,952,3,0,0,0.0
adult,1000,4,PrivBayes_eps1,QI1,5,0.1,_overall,1000,952,9,1000,0,0.0
adult,1000,4,PrivBayes_eps1000,QI1,5,0.1,workclass,1000,952,94,289,8,0.008
adult,1000,4,PrivBayes_eps1000,QI1,5,0.1,fnlwgt,1000,952,0,1000,0,0.0
adult,1000,4,PrivBayes_eps1000,QI1,5,0.1,education-num,1000,952,147,301,21,0.021
adult,1000,4,PrivBayes_eps1000,QI1,5,0.1,occupation,1000,952,40,263,10,0.01
adult,1000,4,PrivBayes_eps1000,QI1,5,0.1,relationship,1000,952,119,80,4,0.004
adult,1000,4,PrivBayes_eps1000,QI1,5,0.1,capital-gain,1000,952,0,74,0,0.0
adult,1000,4,PrivBayes_eps1000,QI1,5,0.1,capital-loss,1000,952,0,43,0,0.0
adult,1000,4,PrivBayes_eps1000,QI1,5,0.1,hours-per-week,1000,952,2,542,2,0.002
adult,1000,4,PrivBayes_eps1000,QI1,5,0.1,income,1000,952,118,0,0,0.0
adult,1000,4,PrivBayes_eps1000,QI1,5,0.1,_overall,1000,952,147,1000,38,0.038
adult,1000,4,PrivSyn_eps1,QI1,5,0.1,workclass,1000,952,10,289,1,0.001
adult,1000,4,PrivSyn_eps1,QI1,5,0.1,fnlwgt,1000,952,0,1000,0,0.0
adult,1000,4,PrivSyn_eps1,QI1,5,0.1,education-num,1000,952,3,301,0,0.0
adult,1000,4,PrivSyn_eps1,QI1,5,0.1,occupation,1000,952,2,263,0,0.0
adult,1000,4,PrivSyn_eps1,QI1,5,0.1,relationship,1000,952,1,80,0,0.0
adult,1000,4,PrivSyn_eps1,QI1,5,0.1,capital-gain,1000,952,0,74,0,0.0
adult,1000,4,PrivSyn_eps1,QI1,5,0.1,capital-loss,1000,952,17,43,0,0.0
adult,1000,4,PrivSyn_eps1,QI1,5,0.1,hours-per-week,1000,952,6,542,0,0.0
adult,1000,4,PrivSyn_eps1,QI1,5,0.1,income,1000,952,14,0,0,0.0
adult,1000,4,PrivSyn_eps1,QI1,5,0.1,_overall,1000,952,18,1000,1,0.001
adult,1000,4,PrivSyn_eps1000,QI1,5,0.1,workclass,1000,952,43,289,2,0.002
adult,1000,4,PrivSyn_eps1000,QI1,5,0.1,fnlwgt,1000,952,0,1000,0,0.0
adult,1000,4,PrivSyn_eps1000,QI1,5,0.1,education-num,1000,952,53,301,0,0.0
adult,1000,4,PrivSyn_eps1000,QI1,5,0.1,occupation,1000,952,15,263,7,0.007
adult,1000,4,PrivSyn_eps1000,QI1,5,0.1,relationship,1000,952,51,80,1,0.001
adult,1000,4,PrivSyn_eps1000,QI1,5,0.1,capital-gain,1000,952,0,74,0,0.0
adult,1000,4,PrivSyn_eps1000,QI1,5,0.1,capital-loss,1000,952,72,43,0,0.0
adult,1000,4,PrivSyn_eps1000,QI1,5,0.1,hours-per-week,1000,952,28,542,3,0.003
adult,1000,4,PrivSyn_eps1000,QI1,5,0.1,income,1000,952,61,0,0,0.0
adult,1000,4,PrivSyn_eps1000,QI1,5,0.1,_overall,1000,952,79,1000,13,0.013
adult,1000,4,MWEMPGM_eps1,QI1,5,0.1,workclass,1000,952,78,289,1,0.001
adult,1000,4,MWEMPGM_eps1,QI1,5,0.1,fnlwgt,1000,952,0,1000,0,0.0
adult,1000,4,MWEMPGM_eps1,QI1,5,0.1,education-num,1000,952,115,301,2,0.002
adult,1000,4,MWEMPGM_eps1,QI1,5,0.1,occupation,1000,952,9,263,0,0.0
adult,1000,4,MWEMPGM_eps1,QI1,5,0.1,relationship,1000,952,78,80,0,0.0
adult,1000,4,MWEMPGM_eps1,QI1,5,0.1,capital-gain,1000,952,0,74,0,0.0
adult,1000,4,MWEMPGM_eps1,QI1,5,0.1,capital-loss,1000,952,0,43,0,0.0
adult,1000,4,MWEMPGM_eps1,QI1,5,0.1,hours-per-week,1000,952,1,542,1,0.001
adult,1000,4,MWEMPGM_eps1,QI1,5,0.1,income,1000,952,99,0,0,0.0
adult,1000,4,MWEMPGM_eps1,QI1,5,0.1,_overall,1000,952,128,1000,4,0.004
adult,1000,4,MWEMPGM_eps1000,QI1,5,0.1,workclass,1000,952,102,289,2,0.002
adult,1000,4,MWEMPGM_eps1000,QI1,5,0.1,fnlwgt,1000,952,0,1000,0,0.0
adult,1000,4,MWEMPGM_eps1000,QI1,5,0.1,education-num,1000,952,146,301,12,0.012
adult,1000,4,MWEMPGM_eps1000,QI1,5,0.1,occupation,1000,952,29,263,6,0.006
adult,1000,4,MWEMPGM_eps1000,QI1,5,0.1,relationship,1000,952,111,80,4,0.004
adult,1000,4,MWEMPGM_eps1000,QI1,5,0.1,capital-gain,1000,952,0,74,0,0.0
adult,1000,4,MWEMPGM_eps1000,QI1,5,0.1,capital-loss,1000,952,0,43,0,0.0
adult,1000,4,MWEMPGM_eps1000,QI1,5,0.1,hours-per-week,1000,952,3,542,3,0.003
adult,1000,4,MWEMPGM_eps1000,QI1,5,0.1,income,1000,952,121,0,0,0.0
adult,1000,4,MWEMPGM_eps1000,QI1,5,0.1,_overall,1000,952,155,1000,22,0.022
adult,1000,4,PrivateGSD_eps1,QI1,5,0.1,workclass,1000,952,54,289,0,0.0
adult,1000,4,PrivateGSD_eps1,QI1,5,0.1,fnlwgt,1000,952,0,1000,0,0.0
adult,1000,4,PrivateGSD_eps1,QI1,5,0.1,education-num,1000,952,45,301,0,0.0
adult,1000,4,PrivateGSD_eps1,QI1,5,0.1,occupation,1000,952,13,263,3,0.003
adult,1000,4,PrivateGSD_eps1,QI1,5,0.1,relationship,1000,952,58,80,0,0.0
adult,1000,4,PrivateGSD_eps1,QI1,5,0.1,capital-gain,1000,952,0,74,0,0.0
adult,1000,4,PrivateGSD_eps1,QI1,5,0.1,capital-loss,1000,952,0,43,0,0.0
adult,1000,4,PrivateGSD_eps1,QI1,5,0.1,hours-per-week,1000,952,0,542,0,0.0
adult,1000,4,PrivateGSD_eps1,QI1,5,0.1,income,1000,952,67,0,0,0.0
adult,1000,4,PrivateGSD_eps1,QI1,5,0.1,_overall,1000,952,88,1000,3,0.003
adult,1000,4,PrivateGSD_eps1000,QI1,5,0.1,workclass,1000,952,104,289,3,0.003
adult,1000,4,PrivateGSD_eps1000,QI1,5,0.1,fnlwgt,1000,952,0,1000,0,0.0
adult,1000,4,PrivateGSD_eps1000,QI1,5,0.1,education-num,1000,952,165,301,28,0.028
adult,1000,4,PrivateGSD_eps1000,QI1,5,0.1,occupation,1000,952,31,263,2,0.002
adult,1000,4,PrivateGSD_eps1000,QI1,5,0.1,relationship,1000,952,130,80,4,0.004
adult,1000,4,PrivateGSD_eps1000,QI1,5,0.1,capital-gain,1000,952,0,74,0,0.0
adult,1000,4,PrivateGSD_eps1000,QI1,5,0.1,capital-loss,1000,952,0,43,0,0.0
adult,1000,4,PrivateGSD_eps1000,QI1,5,0.1,hours-per-week,1000,952,3,542,3,0.003
adult,1000,4,PrivateGSD_eps1000,QI1,5,0.1,income,1000,952,143,0,0,0.0
adult,1000,4,PrivateGSD_eps1000,QI1,5,0.1,_overall,1000,952,166,1000,38,0.038
adult,10000,0,PrivBayes_eps1,QI1,5,0.1,workclass,10000,5206,1120,2962,16,0.0016
adult,10000,0,PrivBayes_eps1,QI1,5,0.1,fnlwgt,10000,5206,0,10000,0,0.0
adult,10000,0,PrivBayes_eps1,QI1,5,0.1,education-num,10000,5206,1721,2870,158,0.0158
adult,10000,0,PrivBayes_eps1,QI1,5,0.1,occupation,10000,5206,348,2783,8,0.0008
adult,10000,0,PrivBayes_eps1,QI1,5,0.1,relationship,10000,5206,1329,756,59,0.0059
adult,10000,0,PrivBayes_eps1,QI1,5,0.1,capital-gain,10000,5206,0,829,0,0.0
adult,10000,0,PrivBayes_eps1,QI1,5,0.1,capital-loss,10000,5206,0,444,0,0.0
adult,10000,0,PrivBayes_eps1,QI1,5,0.1,hours-per-week,10000,5206,15,5344,10,0.001
adult,10000,0,PrivBayes_eps1,QI1,5,0.1,income,10000,5206,1524,0,0,0.0
adult,10000,0,PrivBayes_eps1,QI1,5,0.1,_overall,10000,5206,1918,10000,239,0.0239
adult,10000,0,PrivBayes_eps1000,QI1,5,0.1,workclass,10000,5206,1506,2962,12,0.0012
adult,10000,0,PrivBayes_eps1000,QI1,5,0.1,fnlwgt,10000,5206,0,10000,0,0.0
adult,10000,0,PrivBayes_eps1000,QI1,5,0.1,education-num,10000,5206,2242,2870,421,0.0421
adult,10000,0,PrivBayes_eps1000,QI1,5,0.1,occupation,10000,5206,515,2783,13,0.0013
adult,10000,0,PrivBayes_eps1000,QI1,5,0.1,relationship,10000,5206,1169,756,8,0.0008
adult,10000,0,PrivBayes_eps1000,QI1,5,0.1,capital-gain,10000,5206,0,829,0,0.0
adult,10000,0,PrivBayes_eps1000,QI1,5,0.1,capital-loss,10000,5206,0,444,0,0.0
adult,10000,0,PrivBayes_eps1000,QI1,5,0.1,hours-per-week,10000,5206,30,5344,16,0.0016
adult,10000,0,PrivBayes_eps1000,QI1,5,0.1,income,10000,5206,1740,0,0,0.0
adult,10000,0,PrivBayes_eps1000,QI1,5,0.1,_overall,10000,5206,2242,10000,444,0.0444
adult,10000,0,PrivSyn_eps1,QI1,5,0.1,workclass,10000,5206,892,2962,9,0.0009
adult,10000,0,PrivSyn_eps1,QI1,5,0.1,fnlwgt,10000,5206,0,10000,0,0.0
adult,10000,0,PrivSyn_eps1,QI1,5,0.1,education-num,10000,5206,1309,2870,45,0.0045
adult,10000,0,PrivSyn_eps1,QI1,5,0.1,occupation,10000,5206,258,2783,4,0.0004
adult,10000,0,PrivSyn_eps1,QI1,5,0.1,relationship,10000,5206,1149,756,25,0.0025
adult,10000,0,PrivSyn_eps1,QI1,5,0.1,capital-gain,10000,5206,0,829,0,0.0
adult,10000,0,PrivSyn_eps1,QI1,5,0.1,capital-loss,10000,5206,1463,444,0,0.0
adult,10000,0,PrivSyn_eps1,QI1,5,0.1,hours-per-week,10000,5206,411,5344,3,0.0003
adult,10000,0,PrivSyn_eps1,QI1,5,0.1,income,10000,5206,1185,0,0,0.0
adult,10000,0,PrivSyn_eps1,QI1,5,0.1,_overall,10000,5206,1569,10000,85,0.0085
adult,10000,0,PrivSyn_eps1000,QI1,5,0.1,workclass,10000,5206,1170,2962,17,0.0017
adult,10000,0,PrivSyn_eps1000,QI1,5,0.1,fnlwgt,10000,5206,0,10000,0,0.0
adult,10000,0,PrivSyn_eps1000,QI1,5,0.1,education-num,10000,5206,1839,2870,181,0.0181
adult,10000,0,PrivSyn_eps1000,QI1,5,0.1,occupation,10000,5206,365,2783,12,0.0012
adult,10000,0,PrivSyn_eps1000,QI1,5,0.1,relationship,10000,5206,1451,756,58,0.0058
adult,10000,0,PrivSyn_eps1000,QI1,5,0.1,capital-gain,10000,5206,0,829,0,0.0
adult,10000,0,PrivSyn_eps1000,QI1,5,0.1,capital-loss,10000,5206,1791,444,0,0.0
adult,10000,0,PrivSyn_eps1000,QI1,5,0.1,hours-per-week,10000,5206,623,5344,14,0.0014
adult,10000,0,PrivSyn_eps1000,QI1,5,0.1,income,10000,5206,1492,0,0,0.0
adult,10000,0,PrivSyn_eps1000,QI1,5,0.1,_overall,10000,5206,1916,10000,251,0.0251
adult,10000,0,MWEMPGM_eps1,QI1,5,0.1,workclass,10000,5206,1449,2962,8,0.0008
adult,10000,0,MWEMPGM_eps1,QI1,5,0.1,fnlwgt,10000,5206,0,10000,0,0.0
adult,10000,0,MWEMPGM_eps1,QI1,5,0.1,education-num,10000,5206,1987,2870,243,0.0243
adult,10000,0,MWEMPGM_eps1,QI1,5,0.1,occupation,10000,5206,555,2783,13,0.0013
adult,10000,0,MWEMPGM_eps1,QI1,5,0.1,relationship,10000,5206,1530,756,79,0.0079
adult,10000,0,MWEMPGM_eps1,QI1,5,0.1,capital-gain,10000,5206,0,829,0,0.0
adult,10000,0,MWEMPGM_eps1,QI1,5,0.1,capital-loss,10000,5206,0,444,0,0.0
adult,10000,0,MWEMPGM_eps1,QI1,5,0.1,hours-per-week,10000,5206,31,5344,15,0.0015
adult,10000,0,MWEMPGM_eps1,QI1,5,0.1,income,10000,5206,1544,0,0,0.0
adult,10000,0,MWEMPGM_eps1,QI1,5,0.1,_overall,10000,5206,2145,10000,339,0.0339
adult,10000,0,MWEMPGM_eps1000,QI1,5,0.1,workclass,10000,5206,1516,2962,11,0.0011
adult,10000,0,MWEMPGM_eps1000,QI1,5,0.1,fnlwgt,10000,5206,0,10000,0,0.0
adult,10000,0,MWEMPGM_eps1000,QI1,5,0.1,education-num,10000,5206,2089,2870,282,0.0282
adult,10000,0,MWEMPGM_eps1000,QI1,5,0.1,occupation,10000,5206,567,2783,18,0.0018
adult,10000,0,MWEMPGM_eps1000,QI1,5,0.1,relationship,10000,5206,1617,756,84,0.0084
adult,10000,0,MWEMPGM_eps1000,QI1,5,0.1,capital-gain,10000,5206,0,829,0,0.0
adult,10000,0,MWEMPGM_eps1000,QI1,5,0.1,capital-loss,10000,5206,0,444,0,0.0
adult,10000,0,MWEMPGM_eps1000,QI1,5,0.1,hours-per-week,10000,5206,34,5344,18,0.0018
adult,10000,0,MWEMPGM_eps1000,QI1,5,0.1,income,10000,5206,1676,0,0,0.0
adult,10000,0,MWEMPGM_eps1000,QI1,5,0.1,_overall,10000,5206,2225,10000,386,0.0386
adult,10000,0,PrivateGSD_eps1,QI1,5,0.1,workclass,10000,5206,1206,2962,17,0.0017
adult,10000,0,PrivateGSD_eps1,QI1,5,0.1,fnlwgt,10000,5206,0,10000,0,0.0
adult,10000,0,PrivateGSD_eps1,QI1,5,0.1,education-num,10000,5206,1759,2870,180,0.018
adult,10000,0,PrivateGSD_eps1,QI1,5,0.1,occupation,10000,5206,385,2783,10,0.001
adult,10000,0,PrivateGSD_eps1,QI1,5,0.1,relationship,10000,5206,1428,756,41,0.0041
adult,10000,0,PrivateGSD_eps1,QI1,5,0.1,capital-gain,10000,5206,0,829,0,0.0
adult,10000,0,PrivateGSD_eps1,QI1,5,0.1,capital-loss,10000,5206,0,444,0,0.0
adult,10000,0,PrivateGSD_eps1,QI1,5,0.1,hours-per-week,10000,5206,21,5344,11,0.0011
adult,10000,0,PrivateGSD_eps1,QI1,5,0.1,income,10000,5206,1491,0,0,0.0
adult,10000,0,PrivateGSD_eps1,QI1,5,0.1,_overall,10000,5206,1929,10000,242,0.0242
adult,10000,0,PrivateGSD_eps1000,QI1,5,0.1,workclass,10000,5206,1553,2962,18,0.0018
adult,10000,0,PrivateGSD_eps1000,QI1,5,0.1,fnlwgt,10000,5206,0,10000,0,0.0
adult,10000,0,PrivateGSD_eps1000,QI1,5,0.1,education-num,10000,5206,2321,2870,436,0.0436
adult,10000,0,PrivateGSD_eps1000,QI1,5,0.1,occupation,10000,5206,618,2783,28,0.0028
adult,10000,0,PrivateGSD_eps1000,QI1,5,0.1,relationship,10000,5206,1794,756,101,0.0101
adult,10000,0,PrivateGSD_eps1000,QI1,5,0.1,capital-gain,10000,5206,0,829,0,0.0
adult,10000,0,PrivateGSD_eps1000,QI1,5,0.1,capital-loss,10000,5206,0,444,0,0.0
adult,10000,0,PrivateGSD_eps1000,QI1,5,0.1,hours-per-week,10000,5206,37,5344,21,0.0021
adult,10000,0,PrivateGSD_eps1000,QI1,5,0.1,income,10000,5206,1872,0,0,0.0
adult,10000,0,PrivateGSD_eps1000,QI1,5,0.1,_overall,10000,5206,2323,10000,547,0.0547
adult,10000,1,PrivBayes_eps1,QI1,5,0.1,workclass,10000,5112,1129,2943,22,0.0022
adult,10000,1,PrivBayes_eps1,QI1,5,0.1,fnlwgt,10000,5112,0,10000,0,0.0
adult,10000,1,PrivBayes_eps1,QI1,5,0.1,education-num,10000,5112,1707,2861,123,0.0123
adult,10000,1,PrivBayes_eps1,QI1,5,0.1,occupation,10000,5112,387,2767,12,0.0012
adult,10000,1,PrivBayes_eps1,QI1,5,0.1,relationship,10000,5112,1378,749,41,0.0041
adult,10000,1,PrivBayes_eps1,QI1,5,0.1,capital-gain,10000,5112,0,816,0,0.0
adult,10000,1,PrivBayes_eps1,QI1,5,0.1,capital-loss,10000,5112,0,483,0,0.0
adult,10000,1,PrivBayes_eps1,QI1,5,0.1,hours-per-week,10000,5112,16,5392,7,0.0007
adult,10000,1,PrivBayes_eps1,QI1,5,0.1,income,10000,5112,1504,0,0,0.0
adult,10000,1,PrivBayes_eps1,QI1,5,0.1,_overall,10000,5112,1912,10000,188,0.0188
adult,10000,1,PrivBayes_eps1000,QI1,5,0.1,workclass,10000,5112,1538,2943,10,0.001
adult,10000,1,PrivBayes_eps1000,QI1,5,0.1,fnlwgt,10000,5112,0,10000,0,0.0
adult,10000,1,PrivBayes_eps1000,QI1,5,0.1,education-num,10000,5112,755,2861,13,0.0013
adult,10000,1,PrivBayes_eps1000,QI1,5,0.1,occupation,10000,5112,350,2767,10,0.001
adult,10000,1,PrivBayes_eps1000,QI1,5,0.1,relationship,10000,5112,1647,749,71,0.0071
adult,10000,1,PrivBayes_eps1000,QI1,5,0.1,capital-gain,10000,5112,0,816,0,0.0
adult,10000,1,PrivBayes_eps1000,QI1,5,0.1,capital-loss,10000,5112,0,483,0,0.0
adult,10000,1,PrivBayes_eps1000,QI1,5,0.1,hours-per-week,10000,5112,25,5392,14,0.0014
adult,10000,1,PrivBayes_eps1000,QI1,5,0.1,income,10000,5112,1674,0,0,0.0
adult,10000,1,PrivBayes_eps1000,QI1,5,0.1,_overall,10000,5112,2276,10000,114,0.0114
adult,10000,1,PrivSyn_eps1,QI1,5,0.1,workclass,10000,5112,934,2943,7,0.0007
adult,10000,1,PrivSyn_eps1,QI1,5,0.1,fnlwgt,10000,5112,0,10000,0,0.0
adult,10000,1,PrivSyn_eps1,QI1,5,0.1,education-num,10000,5112,1330,2861,31,0.0031
adult,10000,1,PrivSyn_eps1,QI1,5,0.1,occupation,10000,5112,264,2767,2,0.0002
adult,10000,1,PrivSyn_eps1,QI1,5,0.1,relationship,10000,5112,1234,749,16,0.0016
adult,10000,1,PrivSyn_eps1,QI1,5,0.1,capital-gain,10000,5112,0,816,0,0.0
adult,10000,1,PrivSyn_eps1,QI1,5,0.1,capital-loss,10000,5112,1478,483,0,0.0
adult,10000,1,PrivSyn_eps1,QI1,5,0.1,hours-per-week,10000,5112,470,5392,2,0.0002
adult,10000,1,PrivSyn_eps1,QI1,5,0.1,income,10000,5112,1222,0,0,0.0
adult,10000,1,PrivSyn_eps1,QI1,5,0.1,_overall,10000,5112,1605,10000,54,0.0054
adult,10000,1,PrivSyn_eps1000,QI1,5,0.1,workclass,10000,5112,1238,2943,13,0.0013
adult,10000,1,PrivSyn_eps1000,QI1,5,0.1,fnlwgt,10000,5112,0,10000,0,0.0
adult,10000,1,PrivSyn_eps1000,QI1,5,0.1,education-num,10000,5112,1870,2861,174,0.0174
adult,10000,1,PrivSyn_eps1000,QI1,5,0.1,occupation,10000,5112,401,2767,15,0.0015
adult,10000,1,PrivSyn_eps1000,QI1,5,0.1,relationship,10000,5112,1465,749,37,0.0037
adult,10000,1,PrivSyn_eps1000,QI1,5,0.1,capital-gain,10000,5112,3,816,3,0.0003
adult,10000,1,PrivSyn_eps1000,QI1,5,0.1,capital-loss,10000,5112,1820,483,0,0.0
adult,10000,1,PrivSyn_eps1000,QI1,5,0.1,hours-per-week,10000,5112,609,5392,13,0.0013
adult,10000,1,PrivSyn_eps1000,QI1,5,0.1,income,10000,5112,1506,0,0,0.0
adult,10000,1,PrivSyn_eps1000,QI1,5,0.1,_overall,10000,5112,1928,10000,226,0.0226
adult,10000,1,MWEMPGM_eps1,QI1,5,0.1,workclass,10000,5112,1500,2943,3,0.0003
adult,10000,1,MWEMPGM_eps1,QI1,5,0.1,fnlwgt,10000,5112,0,10000,0,0.0
adult,10000,1,MWEMPGM_eps1,QI1,5,0.1,education-num,10000,5112,2027,2861,256,0.0256
adult,10000,1,MWEMPGM_eps1,QI1,5,0.1,occupation,10000,5112,459,2767,17,0.0017
adult,10000,1,MWEMPGM_eps1,QI1,5,0.1,relationship,10000,5112,1528,749,67,0.0067
adult,10000,1,MWEMPGM_eps1,QI1,5,0.1,capital-gain,10000,5112,0,816,0,0.0
adult,10000,1,MWEMPGM_eps1,QI1,5,0.1,capital-loss,10000,5112,0,483,0,0.0
adult,10000,1,MWEMPGM_eps1,QI1,5,0.1,hours-per-week,10000,5112,25,5392,14,0.0014
adult,10000,1,MWEMPGM_eps1,QI1,5,0.1,income,10000,5112,1577,0,0,0.0
adult,10000,1,MWEMPGM_eps1,QI1,5,0.1,_overall,10000,5112,2188,10000,337,0.0337
adult,10000,1,MWEMPGM_eps1000,QI1,5,0.1,workclass,10000,5112,1511,2943,7,0.0007
adult,10000,1,MWEMPGM_eps1000,QI1,5,0.1,fnlwgt,10000,5112,0,10000,0,0.0
adult,10000,1,MWEMPGM_eps1000,QI1,5,0.1,education-num,10000,5112,2093,2861,273,0.0273
adult,10000,1,MWEMPGM_eps1000,QI1,5,0.1,occupation,10000,5112,596,2767,8,0.0008
adult,10000,1,MWEMPGM_eps1000,QI1,5,0.1,relationship,10000,5112,1594,749,67,0.0067
adult,10000,1,MWEMPGM_eps1000,QI1,5,0.1,capital-gain,10000,5112,0,816,0,0.0
adult,10000,1,MWEMPGM_eps1000,QI1,5,0.1,capital-loss,10000,5112,0,483,0,0.0
adult,10000,1,MWEMPGM_eps1000,QI1,5,0.1,hours-per-week,10000,5112,24,5392,13,0.0013
adult,10000,1,MWEMPGM_eps1000,QI1,5,0.1,income,10000,5112,1655,0,0,0.0
adult,10000,1,MWEMPGM_eps1000,QI1,5,0.1,_overall,10000,5112,2231,10000,344,0.0344
adult,10000,1,PrivateGSD_eps1,QI1,5,0.1,workclass,10000,5112,1219,2943,4,0.0004
adult,10000,1,PrivateGSD_eps1,QI1,5,0.1,fnlwgt,10000,5112,0,10000,0,0.0
adult,10000,1,PrivateGSD_eps1,QI1,5,0.1,education-num,10000,5112,1705,2861,158,0.0158
adult,10000,1,PrivateGSD_eps1,QI1,5,0.1,occupation,10000,5112,372,2767,8,0.0008
adult,10000,1,PrivateGSD_eps1,QI1,5,0.1,relationship,10000,5112,1411,749,33,0.0033
adult,10000,1,PrivateGSD_eps1,QI1,5,0.1,capital-gain,10000,5112,0,816,0,0.0
adult,10000,1,PrivateGSD_eps1,QI1,5,0.1,capital-loss,10000,5112,0,483,0,0.0
adult,10000,1,PrivateGSD_eps1,QI1,5,0.1,hours-per-week,10000,5112,21,5392,10,0.001
adult,10000,1,PrivateGSD_eps1,QI1,5,0.1,income,10000,5112,1484,0,0,0.0
adult,10000,1,PrivateGSD_eps1,QI1,5,0.1,_overall,10000,5112,1923,10000,205,0.0205
adult,10000,1,PrivateGSD_eps1000,QI1,5,0.1,workclass,10000,5112,1552,2943,15,0.0015
adult,10000,1,PrivateGSD_eps1000,QI1,5,0.1,fnlwgt,10000,5112,0,10000,0,0.0
adult,10000,1,PrivateGSD_eps1000,QI1,5,0.1,education-num,10000,5112,2300,2861,412,0.0412
adult,10000,1,PrivateGSD_eps1000,QI1,5,0.1,occupation,10000,5112,623,2767,12,0.0012
adult,10000,1,PrivateGSD_eps1000,QI1,5,0.1,relationship,10000,5112,1793,749,70,0.007
adult,10000,1,PrivateGSD_eps1000,QI1,5,0.1,capital-gain,10000,5112,0,816,0,0.0
adult,10000,1,PrivateGSD_eps1000,QI1,5,0.1,capital-loss,10000,5112,0,483,0,0.0
adult,10000,1,PrivateGSD_eps1000,QI1,5,0.1,hours-per-week,10000,5112,31,5392,19,0.0019
adult,10000,1,PrivateGSD_eps1000,QI1,5,0.1,income,10000,5112,1884,0,0,0.0
adult,10000,1,PrivateGSD_eps1000,QI1,5,0.1,_overall,10000,5112,2302,10000,496,0.0496
adult,10000,2,PrivBayes_eps1,QI1,5,0.1,workclass,10000,5192,1143,2905,13,0.0013
adult,10000,2,PrivBayes_eps1,QI1,5,0.1,fnlwgt,10000,5192,0,10000,0,0.0
adult,10000,2,PrivBayes_eps1,QI1,5,0.1,education-num,10000,5192,1617,2962,154,0.0154
adult,10000,2,PrivBayes_eps1,QI1,5,0.1,occupation,10000,5192,401,2816,10,0.001
adult,10000,2,PrivBayes_eps1,QI1,5,0.1,relationship,10000,5192,1349,797,58,0.0058
adult,10000,2,PrivBayes_eps1,QI1,5,0.1,capital-gain,10000,5192,0,823,0,0.0
adult,10000,2,PrivBayes_eps1,QI1,5,0.1,capital-loss,10000,5192,0,472,0,0.0
adult,10000,2,PrivBayes_eps1,QI1,5,0.1,hours-per-week,10000,5192,12,5200,4,0.0004
adult,10000,2,PrivBayes_eps1,QI1,5,0.1,income,10000,5192,1361,0,0,0.0
adult,10000,2,PrivBayes_eps1,QI1,5,0.1,_overall,10000,5192,1813,10000,226,0.0226
adult,10000,2,PrivBayes_eps1000,QI1,5,0.1,workclass,10000,5192,1588,2905,15,0.0015
adult,10000,2,PrivBayes_eps1000,QI1,5,0.1,fnlwgt,10000,5192,0,10000,0,0.0
adult,10000,2,PrivBayes_eps1000,QI1,5,0.1,education-num,10000,5192,2292,2962,487,0.0487
adult,10000,2,PrivBayes_eps1000,QI1,5,0.1,occupation,10000,5192,558,2816,19,0.0019
adult,10000,2,PrivBayes_eps1000,QI1,5,0.1,relationship,10000,5192,960,797,1,0.0001
adult,10000,2,PrivBayes_eps1000,QI1,5,0.1,capital-gain,10000,5192,0,823,0,0.0
adult,10000,2,PrivBayes_eps1000,QI1,5,0.1,capital-loss,10000,5192,0,472,0,0.0
adult,10000,2,PrivBayes_eps1000,QI1,5,0.1,hours-per-week,10000,5192,24,5200,11,0.0011
adult,10000,2,PrivBayes_eps1000,QI1,5,0.1,income,10000,5192,1793,0,0,0.0
adult,10000,2,PrivBayes_eps1000,QI1,5,0.1,_overall,10000,5192,2292,10000,501,0.0501
adult,10000,2,PrivSyn_eps1,QI1,5,0.1,workclass,10000,5192,897,2905,6,0.0006
adult,10000,2,PrivSyn_eps1,QI1,5,0.1,fnlwgt,10000,5192,0,10000,0,0.0
adult,10000,2,PrivSyn_eps1,QI1,5,0.1,education-num,10000,5192,1273,2962,38,0.0038
adult,10000,2,PrivSyn_eps1,QI1,5,0.1,occupation,10000,5192,249,2816,6,0.0006
adult,10000,2,PrivSyn_eps1,QI1,5,0.1,relationship,10000,5192,1131,797,19,0.0019
adult,10000,2,PrivSyn_eps1,QI1,5,0.1,capital-gain,10000,5192,0,823,0,0.0
adult,10000,2,PrivSyn_eps1,QI1,5,0.1,capital-loss,10000,5192,1441,472,0,0.0
adult,10000,2,PrivSyn_eps1,QI1,5,0.1,hours-per-week,10000,5192,405,5200,6,0.0006
adult,10000,2,PrivSyn_eps1,QI1,5,0.1,income,10000,5192,1194,0,0,0.0
adult,10000,2,PrivSyn_eps1,QI1,5,0.1,_overall,10000,5192,1526,10000,71,0.0071
adult,10000,2,PrivSyn_eps1000,QI1,5,0.1,workclass,10000,5192,1282,2905,29,0.0029
adult,10000,2,PrivSyn_eps1000,QI1,5,0.1,fnlwgt,10000,5192,0,10000,0,0.0
adult,10000,2,PrivSyn_eps1000,QI1,5,0.1,education-num,10000,5192,1893,2962,224,0.0224
adult,10000,2,PrivSyn_eps1000,QI1,5,0.1,occupation,10000,5192,401,2816,14,0.0014
adult,10000,2,PrivSyn_eps1000,QI1,5,0.1,relationship,10000,5192,1519,797,75,0.0075
adult,10000,2,PrivSyn_eps1000,QI1,5,0.1,capital-gain,10000,5192,0,823,0,0.0
adult,10000,2,PrivSyn_eps1000,QI1,5,0.1,capital-loss,10000,5192,1868,472,0,0.0
adult,10000,2,PrivSyn_eps1000,QI1,5,0.1,hours-per-week,10000,5192,656,5200,13,0.0013
adult,10000,2,PrivSyn_eps1000,QI1,5,0.1,income,10000,5192,1544,0,0,0.0
adult,10000,2,PrivSyn_eps1000,QI1,5,0.1,_overall,10000,5192,1989,10000,318,0.0318
adult,10000,2,MWEMPGM_eps1,QI1,5,0.1,workclass,10000,5192,1508,2905,4,0.0004
adult,10000,2,MWEMPGM_eps1,QI1,5,0.1,fnlwgt,10000,5192,0,10000,0,0.0
adult,10000,2,MWEMPGM_eps1,QI1,5,0.1,education-num,10000,5192,1988,2962,288,0.0288
adult,10000,2,MWEMPGM_eps1,QI1,5,0.1,occupation,10000,5192,527,2816,11,0.0011
adult,10000,2,MWEMPGM_eps1,QI1,5,0.1,relationship,10000,5192,1558,797,102,0.0102
adult,10000,2,MWEMPGM_eps1,QI1,5,0.1,capital-gain,10000,5192,0,823,0,0.0
adult,10000,2,MWEMPGM_eps1,QI1,5,0.1,capital-loss,10000,5192,0,472,0,0.0
adult,10000,2,MWEMPGM_eps1,QI1,5,0.1,hours-per-week,10000,5192,25,5200,10,0.001
adult,10000,2,MWEMPGM_eps1,QI1,5,0.1,income,10000,5192,1611,0,0,0.0
adult,10000,2,MWEMPGM_eps1,QI1,5,0.1,_overall,10000,5192,2180,10000,397,0.0397
adult,10000,2,MWEMPGM_eps1000,QI1,5,0.1,workclass,10000,5192,1520,2905,12,0.0012
adult,10000,2,MWEMPGM_eps1000,QI1,5,0.1,fnlwgt,10000,5192,0,10000,0,0.0
adult,10000,2,MWEMPGM_eps1000,QI1,5,0.1,education-num,10000,5192,2027,2962,295,0.0295
adult,10000,2,MWEMPGM_eps1000,QI1,5,0.1,occupation,10000,5192,558,2816,15,0.0015
adult,10000,2,MWEMPGM_eps1000,QI1,5,0.1,relationship,10000,5192,1576,797,91,0.0091
adult,10000,2,MWEMPGM_eps1000,QI1,5,0.1,capital-gain,10000,5192,0,823,0,0.0
adult,10000,2,MWEMPGM_eps1000,QI1,5,0.1,capital-loss,10000,5192,0,472,0,0.0
adult,10000,2,MWEMPGM_eps1000,QI1,5,0.1,hours-per-week,10000,5192,23,5200,9,0.0009
adult,10000,2,MWEMPGM_eps1000,QI1,5,0.1,income,10000,5192,1763,0,0,0.0
adult,10000,2,MWEMPGM_eps1000,QI1,5,0.1,_overall,10000,5192,2213,10000,400,0.04
adult,10000,2,PrivateGSD_eps1,QI1,5,0.1,workclass,10000,5192,1134,2905,15,0.0015
adult,10000,2,PrivateGSD_eps1,QI1,5,0.1,fnlwgt,10000,5192,0,10000,0,0.0
adult,10000,2,PrivateGSD_eps1,QI1,5,0.1,education-num,10000,5192,1687,2962,169,0.0169
adult,10000,2,PrivateGSD_eps1,QI1,5,0.1,occupation,10000,5192,413,2816,11,0.0011
adult,10000,2,PrivateGSD_eps1,QI1,5,0.1,relationship,10000,5192,1381,797,35,0.0035
adult,10000,2,PrivateGSD_eps1,QI1,5,0.1,capital-gain,10000,5192,0,823,0,0.0
adult,10000,2,PrivateGSD_eps1,QI1,5,0.1,capital-loss,10000,5192,0,472,0,0.0
adult,10000,2,PrivateGSD_eps1,QI1,5,0.1,hours-per-week,10000,5192,16,5200,5,0.0005
adult,10000,2,PrivateGSD_eps1,QI1,5,0.1,income,10000,5192,1458,0,0,0.0
adult,10000,2,PrivateGSD_eps1,QI1,5,0.1,_overall,10000,5192,1862,10000,220,0.022
adult,10000,2,PrivateGSD_eps1000,QI1,5,0.1,workclass,10000,5192,1560,2905,17,0.0017
adult,10000,2,PrivateGSD_eps1000,QI1,5,0.1,fnlwgt,10000,5192,0,10000,0,0.0
adult,10000,2,PrivateGSD_eps1000,QI1,5,0.1,education-num,10000,5192,2259,2962,463,0.0463
adult,10000,2,PrivateGSD_eps1000,QI1,5,0.1,occupation,10000,5192,597,2816,20,0.002
adult,10000,2,PrivateGSD_eps1000,QI1,5,0.1,relationship,10000,5192,1741,797,104,0.0104
adult,10000,2,PrivateGSD_eps1000,QI1,5,0.1,capital-gain,10000,5192,0,823,0,0.0
adult,10000,2,PrivateGSD_eps1000,QI1,5,0.1,capital-loss,10000,5192,0,472,0,0.0
adult,10000,2,PrivateGSD_eps1000,QI1,5,0.1,hours-per-week,10000,5192,24,5200,10,0.001
adult,10000,2,PrivateGSD_eps1000,QI1,5,0.1,income,10000,5192,1821,0,0,0.0
adult,10000,2,PrivateGSD_eps1000,QI1,5,0.1,_overall,10000,5192,2259,10000,562,0.0562
adult,10000,3,PrivBayes_eps1,QI1,5,0.1,workclass,10000,5141,1112,2899,11,0.0011
adult,10000,3,PrivBayes_eps1,QI1,5,0.1,fnlwgt,10000,5141,0,10000,0,0.0
adult,10000,3,PrivBayes_eps1,QI1,5,0.1,education-num,10000,5141,1618,2919,126,0.0126
adult,10000,3,PrivBayes_eps1,QI1,5,0.1,occupation,10000,5141,364,2912,5,0.0005
adult,10000,3,PrivBayes_eps1,QI1,5,0.1,relationship,10000,5141,1254,784,46,0.0046
adult,10000,3,PrivBayes_eps1,QI1,5,0.1,capital-gain,10000,5141,0,858,0,0.0
adult,10000,3,PrivBayes_eps1,QI1,5,0.1,capital-loss,10000,5141,0,465,0,0.0
adult,10000,3,PrivBayes_eps1,QI1,5,0.1,hours-per-week,10000,5141,16,5322,4,0.0004
adult,10000,3,PrivBayes_eps1,QI1,5,0.1,income,10000,5141,1341,0,0,0.0
adult,10000,3,PrivBayes_eps1,QI1,5,0.1,_overall,10000,5141,1777,10000,184,0.0184
adult,10000,3,PrivBayes_eps1000,QI1,5,0.1,workclass,10000,5141,1510,2899,7,0.0007
adult,10000,3,PrivBayes_eps1000,QI1,5,0.1,fnlwgt,10000,5141,0,10000,0,0.0
adult,10000,3,PrivBayes_eps1000,QI1,5,0.1,education-num,10000,5141,2233,2919,433,0.0433
adult,10000,3,PrivBayes_eps1000,QI1,5,0.1,occupation,10000,5141,518,2912,25,0.0025
adult,10000,3,PrivBayes_eps1000,QI1,5,0.1,relationship,10000,5141,1664,784,2,0.0002
adult,10000,3,PrivBayes_eps1000,QI1,5,0.1,capital-gain,10000,5141,0,858,0,0.0
adult,10000,3,PrivBayes_eps1000,QI1,5,0.1,capital-loss,10000,5141,0,465,0,0.0
adult,10000,3,PrivBayes_eps1000,QI1,5,0.1,hours-per-week,10000,5141,30,5322,19,0.0019
adult,10000,3,PrivBayes_eps1000,QI1,5,0.1,income,10000,5141,1682,0,0,0.0
adult,10000,3,PrivBayes_eps1000,QI1,5,0.1,_overall,10000,5141,2233,10000,460,0.046
adult,10000,3,PrivSyn_eps1,QI1,5,0.1,workclass,10000,5141,931,2899,4,0.0004
adult,10000,3,PrivSyn_eps1,QI1,5,0.1,fnlwgt,10000,5141,0,10000,0,0.0
adult,10000,3,PrivSyn_eps1,QI1,5,0.1,education-num,10000,5141,1343,2919,44,0.0044
adult,10000,3,PrivSyn_eps1,QI1,5,0.1,occupation,10000,5141,276,2912,6,0.0006
adult,10000,3,PrivSyn_eps1,QI1,5,0.1,relationship,10000,5141,1195,784,10,0.001
adult,10000,3,PrivSyn_eps1,QI1,5,0.1,capital-gain,10000,5141,0,858,0,0.0
adult,10000,3,PrivSyn_eps1,QI1,5,0.1,capital-loss,10000,5141,1534,465,0,0.0
adult,10000,3,PrivSyn_eps1,QI1,5,0.1,hours-per-week,10000,5141,472,5322,3,0.0003
adult,10000,3,PrivSyn_eps1,QI1,5,0.1,income,10000,5141,1241,0,0,0.0
adult,10000,3,PrivSyn_eps1,QI1,5,0.1,_overall,10000,5141,1624,10000,64,0.0064
adult,10000,3,PrivSyn_eps1000,QI1,5,0.1,workclass,10000,5141,1286,2899,11,0.0011
adult,10000,3,PrivSyn_eps1000,QI1,5,0.1,fnlwgt,10000,5141,0,10000,0,0.0
adult,10000,3,PrivSyn_eps1000,QI1,5,0.1,education-num,10000,5141,1845,2919,159,0.0159
adult,10000,3,PrivSyn_eps1000,QI1,5,0.1,occupation,10000,5141,439,2912,17,0.0017
adult,10000,3,PrivSyn_eps1000,QI1,5,0.1,relationship,10000,5141,1475,784,36,0.0036
adult,10000,3,PrivSyn_eps1000,QI1,5,0.1,capital-gain,10000,5141,0,858,0,0.0
adult,10000,3,PrivSyn_eps1000,QI1,5,0.1,capital-loss,10000,5141,1806,465,0,0.0
adult,10000,3,PrivSyn_eps1000,QI1,5,0.1,hours-per-week,10000,5141,663,5322,7,0.0007
adult,10000,3,PrivSyn_eps1000,QI1,5,0.1,income,10000,5141,1511,0,0,0.0
adult,10000,3,PrivSyn_eps1000,QI1,5,0.1,_overall,10000,5141,1934,10000,208,0.0208
adult,10000,3,MWEMPGM_eps1,QI1,5,0.1,workclass,10000,5141,1525,2899,8,0.0008
adult,10000,3,MWEMPGM_eps1,QI1,5,0.1,fnlwgt,10000,5141,0,10000,0,0.0
adult,10000,3,MWEMPGM_eps1,QI1,5,0.1,education-num,10000,5141,2020,2919,285,0.0285
adult,10000,3,MWEMPGM_eps1,QI1,5,0.1,occupation,10000,5141,545,2912,9,0.0009
adult,10000,3,MWEMPGM_eps1,QI1,5,0.1,relationship,10000,5141,1627,784,77,0.0077
adult,10000,3,MWEMPGM_eps1,QI1,5,0.1,capital-gain,10000,5141,0,858,0,0.0
adult,10000,3,MWEMPGM_eps1,QI1,5,0.1,capital-loss,10000,5141,0,465,0,0.0
adult,10000,3,MWEMPGM_eps1,QI1,5,0.1,hours-per-week,10000,5141,24,5322,15,0.0015
adult,10000,3,MWEMPGM_eps1,QI1,5,0.1,income,10000,5141,1647,0,0,0.0
adult,10000,3,MWEMPGM_eps1,QI1,5,0.1,_overall,10000,5141,2216,10000,365,0.0365
adult,10000,3,MWEMPGM_eps1000,QI1,5,0.1,workclass,10000,5141,1550,2899,12,0.0012
adult,10000,3,MWEMPGM_eps1000,QI1,5,0.1,fnlwgt,10000,5141,0,10000,0,0.0
adult,10000,3,MWEMPGM_eps1000,QI1,5,0.1,education-num,10000,5141,2054,2919,299,0.0299
adult,10000,3,MWEMPGM_eps1000,QI1,5,0.1,occupation,10000,5141,552,2912,18,0.0018
adult,10000,3,MWEMPGM_eps1000,QI1,5,0.1,relationship,10000,5141,1610,784,73,0.0073
adult,10000,3,MWEMPGM_eps1000,QI1,5,0.1,capital-gain,10000,5141,0,858,0,0.0
adult,10000,3,MWEMPGM_eps1000,QI1,5,0.1,capital-loss,10000,5141,0,465,0,0.0
adult,10000,3,MWEMPGM_eps1000,QI1,5,0.1,hours-per-week,10000,5141,25,5322,15,0.0015
adult,10000,3,MWEMPGM_eps1000,QI1,5,0.1,income,10000,5141,1773,0,0,0.0
adult,10000,3,MWEMPGM_eps1000,QI1,5,0.1,_overall,10000,5141,2231,10000,379,0.0379
adult,10000,3,PrivateGSD_eps1,QI1,5,0.1,workclass,10000,5141,1228,2899,18,0.0018
adult,10000,3,PrivateGSD_eps1,QI1,5,0.1,fnlwgt,10000,5141,0,10000,0,0.0
adult,10000,3,PrivateGSD_eps1,QI1,5,0.1,education-num,10000,5141,1747,2919,167,0.0167
adult,10000,3,PrivateGSD_eps1,QI1,5,0.1,occupation,10000,5141,359,2912,7,0.0007
adult,10000,3,PrivateGSD_eps1,QI1,5,0.1,relationship,10000,5141,1401,784,22,0.0022
adult,10000,3,PrivateGSD_eps1,QI1,5,0.1,capital-gain,10000,5141,0,858,0,0.0
adult,10000,3,PrivateGSD_eps1,QI1,5,0.1,capital-loss,10000,5141,0,465,0,0.0
adult,10000,3,PrivateGSD_eps1,QI1,5,0.1,hours-per-week,10000,5141,25,5322,11,0.0011
adult,10000,3,PrivateGSD_eps1,QI1,5,0.1,income,10000,5141,1460,0,0,0.0
adult,10000,3,PrivateGSD_eps1,QI1,5,0.1,_overall,10000,5141,1903,10000,214,0.0214
adult,10000,3,PrivateGSD_eps1000,QI1,5,0.1,workclass,10000,5141,1569,2899,19,0.0019
adult,10000,3,PrivateGSD_eps1000,QI1,5,0.1,fnlwgt,10000,5141,0,10000,0,0.0
adult,10000,3,PrivateGSD_eps1000,QI1,5,0.1,education-num,10000,5141,2314,2919,469,0.0469
adult,10000,3,PrivateGSD_eps1000,QI1,5,0.1,occupation,10000,5141,589,2912,31,0.0031
adult,10000,3,PrivateGSD_eps1000,QI1,5,0.1,relationship,10000,5141,1832,784,79,0.0079
adult,10000,3,PrivateGSD_eps1000,QI1,5,0.1,capital-gain,10000,5141,0,858,0,0.0
adult,10000,3,PrivateGSD_eps1000,QI1,5,0.1,capital-loss,10000,5141,0,465,0,0.0
adult,10000,3,PrivateGSD_eps1000,QI1,5,0.1,hours-per-week,10000,5141,29,5322,19,0.0019
adult,10000,3,PrivateGSD_eps1000,QI1,5,0.1,income,10000,5141,1886,0,0,0.0
adult,10000,3,PrivateGSD_eps1000,QI1,5,0.1,_overall,10000,5141,2316,10000,554,0.0554
adult,10000,4,PrivBayes_eps1,QI1,5,0.1,workclass,10000,5280,1188,2931,9,0.0009
adult,10000,4,PrivBayes_eps1,QI1,5,0.1,fnlwgt,10000,5280,0,10000,0,0.0
adult,10000,4,PrivBayes_eps1,QI1,5,0.1,education-num,10000,5280,1668,2929,131,0.0131
adult,10000,4,PrivBayes_eps1,QI1,5,0.1,occupation,10000,5280,362,2914,11,0.0011
adult,10000,4,PrivBayes_eps1,QI1,5,0.1,relationship,10000,5280,1324,835,58,0.0058
adult,10000,4,PrivBayes_eps1,QI1,5,0.1,capital-gain,10000,5280,0,844,0,0.0
adult,10000,4,PrivBayes_eps1,QI1,5,0.1,capital-loss,10000,5280,0,472,0,0.0
adult,10000,4,PrivBayes_eps1,QI1,5,0.1,hours-per-week,10000,5280,13,5321,4,0.0004
adult,10000,4,PrivBayes_eps1,QI1,5,0.1,income,10000,5280,1428,0,0,0.0
adult,10000,4,PrivBayes_eps1,QI1,5,0.1,_overall,10000,5280,1914,10000,200,0.02
adult,10000,4,PrivBayes_eps1000,QI1,5,0.1,workclass,10000,5280,1564,2931,8,0.0008
adult,10000,4,PrivBayes_eps1000,QI1,5,0.1,fnlwgt,10000,5280,0,10000,0,0.0
adult,10000,4,PrivBayes_eps1000,QI1,5,0.1,education-num,10000,5280,2272,2929,434,0.0434
adult,10000,4,PrivBayes_eps1000,QI1,5,0.1,occupation,10000,5280,552,2914,24,0.0024
adult,10000,4,PrivBayes_eps1000,QI1,5,0.1,relationship,10000,5280,1131,835,6,0.0006
adult,10000,4,PrivBayes_eps1000,QI1,5,0.1,capital-gain,10000,5280,0,844,0,0.0
adult,10000,4,PrivBayes_eps1000,QI1,5,0.1,capital-loss,10000,5280,0,472,0,0.0
adult,10000,4,PrivBayes_eps1000,QI1,5,0.1,hours-per-week,10000,5280,30,5321,17,0.0017
adult,10000,4,PrivBayes_eps1000,QI1,5,0.1,income,10000,5280,1784,0,0,0.0
adult,10000,4,PrivBayes_eps1000,QI1,5,0.1,_overall,10000,5280,2273,10000,461,0.0461
adult,10000,4,PrivSyn_eps1,QI1,5,0.1,workclass,10000,5280,903,2931,2,0.0002
adult,10000,4,PrivSyn_eps1,QI1,5,0.1,fnlwgt,10000,5280,0,10000,0,0.0
adult,10000,4,PrivSyn_eps1,QI1,5,0.1,education-num,10000,5280,1388,2929,35,0.0035
adult,10000,4,PrivSyn_eps1,QI1,5,0.1,occupation,10000,5280,234,2914,4,0.0004
adult,10000,4,PrivSyn_eps1,QI1,5,0.1,relationship,10000,5280,1148,835,23,0.0023
adult,10000,4,PrivSyn_eps1,QI1,5,0.1,capital-gain,10000,5280,0,844,0,0.0
adult,10000,4,PrivSyn_eps1,QI1,5,0.1,capital-loss,10000,5280,1502,472,0,0.0
adult,10000,4,PrivSyn_eps1,QI1,5,0.1,hours-per-week,10000,5280,443,5321,6,0.0006
adult,10000,4,PrivSyn_eps1,QI1,5,0.1,income,10000,5280,1185,0,0,0.0
adult,10000,4,PrivSyn_eps1,QI1,5,0.1,_overall,10000,5280,1589,10000,69,0.0069
adult,10000,4,PrivSyn_eps1000,QI1,5,0.1,workclass,10000,5280,1257,2931,21,0.0021
adult,10000,4,PrivSyn_eps1000,QI1,5,0.1,fnlwgt,10000,5280,0,10000,0,0.0
adult,10000,4,PrivSyn_eps1000,QI1,5,0.1,education-num,10000,5280,1870,2929,192,0.0192
adult,10000,4,PrivSyn_eps1000,QI1,5,0.1,occupation,10000,5280,413,2914,22,0.0022
adult,10000,4,PrivSyn_eps1000,QI1,5,0.1,relationship,10000,5280,1472,835,46,0.0046
adult,10000,4,PrivSyn_eps1000,QI1,5,0.1,capital-gain,10000,5280,0,844,0,0.0
adult,10000,4,PrivSyn_eps1000,QI1,5,0.1,capital-loss,10000,5280,1828,472,0,0.0
adult,10000,4,PrivSyn_eps1000,QI1,5,0.1,hours-per-week,10000,5280,686,5321,12,0.0012
adult,10000,4,PrivSyn_eps1000,QI1,5,0.1,income,10000,5280,1540,0,0,0.0
adult,10000,4,PrivSyn_eps1000,QI1,5,0.1,_overall,10000,5280,1966,10000,259,0.0259
adult,10000,4,MWEMPGM_eps1,QI1,5,0.1,workclass,10000,5280,1462,2931,9,0.0009
adult,10000,4,MWEMPGM_eps1,QI1,5,0.1,fnlwgt,10000,5280,0,10000,0,0.0
adult,10000,4,MWEMPGM_eps1,QI1,5,0.1,education-num,10000,5280,2000,2929,267,0.0267
adult,10000,4,MWEMPGM_eps1,QI1,5,0.1,occupation,10000,5280,461,2914,12,0.0012
adult,10000,4,MWEMPGM_eps1,QI1,5,0.1,relationship,10000,5280,1556,835,90,0.009
adult,10000,4,MWEMPGM_eps1,QI1,5,0.1,capital-gain,10000,5280,0,844,0,0.0
adult,10000,4,MWEMPGM_eps1,QI1,5,0.1,capital-loss,10000,5280,0,472,0,0.0
adult,10000,4,MWEMPGM_eps1,QI1,5,0.1,hours-per-week,10000,5280,25,5321,12,0.0012
adult,10000,4,MWEMPGM_eps1,QI1,5,0.1,income,10000,5280,1608,0,0,0.0
adult,10000,4,MWEMPGM_eps1,QI1,5,0.1,_overall,10000,5280,2160,10000,364,0.0364
adult,10000,4,MWEMPGM_eps1000,QI1,5,0.1,workclass,10000,5280,1525,2931,9,0.0009
adult,10000,4,MWEMPGM_eps1000,QI1,5,0.1,fnlwgt,10000,5280,0,10000,0,0.0
adult,10000,4,MWEMPGM_eps1000,QI1,5,0.1,education-num,10000,5280,2055,2929,284,0.0284
adult,10000,4,MWEMPGM_eps1000,QI1,5,0.1,occupation,10000,5280,574,2914,16,0.0016
adult,10000,4,MWEMPGM_eps1000,QI1,5,0.1,relationship,10000,5280,1599,835,85,0.0085
adult,10000,4,MWEMPGM_eps1000,QI1,5,0.1,capital-gain,10000,5280,0,844,0,0.0
adult,10000,4,MWEMPGM_eps1000,QI1,5,0.1,capital-loss,10000,5280,0,472,0,0.0
adult,10000,4,MWEMPGM_eps1000,QI1,5,0.1,hours-per-week,10000,5280,26,5321,12,0.0012
adult,10000,4,MWEMPGM_eps1000,QI1,5,0.1,income,10000,5280,1641,0,0,0.0
adult,10000,4,MWEMPGM_eps1000,QI1,5,0.1,_overall,10000,5280,2206,10000,380,0.038
adult,10000,4,PrivateGSD_eps1,QI1,5,0.1,workclass,10000,5280,1236,2931,18,0.0018
adult,10000,4,PrivateGSD_eps1,QI1,5,0.1,fnlwgt,10000,5280,0,10000,0,0.0
adult,10000,4,PrivateGSD_eps1,QI1,5,0.1,education-num,10000,5280,1752,2929,155,0.0155
adult,10000,4,PrivateGSD_eps1,QI1,5,0.1,occupation,10000,5280,398,2914,14,0.0014
adult,10000,4,PrivateGSD_eps1,QI1,5,0.1,relationship,10000,5280,1400,835,49,0.0049
adult,10000,4,PrivateGSD_eps1,QI1,5,0.1,capital-gain,10000,5280,0,844,0,0.0
adult,10000,4,PrivateGSD_eps1,QI1,5,0.1,capital-loss,10000,5280,0,472,0,0.0
adult,10000,4,PrivateGSD_eps1,QI1,5,0.1,hours-per-week,10000,5280,20,5321,10,0.001
adult,10000,4,PrivateGSD_eps1,QI1,5,0.1,income,10000,5280,1511,0,0,0.0
adult,10000,4,PrivateGSD_eps1,QI1,5,0.1,_overall,10000,5280,1895,10000,224,0.0224
adult,10000,4,PrivateGSD_eps1000,QI1,5,0.1,workclass,10000,5280,1556,2931,18,0.0018
adult,10000,4,PrivateGSD_eps1000,QI1,5,0.1,fnlwgt,10000,5280,0,10000,0,0.0
adult,10000,4,PrivateGSD_eps1000,QI1,5,0.1,education-num,10000,5280,2272,2929,422,0.0422
adult,10000,4,PrivateGSD_eps1000,QI1,5,0.1,occupation,10000,5280,595,2914,26,0.0026
adult,10000,4,PrivateGSD_eps1000,QI1,5,0.1,relationship,10000,5280,1756,835,97,0.0097
adult,10000,4,PrivateGSD_eps1000,QI1,5,0.1,capital-gain,10000,5280,0,844,0,0.0
adult,10000,4,PrivateGSD_eps1000,QI1,5,0.1,capital-loss,10000,5280,0,472,0,0.0
adult,10000,4,PrivateGSD_eps1000,QI1,5,0.1,hours-per-week,10000,5280,30,5321,16,0.0016
adult,10000,4,PrivateGSD_eps1000,QI1,5,0.1,income,10000,5280,1827,0,0,0.0
adult,10000,4,PrivateGSD_eps1000,QI1,5,0.1,_overall,10000,5280,2273,10000,513,0.0513
