dataset,size_dir,sample,method,n_rows_train,n_rows_synth,mean_tvd,mean_jsd,cat_coverage,pairwise_tvd,mean_mean_err_pct,mean_std_err_pct,mean_wasserstein,corr_diff,sdv_col_shapes,sdv_col_pairs,tstr_score,trtr_score,tstr_ratio,prop_score,wasserstein_ohe
adult,size_1000,sample_00,AIM_eps3,1000,1000,0.0406666666666666,0.0741210434118719,0.8242063492063492,0.1087777777777778,36.17872770266585,46.21980133193855,0.0271256264483207,0.0570117937278448,0.9328,0.780213443305154,0.7030127704508706,0.7528997338032836,0.9337402296667284,0.6619062373948997,3.7760000000000007
adult,size_1000,sample_00,AIM_eps10,1000,1000,0.0206666666666666,0.0468791360526582,0.8845238095238095,0.0694166666666666,34.77301739273073,37.40622622887325,0.0256880188732992,0.0488354434471021,0.9146,0.8108165159442545,0.7190842145393985,0.7528997338032836,0.9550862912534528,0.604544673424931,5.07
adult,size_1000,sample_00,AIM_eps0.1,1000,1000,0.5452222222222217,0.4804235419586433,0.4977513227513228,0.7886944444444445,462.5354472057608,66.2315774282272,0.2801398346021329,,0.3508666666666667,0.2060725507619251,0.4321408290743895,0.7528997338032836,0.5739686303699794,0.999712224137248,16.812
adult,size_1000,sample_00,AIM_eps0.3,1000,1000,0.2974444444444442,0.2909012988799421,0.6109126984126984,0.4826944444444444,68.33525704492666,22.800596178479125,0.0731637567211441,0.061879064389542,0.6103999999999999,0.5561229239721756,0.6239673132183908,0.7528997338032836,0.8287522031433534,0.9190040141740344,10.152
adult,size_1000,sample_00,MST_eps0.3,1000,1000,0.206222222222222,0.1982219823760125,0.911111111111111,0.361,85.89902230598646,70.7332764630467,0.1197846621733814,,0.6633999999999999,0.5866675522334708,0.4933554817275747,0.7528997338032836,0.6552738160363735,0.8865148077713938,7.736000000000001
adult,size_1000,sample_00,AIM_eps30,1000,1000,0.0192222222222221,0.0326398001785168,0.9563492063492064,0.0581666666666666,26.91692866544878,18.96158111457149,0.0307900780747731,0.0361252264300969,0.7937333333333334,0.8277624838264217,0.7245127848039223,0.7528997338032836,0.962296507992912,0.6881838771752636,4.314
adult,size_1000,sample_00,ARF,1000,1000,0.1198888888888887,0.1106001209031558,0.9960317460317462,0.2391111111111111,33.23833391128834,8.444580259940055,0.0237602189160975,0.028778793281523,0.8585333333333333,0.7844586576227482,0.6934247680516338,0.7528997338032836,0.9210054630471024,0.6175310823581849,3.488
adult,size_1000,sample_00,CellSuppression,1000,771,0.0424545323533649,0.0619398765552394,0.8634920634920635,0.0713589494163424,5.572758446982232,6.17414957821516,0.0100329451830845,0.0224126087007838,0.9629329874621704,0.9332851595353928,0.8729728585341068,0.7528997338032836,1.1,0.592186911858852,1.1616835278858626
adult,size_1000,sample_00,CTGAN,1000,1000,0.0749999999999999,0.0701685542406534,0.988095238095238,0.1766666666666666,18.28753815514704,26.6904809213024,0.0530484532131727,0.0708479843935171,0.8186,0.8237489534957012,0.4321408290743895,0.7528997338032836,0.5739686303699794,0.726219251205315,3.2439999999999998
adult,size_1000,sample_00,AIM_eps100,1000,1000,0.009111111111111,0.016406744042957,0.9722222222222222,0.0380277777777777,51.76857397194098,17.321430651443194,0.0452488385238313,0.0507199600757835,0.7939999999999999,0.7910914314231583,0.757624986898648,0.7528997338032836,1.0062760720751849,0.9416610690998852,5.582
adult,size_1000,sample_00,AIM_eps1,1000,1000,0.1257777777777776,0.1557750096853981,0.7825396825396825,0.2419444444444445,37.003640910327725,58.162717080424834,0.0405151584167787,0.0658607479211639,0.8466000000000001,0.6653051846722978,0.4595928649237473,0.7528997338032836,0.6104303723698565,0.7874789428618708,5.77
adult,size_1000,sample_00,MST_eps0.1,1000,1000,0.4592222222222217,0.3652114207175073,1.0,0.6453333333333334,822.3521094164167,138.8519213482596,0.2609957071233136,0.0756030523711574,0.4983333333333334,0.4209426391163459,0.5313252230987586,0.7528997338032836,0.705705154581728,0.9935004235142696,13.528000000000002
adult,size_1000,sample_00,MST_eps1,1000,1000,0.0928888888888888,0.1129722356960358,1.0,0.2082777777777777,36.4911054070926,55.82803143555311,0.0429843833577564,0.0771625054763207,0.8663333333333334,0.6852122019897867,0.4936671839669805,0.7528997338032836,0.6556878183601487,0.6765229922159306,5.013999999999999
adult,size_1000,sample_00,MST_eps10,1000,1000,0.0162222222222222,0.0325253902140507,0.988095238095238,0.0735555555555555,34.82049038742327,40.02907412139995,0.0266613264772382,0.0958077148689913,0.9189333333333332,0.8137470679855481,0.4872506379205298,0.7528997338032836,0.6471653740591192,0.5818392253539976,4.978
adult,size_1000,sample_00,MST_eps100,1000,1000,0.0052222222222222,0.0119780211578503,0.992063492063492,0.0516666666666666,50.35472846475187,13.846028951775176,0.0433800971215489,0.0400224805276048,0.7934000000000001,0.7849793466289806,0.6177077758238397,0.7528997338032836,0.8204382974362819,0.9326334210349962,5.507999999999998
adult,size_1000,sample_00,MST_eps1000,1000,1000,0.0042222222222222,0.009250485498362,1.0,0.0495555555555555,147.317695682575,8.577594684487423,0.0501082653253404,0.0444161823297451,0.7973333333333332,0.8149512250716848,0.5541346513352967,0.7528997338032836,0.7360005939469226,0.9636331319721296,7.23
adult,size_1000,sample_00,MST_eps3,1000,1000,0.0338888888888888,0.0590308375486593,1.0,0.1112777777777777,84.17973274131309,32.36399722393602,0.027683736319257,0.0613703812911316,0.8375333333333332,0.8904830680030144,0.5881347453417686,0.7528997338032836,0.7811594543840276,0.909684369233739,3.69
adult,size_1000,sample_00,MST_eps30,1000,1000,0.0076666666666666,0.0164967993705324,0.988095238095238,0.0721666666666666,52.758689650032295,4.013079903787696,0.0145127329681751,0.0565703536629729,0.8567999999999999,0.9333783080716924,0.6435563208431813,0.7528997338032836,0.8547702859539749,0.9125203497360084,3.022
adult,size_1000,sample_00,MST_eps300,1000,1000,0.0044444444444444,0.0098641718313369,0.992063492063492,0.0634444444444444,54.47093615658765,2.896980559901185,0.0141898601985163,0.0478601998162233,0.8587999999999999,0.9030290333464602,0.6344967582674022,0.7528997338032836,0.8427373921065945,0.913518119727323,2.9720000000000004
adult,size_1000,sample_00,MWEMPGM_eps0.3,1000,1000,0.2313333333333331,0.2205833061072206,0.8888888888888888,0.40175,162.59376747678346,29.325676921923733,0.121580273109229,0.1001047213072561,0.6511333333333333,0.6125258532399579,0.4391449045619304,0.7528997338032836,0.5832714301614329,0.9410121131543152,7.842
adult,size_1000,sample_00,MWEMPGM_eps100,1000,1000,0.0043333333333333,0.0088985650709236,0.992063492063492,0.0492222222222222,51.48262590237353,12.254219084683733,0.0221640668878937,0.0713542058495486,0.8538666666666667,0.8912270805345561,0.6813006936298516,0.7528997338032836,0.9049022903723996,0.9140708473844004,2.0680000000000005
adult,size_1000,sample_00,MWEMPGM_eps10,1000,1000,0.0142222222222221,0.02863537816531,0.9722222222222222,0.0656666666666666,54.69222797677812,12.27005031951844,0.0244573330918198,0.0795386377673487,0.8465333333333334,0.8774805734928083,0.6928746928746929,0.7528997338032836,0.9202748542393544,0.9197067812809304,2.298
adult,size_1000,sample_00,MWEMPGM_eps0.1,1000,1000,0.4378888888888885,0.3667729828116848,0.8511904761904763,0.6964722222222223,282.5264516407144,61.42761750498541,0.1712732590280933,0.1712444842657427,0.5112666666666666,0.4066444416000659,0.4752125389217367,0.7528997338032836,0.6311763937783272,0.9671127314039688,12.778
adult,size_1000,sample_00,MWEMPGM_eps1,1000,1000,0.105111111111111,0.1178942780050237,0.9325396825396824,0.2108611111111111,113.21747149337732,21.054766175223563,0.0524188912710547,0.0876483636625076,0.7779333333333334,0.7436727359288686,0.4321408290743895,0.7528997338032836,0.5739686303699794,0.8980285512895968,4.432
adult,size_1000,sample_00,MWEMPGM_eps1000,1000,1000,0.0029999999999999,0.0068365731129597,0.9960317460317462,0.0487222222222222,51.766502690005645,11.811681762510553,0.0222135271816586,0.0876769883268504,0.8544666666666667,0.8900230722623678,0.6578590785907859,0.7528997338032836,0.8737671816939352,0.9144165294207552,2.048
adult,size_1000,sample_00,MWEMPGM_eps30,1000,1000,0.0078888888888888,0.0176968338289369,0.9841269841269842,0.0549722222222222,52.21283067594739,12.003305380920082,0.0225482900008646,0.0797350280547735,0.8515333333333331,0.8852951170437067,0.606772376590218,0.7528997338032836,0.8059139208942304,0.9157464724079244,2.15
adult,size_1000,sample_00,MWEMPGM_eps3,1000,1000,0.0377777777777777,0.0616551311803871,0.9285714285714286,0.1033055555555555,50.39907020859733,20.59961155952674,0.0274739817369526,0.0740835052058258,0.8307999999999999,0.8264797496281554,0.6360539644121733,0.7528997338032836,0.8448056703575352,0.9134807426152664,2.68
adult,size_1000,sample_00,MWEMPGM_eps300,1000,1000,0.0039999999999999,0.0073313703831834,1.0,0.04725,50.329087686565664,12.72542537037891,0.0212538448814151,0.0748338402401672,0.854,0.8909118685542737,0.6581042313506271,0.7528997338032836,0.8740927931250487,0.9156690631758514,2.054
adult,size_1000,sample_00,PrivBayes_eps0.1,1000,1000,0.4706666666666662,0.369597645205945,1.0,0.6605000000000001,839.6682164940725,143.51189869967183,0.2594884597375629,0.0592744536533737,0.4967333333333334,0.4137851580723779,0.5177982190969204,0.7528997338032836,0.687738613497021,0.9961159573556402,13.708000000000002
adult,size_1000,sample_00,PrivBayes_eps0.3,1000,1000,0.4389999999999995,0.3494632859467149,0.9841269841269842,0.6312777777777778,833.8994617666723,138.2514527240852,0.2602432223335822,0.0850184826935096,0.5159333333333334,0.4289272512361778,0.5291652688760586,0.7528997338032836,0.7028363074757501,0.993822804480768,13.110000000000005
adult,size_1000,sample_00,PrivBayes_eps1,1000,1000,0.3544444444444441,0.2870680425166756,1.0,0.5188611111111111,502.513717798104,103.8308688737213,0.2179691736722303,0.0571942809684132,0.5672666666666667,0.5090480275498752,0.4995835460383138,0.7528997338032836,0.6635459192531599,0.9841399904516912,10.694
adult,size_1000,sample_00,PrivBayes_eps1000,1000,1000,0.0373333333333332,0.041939720006763,1.0,0.0908055555555555,84.9134215006519,21.26941664936911,0.0257014208559149,0.0743874721722439,0.8353333333333333,0.9083532757972208,0.596078431372549,0.7528997338032836,0.7917102431186679,0.9074821976316286,2.588
adult,size_1000,sample_00,PrivBayes_eps10,1000,1000,0.3068888888888886,0.2525354632221174,1.0,0.4568888888888889,554.3491700031677,126.29342940463476,0.1873310600553428,0.0984447046121165,0.6123999999999998,0.5731968068134202,0.445301296100874,0.7528997338032836,0.5914483377385238,0.9560221331543554,9.562
adult,size_1000,sample_00,PrivBayes_eps3,1000,1000,0.4091111111111107,0.3253923487055938,1.0,0.5905833333333333,536.2098186861555,138.9097321140393,0.1797913158967358,0.0850225106532364,0.5362666666666667,0.4959936301914354,0.5058139534883721,0.7528997338032836,0.6718211346231505,0.9722653638515608,12.098000000000004
adult,size_1000,sample_00,PrivBayes_eps100,1000,1000,0.1483333333333331,0.1353403596744564,1.0,0.2494166666666667,291.3568788368361,95.63993492265128,0.1018152364978614,0.1264217610665156,0.7417333333333332,0.7571032075428679,0.5834954702688117,0.7528997338032836,0.7749975780224763,0.9027704135056996,5.578
adult,size_1000,sample_00,PrivBayes_eps30,1000,1000,0.2765555555555553,0.2281104651506844,1.0,0.4198333333333333,291.28995844080754,77.6935861686217,0.1555798432062488,0.0620103220074103,0.6341333333333332,0.6237325960470899,0.611764705882353,0.7528997338032836,0.8125447232007382,0.9307969925293836,8.032000000000002
adult,size_1000,sample_00,PrivBayes_eps300,1000,1000,0.0676666666666666,0.0706995791503649,1.0,0.1324444444444444,155.28206929769297,54.41341681520131,0.0501768734987075,0.1246579879744882,0.8108666666666667,0.8678768103827745,0.5348089756493644,0.7528997338032836,0.7103322681185397,0.9031078875174468,3.4060000000000006
adult,size_1000,sample_00,PrivSyn_eps0.3,1000,1000,0.2537777777777775,0.2338290681413538,0.8878968253968255,0.4497777777777778,642.2364579003329,141.6736111623584,0.2040566494385629,0.129401774776373,0.6442666666666668,0.5362713018016876,0.4720923155273177,0.7528997338032836,0.6270321189779594,0.9474545034686014,9.802
adult,size_1000,sample_00,PrivSyn_eps10,1000,1000,0.0414444444444444,0.0539951626584614,0.95734126984127,0.1489722222222222,48.48997999270659,31.03377049947378,0.0172352607655895,0.0825042688895268,0.8938,0.8546306474602718,0.6910336040770824,0.7528997338032836,0.917829523586804,0.5205814237031082,2.7620000000000005
adult,size_1000,sample_00,PrivSyn_eps1,1000,1000,0.1304444444444443,0.1379886259205057,0.945436507936508,0.2906111111111112,398.3266809008073,117.19476804975784,0.1060470369576466,0.1597506357378261,0.797,0.7108368593520599,0.4843690149974955,0.7528997338032836,0.643338007952752,0.810137230791418,5.26
adult,size_1000,sample_00,PrivSyn_eps0.1,1000,1000,0.4871111111111106,0.4078728703061464,0.8353174603174603,0.7244722222222222,944.0984372217312,134.41519144728392,0.2767015068674238,0.2753687710590256,0.4496666666666667,0.3372736592100696,0.428232854391942,0.7528997338032836,0.568778065801458,0.9981540584658672,15.392000000000005
adult,size_1000,sample_00,PrivSyn_eps100,1000,1000,0.0179999999999999,0.0249021144959518,0.9841269841269842,0.09775,4.655730843846474,6.196912481980551,0.0090462328774251,0.0913457992467857,0.9120666666666668,0.8914848238633248,0.6354783260094575,0.7528997338032836,0.8440411085217493,0.4960939612896959,2.2220000000000004
adult,size_1000,sample_00,PrivSyn_eps1000,1000,1000,0.0222222222222222,0.0276101056112676,0.9841269841269842,0.1061666666666666,3.732847658425804,3.481074661355505,0.0089144384335725,0.0643658546579663,0.9101333333333332,0.8303357722863357,0.7136112078640814,0.7528997338032836,0.9478170541573744,0.5000068760206142,2.358
adult,size_1000,sample_00,PrivSyn_eps3,1000,1000,0.0543333333333332,0.0788419518792403,0.961309523809524,0.2000833333333333,144.82842134666342,69.29380295960303,0.0423179206728871,0.1052537788529326,0.8714000000000001,0.7937199681771715,0.584918242503011,0.7528997338032836,0.7768873014081166,0.6245774374831575,3.526
adult,size_1000,sample_00,PrivSyn_eps30,1000,1000,0.0167777777777777,0.0290962805262075,0.976190476190476,0.1060833333333333,19.398398075313917,15.578440317671946,0.0110959719661399,0.0538369941111606,0.9116,0.8598687861349171,0.6172667377457011,0.7528997338032836,0.819852511496563,0.4912221026838638,2.194000000000001
adult,size_1000,sample_00,PrivateGSD_eps0.1,1000,1000,0.3549999999999996,0.2963387840556934,1.0,0.5638888888888889,1117.6455865913608,142.7862724503589,0.2508999380818095,0.0991048645576322,0.5768666666666667,0.4585877477696929,0.5587762397265909,0.7528997338032836,0.7421655428535062,0.9911454764541384,11.564000000000002
adult,size_1000,sample_00,PrivSyn_eps300,1000,1000,0.0209999999999999,0.0264414933407331,0.9722222222222222,0.1045277777777777,1.7022986368710635,3.3812962028459146,0.0098354727509263,0.054153439424314,0.9096,0.8823223733744536,0.6411771997468668,0.7528997338032836,0.8516103418217326,0.5001980455937407,2.2620000000000005
adult,size_1000,sample_00,PrivateGSD_eps0.3,1000,1000,0.1683333333333331,0.1568557710025583,0.9960317460317462,0.3132777777777777,437.24767300968966,110.02634050288889,0.120830574861484,0.156925655874884,0.7258666666666665,0.6925529293422703,0.5598591549295775,0.7528997338032836,0.74360386877424,0.8866731002459544,6.280000000000001
adult,size_1000,sample_00,PrivateGSD_eps10,1000,1000,0.0173333333333333,0.0308121576525861,1.0,0.0741111111111111,78.70165738670781,16.257653337803735,0.019639821129496,0.1252919781118692,0.8507999999999999,0.9217362872777236,0.7701453437114285,0.7528997338032836,1.022905586270748,0.920037460272306,2.1780000000000004
adult,size_1000,sample_00,PrivateGSD_eps100,1000,1000,0.0038888888888888,0.0077005439506311,1.0,0.0287499999999999,58.34168394112606,2.6267756465164904,0.013917153545272,0.0402732461637748,0.8594,0.9665328633692544,0.7616882201028146,0.7528997338032836,1.0116728507180743,0.9155459698068176,1.8740000000000003
adult,size_1000,sample_00,PrivateGSD_eps1000,1000,1000,0.0006666666666666,0.0046591317258594,0.992063492063492,0.0145,55.3513045534803,1.418588483663922,0.0132805319160042,0.0123054254048126,0.8613999999999999,0.9388162791377516,0.778195854656052,0.7528997338032836,1.0335982596535462,0.9105105807107208,1.8160000000000005
adult,size_1000,sample_00,PrivateGSD_eps1,1000,1000,0.0946666666666665,0.1054733142642046,1.0,0.2064722222222222,210.71305555717163,68.05169245260959,0.0577564476950747,0.1794625795761316,0.7909333333333333,0.7959621966969429,0.4867268420385749,0.7528997338032836,0.6464696693611784,0.9253007480516424,4.152000000000001
adult,size_1000,sample_00,PrivateGSD_eps3,1000,1000,0.0478888888888888,0.0627533158742834,1.0,0.13125,120.53343628178824,38.31023632649762,0.0327449480089895,0.1501793497920862,0.8270666666666666,0.8674633797767557,0.6835443037974683,0.7528997338032836,0.9078822491459074,0.9230936174346652,2.942
adult,size_1000,sample_00,PrivateGSD_eps300,1000,1000,0.0011111111111111,0.0034718655375542,1.0,0.0188333333333333,54.95789436247237,1.8229890279350192,0.0132523629230722,0.0198267253126313,0.8612666666666667,0.9753552339062408,0.7833166082441115,0.7528997338032836,1.0403996348665667,0.910988653143982,1.8180000000000005
adult,size_1000,sample_00,PrivateGSD_eps30,1000,1000,0.008111111111111,0.0152479156763186,1.0,0.0443888888888888,65.71448787078657,7.170947971388335,0.0160103624163198,0.089421751945385,0.8564666666666665,0.9492889224800916,0.7489079053460782,0.7528997338032836,0.9946980608739088,0.9146460481088524,1.978
adult,size_1000,sample_00,RankSwap,1000,1000,0.0,0.0,1.0,0.0,0.1661453713678089,8.375821388950243,0.0055754949974289,0.0184545320053025,0.9873333333333336,0.862500866761526,0.8249142316337394,0.7528997338032836,1.095649519434824,0.4831825315812297,0.098
adult,size_1000,sample_00,Synthpop,1000,1000,0.0222222222222222,0.0272107254684788,0.988095238095238,0.0613333333333333,7.223307821334945,6.274950013981625,0.0050490630504826,0.0400621700688082,0.9797333333333332,0.9122907973760376,0.7589231460199202,0.7528997338032836,1.008000284560348,0.482242100761818,0.7260000000000002
adult,size_1000,sample_00,TabDDPM,1000,1000,0.0239999999999999,0.0328185045195102,0.976190476190476,0.055,3.4781462260001144,5.500956307861521,0.0056083251536529,0.0243568222648268,0.9780666666666664,0.9119840365048932,0.8287964389659306,0.7528997338032836,1.1,0.4889982365167131,0.7659999999999999
adult,size_1000,sample_00,TVAE,1000,1000,0.1615555555555554,0.1978106856564515,0.5622354497354497,0.2790833333333334,35.978597812896936,50.46787226176495,0.033191150440667,0.0714815692111831,0.8238000000000001,0.6754560783896775,0.6953935646158684,0.7528997338032836,0.923620414913306,0.7263856617042137,4.804
adult,size_1000,sample_01,AIM_eps10,1000,1000,0.0185555555555555,0.0391057036388635,0.9193376068376068,0.0714722222222222,34.34892041800535,37.910326937786046,0.0211853373286289,0.0473211848393843,0.9215333333333334,0.8010199153686154,0.7685683312152598,0.8096804010110467,0.9492243237709932,0.6050101548204442,4.289999999999999
adult,size_1000,sample_01,AIM_eps1,1000,1000,0.0793333333333332,0.1096639707489533,0.8183404558404559,0.1847222222222222,36.523647487638826,56.77392378257643,0.0345310760079784,0.0617180902651178,0.8765333333333333,0.7075439459334439,0.708004189166566,0.8096804010110467,0.8744242644320399,0.7283529956022807,4.662000000000001
adult,size_1000,sample_01,AIM_eps0.3,1000,1000,0.2892222222222219,0.291328875796067,0.6579059829059829,0.4500833333333333,104.50417135648787,26.36825401136636,0.099201838120551,0.0674232949805877,0.5945333333333334,0.5729364313109103,0.6594971908518246,0.8096804010110467,0.8145154433117807,0.9187587094386108,9.403999999999998
adult,size_1000,sample_01,AIM_eps100,1000,1000,0.0101111111111111,0.0162172439267048,0.982905982905983,0.0415833333333333,49.29010411728118,3.3623962611157423,0.0170696582410978,0.0439967944786813,0.8257333333333334,0.9466383242039036,0.798344866705957,0.8096804010110467,0.9859999891444388,0.8829565121036232,2.422
adult,size_1000,sample_01,AIM_eps0.1,1000,1000,0.3936666666666663,0.3653919036334233,0.5807692307692308,0.6513333333333333,54.95051325522433,65.79902423366158,0.1349960024678952,,0.5169333333333334,0.2738476027493297,0.4680506933312247,0.8096804010110467,0.5780684485989332,0.9916191658742592,12.496
adult,size_1000,sample_01,AIM_eps3,1000,1000,0.0443333333333332,0.0694540110296727,0.8487891737891738,0.1188611111111111,35.40346760394621,45.24218393550242,0.0236140463092534,0.0601583099252361,0.9311333333333334,0.7667125016720069,0.7745632646330984,0.8096804010110467,0.9566283975383864,0.6346076615537694,3.908
adult,size_1000,sample_01,AIM_eps30,1000,1000,0.0107777777777777,0.027351299179976,0.9615384615384616,0.0497777777777777,24.35506158932445,19.9021679504442,0.0284101516296979,0.0397942192126672,0.8039999999999999,0.8082146986276666,0.7748242221584224,0.8096804010110467,0.9569506944903268,0.6433643818064166,4.029999999999999
adult,size_1000,sample_01,CTGAN,1000,1000,0.1194444444444443,0.1043364940908958,1.0,0.2297777777777777,52.64814430716561,27.39829391429383,0.051998905572376,0.0871727087888973,0.7938,0.7753448065150788,0.4631020021645021,0.8096804010110467,0.5719565417775109,0.8383409933462982,4.714
adult,size_1000,sample_01,CellSuppression,1000,788,0.0541032148900168,0.0649837563931932,0.8938034188034187,0.0838732374506486,6.258301324325939,5.615151372187845,0.0080923249738661,0.0238367359604924,0.9580961082910322,0.9170753793869166,0.8875893536898796,0.8096804010110467,1.096221857997212,0.5841141358559777,1.2753908629441624
adult,size_1000,sample_01,ARF,1000,1000,0.1224444444444443,0.1168658228849631,0.9818376068376068,0.2431388888888889,41.76383930688628,3.2388713540045653,0.0234781723042869,0.0417189515707189,0.8549999999999999,0.7709915034592345,0.7293856166237085,0.8096804010110467,0.9008315078676014,0.644876962341133,3.662
adult,size_1000,sample_01,MST_eps0.1,1000,1000,0.4143333333333329,0.337436686731324,1.0,0.6035833333333334,372.8130679112761,99.37701052961934,0.2235558987860133,,0.5199333333333332,0.3893371899537106,0.3083839237685392,0.8096804010110467,0.3808711725581767,0.9902239816914972,11.668000000000005
adult,size_1000,sample_01,MST_eps10,1000,1000,0.0179999999999999,0.0365083453967114,1.0,0.0855,34.42797502068509,38.23277190493303,0.0212846139690732,0.1012098268029706,0.9234,0.7957421552283591,0.6366561622125236,0.8096804010110467,0.7863055118277551,0.5872235724962703,4.284
adult,size_1000,sample_01,MST_eps1,1000,1000,0.0874444444444443,0.1130606051566397,0.9076923076923076,0.1896111111111111,36.23390740167982,57.54300545101205,0.0358380890542607,0.0947117098256967,0.8727333333333332,0.6914158302505455,0.5888157894736843,0.8096804010110467,0.7272200100999221,0.6621029329845931,4.726000000000002
adult,size_1000,sample_01,MST_eps0.3,1000,1000,0.1455555555555554,0.1634014321809823,0.9444444444444444,0.2773333333333333,64.58560505829433,79.26387575809846,0.1186220212049886,,0.6706,0.6263473534179514,0.4242856804864391,0.8096804010110467,0.5240162413518132,0.8645316478658803,6.236000000000001
adult,size_1000,sample_01,MST_eps1000,1000,1000,0.0037777777777777,0.0100395123143478,0.9744301994301996,0.0486944444444444,130.33747870203246,6.737904546070332,0.0510344869074004,0.047324089565106,0.7871999999999998,0.8354768507453496,0.6810666217897998,0.8096804010110467,0.8411548814263473,0.9656574180409394,7.54
adult,size_1000,sample_01,MST_eps100,1000,1000,0.0046666666666666,0.0147062945308148,0.9732905982905984,0.0543611111111111,133.93458188548024,3.0230388959072365,0.0494803729528033,0.0443573453265219,0.7924666666666667,0.8213363800957246,0.6922562395398739,0.8096804010110467,0.8549746771565141,0.9641165324213642,7.748
adult,size_1000,sample_01,MST_eps3,1000,1000,0.0364444444444444,0.0646174034040943,1.0,0.1133333333333333,70.68270764425684,29.99174386853449,0.0284882460632104,0.0687063110607573,0.8140666666666667,0.8879400254004222,0.6381327650677495,0.8096804010110467,0.7881291978811654,0.8595209908439306,3.0280000000000005
adult,size_1000,sample_01,MST_eps30,1000,1000,0.0088888888888888,0.0215367363443882,0.9732905982905984,0.0719444444444444,42.31666083196156,8.60617849802429,0.017014160080977,0.0394761310785425,0.8261333333333334,0.9149612287324852,0.6108578727004688,0.8096804010110467,0.7544431998875695,0.8926184190700205,2.394
adult,size_1000,sample_01,MST_eps300,1000,1000,0.0066666666666666,0.0131446274461123,0.9887820512820512,0.0632777777777778,46.7791870369926,3.7405233489615135,0.0161255077677188,0.0343289766932891,0.8285999999999999,0.9001669778552412,0.6552136820329285,0.8096804010110467,0.8092250734164267,0.8882515969782876,2.3439999999999994
adult,size_1000,sample_01,MWEMPGM_eps0.3,1000,1000,0.1871111111111109,0.1954417812257005,0.8915598290598291,0.3453611111111112,142.99191789975228,46.73752372366656,0.1037907311977576,0.1148701704292543,0.6813333333333332,0.6247473687788628,0.6001092384519351,0.8096804010110467,0.7411680431296878,0.899091742477044,7.432
adult,size_1000,sample_01,MWEMPGM_eps0.1,1000,1000,0.3993333333333329,0.3353022940212688,0.8482549857549857,0.6095833333333334,230.13986868267892,62.19678554933545,0.1467941064850038,0.1288003413381871,0.5314666666666666,0.426942832761558,0.4669660908428559,0.8096804010110467,0.5767289046419837,0.9755873638109168,13.030000000000005
adult,size_1000,sample_01,MWEMPGM_eps100,1000,1000,0.0051111111111111,0.0109751077530201,0.9957264957264956,0.0485,32.04371989478485,21.13265305814801,0.0255853379486018,0.0813739562502275,0.8242666666666668,0.8802637650297457,0.7882820083648581,0.8096804010110467,0.9735718034957674,0.8724246535291114,2.3560000000000003
adult,size_1000,sample_01,MWEMPGM_eps1000,1000,1000,0.0034444444444444,0.0074445819436815,0.9957264957264956,0.0457777777777777,32.40692793512096,21.29254836678124,0.0259703173834473,0.068327378276215,0.8251333333333335,0.8816718539326512,0.7838106543805528,0.8096804010110467,0.9680494344496972,0.8581308556763053,2.338000000000001
adult,size_1000,sample_01,MWEMPGM_eps10,1000,1000,0.0149999999999999,0.0277998436959401,0.9786324786324784,0.0624444444444444,43.41660310827293,20.388351391306152,0.0299082217874916,0.1143714665251819,0.8195333333333333,0.8663448952482012,0.7469139060658105,0.8096804010110467,0.9224799131124976,0.8743809893942062,2.612
adult,size_1000,sample_01,MWEMPGM_eps1,1000,1000,0.0883333333333332,0.1144677798047886,0.9017806267806266,0.1979166666666666,73.33500608904336,38.529489579778335,0.0548247459855013,0.0610752723717012,0.7664000000000001,0.77266605197345,0.4964581958233248,0.8096804010110467,0.6131532826311258,0.839532866919535,4.305999999999999
adult,size_1000,sample_01,MWEMPGM_eps3,1000,1000,0.0312222222222222,0.0529382444981569,0.9444444444444444,0.10025,41.91422744013956,37.16076176287845,0.0378647226730278,0.0667223462308654,0.8060666666666668,0.8424341181263669,0.5278989667049369,0.8096804010110467,0.6519843705992535,0.8468054197226484,2.946
adult,size_1000,sample_01,MWEMPGM_eps30,1000,1000,0.0069999999999999,0.0135371122213812,1.0,0.0531111111111111,33.029621104864354,21.769833790127997,0.0263767983913569,0.0802315891880483,0.8233333333333335,0.8775358388675203,0.7164995776871947,0.8096804010110467,0.8849165383082154,0.8616050550919553,2.41
adult,size_1000,sample_01,MWEMPGM_eps300,1000,1000,0.0035555555555555,0.0074370371577841,0.9957264957264956,0.0450555555555555,32.21979303059781,21.4649708724986,0.026148570886683,0.0634730843808924,0.8248666666666666,0.8822852558775554,0.7735024338554257,0.8096804010110467,0.9553182129566464,0.8672360479736718,2.3480000000000008
adult,size_1000,sample_01,PrivBayes_eps0.1,1000,1000,0.4496666666666662,0.3596421035399706,0.9861111111111112,0.6439444444444444,801.945754490223,138.08168958637995,0.2696789772770956,0.0597794281473366,0.4992,0.4168538503704283,0.4096599641393442,0.8096804010110467,0.505952674138101,0.995216962660454,13.722
adult,size_1000,sample_01,PrivBayes_eps10,1000,1000,0.3392222222222218,0.2783892367423451,1.0,0.507361111111111,498.3509775519574,133.89356818214085,0.1929633118708862,0.0978412313916515,0.5764666666666668,0.5381827691863107,0.5765582655826558,0.8096804010110467,0.7120812913237127,0.9639931330514128,11.028
adult,size_1000,sample_01,PrivBayes_eps0.3,1000,1000,0.4618888888888884,0.3658001852709711,1.0,0.6404722222222222,779.8515077755011,136.1957593297875,0.2516530934914102,0.0686773362574295,0.5032,0.4231325712197074,0.43554121754362,0.8096804010110467,0.5379174510658387,0.9908876796812636,13.8
adult,size_1000,sample_01,PrivBayes_eps1,1000,1000,0.3806666666666662,0.3166309539438711,1.0,0.5783611111111111,690.3640387178629,125.87102014900708,0.2318040888687488,0.0554205841120103,0.5554000000000001,0.477146148753904,0.650030768670338,0.8096804010110467,0.8028238892510715,0.983466572432784,12.136
adult,size_1000,sample_01,PrivBayes_eps1000,1000,1000,0.0359999999999999,0.0434470290195438,1.0,0.0794444444444444,76.65658833068537,23.71952261472307,0.0270558433374848,0.0832548484185271,0.8072666666666666,0.9145103679701052,0.7788028108289147,0.8096804010110467,0.9618644711669424,0.8835872429945545,2.958
adult,size_1000,sample_01,PrivBayes_eps100,1000,1000,0.1633333333333331,0.1486742157359745,1.0,0.26275,290.01619160214267,98.59977814995096,0.1089176574841325,0.1468894541771011,0.7162000000000001,0.741060277082588,0.7250963158922218,0.8096804010110467,0.8955339846404109,0.8894438215525771,6.458000000000001
adult,size_1000,sample_01,PrivBayes_eps30,1000,1000,0.2942222222222219,0.2465423646342853,1.0,0.4479722222222222,302.4655923430997,103.19751710623366,0.1533606226808024,0.134186972540455,0.6208666666666667,0.6012914067233007,0.6293574669966997,0.8096804010110467,0.7772912202556624,0.9248737057713696,9.144000000000002
adult,size_1000,sample_01,PrivBayes_eps3,1000,1000,0.2941111111111107,0.2459718377980256,1.0,0.4395833333333334,641.6046804582105,129.4117713359131,0.2149941680391051,0.0766492710294048,0.6188666666666667,0.5627155282598044,0.5218499790463215,0.8096804010110467,0.6445135368600213,0.9708999517580552,10.285999999999998
adult,size_1000,sample_01,PrivBayes_eps300,1000,1000,0.0739999999999999,0.0806642399980837,1.0,0.1364166666666666,149.3689929832131,56.707222610859006,0.0535747904075544,0.1204919968444793,0.7851333333333332,0.8580981907015849,0.7613181498635079,0.8096804010110467,0.94026994949961,0.8752255249261237,4.09
adult,size_1000,sample_01,PrivSyn_eps0.1,1000,1000,0.495444444444444,0.4148440788063661,0.8178418803418803,0.7311944444444446,711.8223417360853,144.13093340487103,0.2501274480014132,0.2298103209944729,0.4776666666666666,0.3469849770718233,0.4118386326504964,0.8096804010110467,0.5086434500395092,0.9947271991921433,15.432
adult,size_1000,sample_01,PrivSyn_eps100,1000,1000,0.0184444444444444,0.0249494125629982,0.9871794871794872,0.1021388888888889,3.7334233323634463,6.244745177048172,0.0095338208586224,0.073121619863424,0.9038666666666664,0.8579103604859459,0.7464692109227029,0.8096804010110467,0.9219306900579474,0.4725857828121769,2.496
adult,size_1000,sample_01,PrivSyn_eps0.3,1000,1000,0.2721111111111108,0.2592326614404786,0.8991809116809117,0.4742222222222222,506.3544236784485,124.14084856884368,0.1795471973646034,0.1900082900085833,0.6498,0.5279232173803393,0.5270130189356179,0.8096804010110467,0.6508901761885907,0.9577661403828888,10.078
adult,size_1000,sample_01,PrivSyn_eps1,1000,1000,0.1345555555555554,0.1470941767233037,0.9397792022792024,0.3231388888888889,181.6665702233348,83.30187206503034,0.069846879133629,0.1388206573662392,0.8054,0.7056842387595543,0.6496526729084868,0.8096804010110467,0.8023569201095035,0.7805212740027795,5.736000000000001
adult,size_1000,sample_01,PrivSyn_eps3,1000,1000,0.0548888888888888,0.0801624494721394,0.9615384615384616,0.1716944444444444,67.50300342002916,47.50415804176912,0.0375147115032552,0.1050439304625409,0.8727999999999999,0.8138111478241042,0.7403534078615218,0.8096804010110467,0.914377335607489,0.6536749567175202,3.4719999999999995
adult,size_1000,sample_01,PrivSyn_eps10,1000,1000,0.0319999999999999,0.0478210879383867,0.9712250712250712,0.1275277777777778,22.622572224751373,27.155320098265754,0.0173648859994995,0.1032408639315804,0.8979333333333331,0.8623399382906012,0.6847775066038424,0.8096804010110467,0.8457380290595993,0.5337823122793722,2.772
adult,size_1000,sample_01,PrivSyn_eps30,1000,1000,0.0206666666666666,0.0296651052469251,0.9771011396011396,0.1038611111111111,5.858169180935104,12.006292207108435,0.0159936224825565,0.0740502986255864,0.9007333333333332,0.8826630739076962,0.7525764737404155,0.8096804010110467,0.9294734968361924,0.5335777146659885,2.586
adult,size_1000,sample_01,PrivSyn_eps1000,1000,1000,0.0228888888888888,0.0256479697604878,0.9883190883190884,0.1023055555555555,0.8838191951030399,2.3759473368297064,0.0073191495840421,0.0701008084926285,0.9083333333333332,0.8496594660600503,0.7155333225839013,0.8096804010110467,0.8837231599061107,0.494548026654984,2.526
adult,size_1000,sample_01,PrivateGSD_eps0.1,1000,1000,0.3805555555555551,0.3159941164479792,1.0,0.5829166666666667,734.6454958637994,136.11458825465382,0.2345169330786213,0.1155957509948902,0.5459999999999999,0.4491907796908411,0.5288182332012457,0.8096804010110467,0.6531197154773651,0.9822708648480528,12.54
adult,size_1000,sample_01,PrivSyn_eps300,1000,1000,0.0203333333333333,0.0253854606614305,0.9802350427350428,0.0981111111111111,3.5167233691088997,3.792633781058897,0.0098584709179887,0.0600019457662709,0.9068666666666664,0.863295099111933,0.6561771561771561,0.8096804010110467,0.8104150171805409,0.4991197793610984,2.5
adult,size_1000,sample_01,PrivateGSD_eps0.3,1000,1000,0.2486666666666664,0.2275869116156843,0.9914529914529916,0.4175555555555555,481.603072783956,121.49632509846214,0.1271056162032995,0.2262348254204384,0.6617333333333334,0.621373702946159,0.4345861913383173,0.8096804010110467,0.53673794097273,0.8801894808080634,8.443999999999999
adult,size_1000,sample_01,PrivateGSD_eps1,1000,1000,0.0936666666666665,0.1110895177500074,0.9914529914529916,0.2106666666666666,165.66338993763193,73.43172848452784,0.0627962801905602,0.1880524680347007,0.7666000000000001,0.7920533951403785,0.6061409961829055,0.8096804010110467,0.7486175969569677,0.8542439060232302,4.57
adult,size_1000,sample_01,PrivateGSD_eps100,1000,1000,0.0032222222222222,0.0099196775114504,1.0,0.0263055555555555,49.909350382620325,5.054163609506121,0.0163133788613474,0.0469320484216327,0.8308,0.9606953298746452,0.80898390977887,0.8096804010110467,0.9991397947496062,0.9031225215613196,2.1660000000000004
adult,size_1000,sample_01,PrivateGSD_eps10,1000,1000,0.0184444444444444,0.0316846146849067,0.9957264957264956,0.0745277777777777,73.05770873606906,21.09127774217874,0.0235040503963556,0.1259651014384547,0.8224666666666666,0.9165739213258244,0.7853348581063412,0.8096804010110467,0.969931910206424,0.8752637390406898,2.5360000000000005
adult,size_1000,sample_01,RankSwap,1000,1000,0.0,0.0,1.0,0.0,0.1969097676792032,9.429896481834913,0.0063716277146258,0.0195459749398974,0.9864,0.8494705255995312,0.8802096076992089,0.8096804010110467,1.0871074642431529,0.487447032366203,0.088
adult,size_1000,sample_01,PrivateGSD_eps1000,1000,1000,0.0006666666666666,0.0014129468489919,1.0,0.0149444444444444,46.617019967139925,2.0614522255063825,0.015434909564156,0.0126245486235551,0.8321333333333333,0.9716601512887936,0.7983974574361691,0.8096804010110467,0.9860649415999262,0.8896176300736549,2.1220000000000003
adult,size_1000,sample_01,PrivateGSD_eps3,1000,1000,0.0415555555555555,0.0625276089879244,0.9957264957264956,0.1234166666666666,106.48261267794187,41.22156959912544,0.0360311872352554,0.1598952820377385,0.8055333333333333,0.8724836703306378,0.7361745306950787,0.8096804010110467,0.9092161915799086,0.8976589291814697,3.224
adult,size_1000,sample_01,PrivateGSD_eps300,1000,1000,0.0016666666666666,0.0043255421252434,1.0,0.0183611111111111,46.14390802471394,2.670373910450781,0.0154766136457661,0.0177169029859742,0.8314666666666667,0.9684964116914782,0.7845061278496319,0.8096804010110467,0.9689083825829666,0.8762903991186165,2.132
adult,size_1000,sample_01,Synthpop,1000,1000,0.0224444444444444,0.0247016890904481,0.984045584045584,0.0577777777777777,6.859543435591013,6.214464044561017,0.0065142738580689,0.0180667268493406,0.9776666666666666,0.9458999957012376,0.8015453179809142,0.8096804010110467,0.989952723174515,0.4739994980504952,0.8480000000000001
adult,size_1000,sample_01,PrivateGSD_eps30,1000,1000,0.0076666666666666,0.0191064804946334,1.0,0.0452499999999999,55.50097919538442,10.023588924525138,0.0186468845816765,0.0838667122022423,0.8282666666666666,0.943495234842697,0.8,0.8096804010110467,0.9880441701469332,0.8980110462371167,2.266
adult,size_1000,sample_01,TabDDPM,1000,1000,0.0205555555555555,0.0291966878067557,0.981374643874644,0.0519444444444444,5.245321871617172,8.08581233232024,0.0072301038788154,0.0215692072733977,0.9790666666666666,0.9230307709090428,0.8711364868744218,0.8096804010110467,1.075901659073191,0.481233850239083,0.786
adult,size_1000,sample_01,TVAE,1000,1000,0.1591111111111109,0.1966016393260685,0.5473290598290599,0.2874166666666667,35.87374887970945,51.39084417737166,0.0338587353322181,0.0970418342659372,0.8180666666666667,0.6486589166000523,0.7343321343866445,0.8096804010110467,0.9069407304153478,0.758263388273638,4.830000000000001
adult,size_1000,sample_02,AIM_eps0.1,1000,1000,0.4273333333333329,0.3776566431054342,0.5497354497354497,0.6224444444444445,333.0697207344038,100.87777106634016,0.1776064390337348,0.0811747262728831,0.4522,0.394982757647175,0.4343891402714932,0.7497029719498137,0.5794149902911555,0.9776451659802076,14.820000000000004
adult,size_1000,sample_02,AIM_eps0.3,1000,1000,0.2053333333333331,0.2203754132821638,0.7513227513227514,0.3681388888888889,117.96492372207676,42.07358635001774,0.0848684848734421,0.0700118577073337,0.6440666666666667,0.6028086768304286,0.4973510223740093,0.7497029719498137,0.6633974266023892,0.9323957843225612,8.44
adult,size_1000,sample_02,AIM_eps100,1000,1000,0.0101111111111111,0.0180182441708569,0.98015873015873,0.0381111111111111,70.3362372096601,5.937962565867732,0.0175647345399592,0.0480700923248315,0.8196000000000001,0.9540902315006072,0.7445236348391153,0.7497029719498137,0.9930914810214274,0.9380230961932424,2.644
adult,size_1000,sample_02,AIM_eps1,1000,1000,0.155222222222222,0.1776928388268672,0.7617063492063492,0.295,37.53781470791846,58.41981138973086,0.0426209117545126,0.0739977946641304,0.8243333333333334,0.6117049194287526,0.4748811871463003,0.7497029719498137,0.6334257764083494,0.785942386255274,6.489999999999999
adult,size_1000,sample_02,AIM_eps10,1000,1000,0.0236666666666666,0.0448279345550624,0.91765873015873,0.0756944444444444,34.80382927432042,40.687200723773344,0.0245684686403307,0.0603619434441262,0.9124,0.8018312897539909,0.690256979898746,0.7497029719498137,0.9207072742575204,0.6028889474610645,4.922000000000001
adult,size_1000,sample_02,CTGAN,1000,1000,0.0803333333333332,0.0748989707546966,0.9960317460317462,0.1838333333333333,18.12078670583865,24.8670276163958,0.0334066742201326,0.0882695316600086,0.8572666666666667,0.798866462024285,0.5055324568880099,0.7497029719498137,0.674310327869982,0.7169834145162768,3.084
adult,size_1000,sample_02,AIM_eps3,1000,1000,0.039111111111111,0.0645087111830019,0.913690476190476,0.1046111111111111,35.84192326210612,44.93372713237227,0.0232060848091542,0.0585815787346716,0.9328666666666666,0.7661203634237139,0.7052195786605178,0.7497029719498137,0.9406653100658372,0.641247197459098,3.846
adult,size_1000,sample_02,CellSuppression,1000,757,0.0518646704829002,0.0652524384463911,0.8817460317460317,0.0852035079994129,5.878889102350256,7.770840415020208,0.009544015305271,0.0313966023381183,0.9590918538088948,0.910520309369382,0.7997913272207292,0.7497029719498137,1.0668109331805975,0.5959879579940184,1.2954055482166449
adult,size_1000,sample_02,AIM_eps30,1000,1000,0.0126666666666666,0.0288086094343226,0.9484126984126984,0.0530555555555555,33.27918794706959,18.704340679305638,0.02897642043778,0.0511590944535572,0.7925333333333332,0.8102410170628414,0.7510743108688817,0.7497029719498137,1.0018291761806926,0.719459996941071,4.54
adult,size_1000,sample_02,ARF,1000,1000,0.1199999999999998,0.1095505713577875,0.9742063492063492,0.2357222222222222,29.76481650142221,2.800352183215195,0.0216222172614206,0.0290174166359849,0.8586666666666667,0.7853082797640963,0.6450830349690715,0.7497029719498137,0.8604514841461895,0.6209977127511429,3.732
adult,size_1000,sample_02,MST_eps0.1,1000,1000,0.4246666666666662,0.3431805817585237,1.0,0.6121666666666665,355.6836707287801,102.79037015991256,0.2199911564728235,,0.5084666666666667,0.3892119712700228,0.5241486362756262,0.7497029719498137,0.6991417345492388,0.98928073386364,12.12
adult,size_1000,sample_02,MST_eps0.3,1000,1000,0.1864444444444442,0.1910461834389247,0.9960317460317462,0.3348611111111111,102.86497213932824,74.70125467260792,0.1088143205930126,,0.6538666666666665,0.6076149457024641,0.4340690435766836,0.7497029719498137,0.5789880256041483,0.921762693444555,7.038
adult,size_1000,sample_02,MST_eps1,1000,1000,0.1051111111111109,0.1309585570975627,0.992063492063492,0.2308888888888889,38.38419861990579,57.34824437625649,0.041453538590822,,0.8618666666666667,0.6008889657717513,0.4343891402714932,0.7497029719498137,0.5794149902911555,0.721584966311729,5.036
adult,size_1000,sample_02,MST_eps10,1000,1000,0.0166666666666666,0.033657759638596,0.992063492063492,0.0719444444444444,34.32556768722723,39.66642018007534,0.0237758021337494,0.084739279504265,0.9159333333333332,0.8029281467020761,0.5254300067134292,0.7497029719498137,0.7008509053616466,0.582820912297095,4.814
adult,size_1000,sample_02,MST_eps100,1000,1000,0.0054444444444444,0.0138078946774875,0.98015873015873,0.0513611111111111,33.87459253074328,11.825945100326066,0.0332762822376755,0.0663035222885286,0.7883999999999999,0.8216354626936766,0.4970145379023883,0.7497029719498137,0.6629486028893112,0.6766877557098917,5.904000000000002
adult,size_1000,sample_02,MST_eps1000,1000,1000,0.0029999999999999,0.0061451641964292,1.0,0.0476666666666666,181.45227493599492,6.054497118954048,0.0461295598730823,0.0604377368718908,0.7949999999999999,0.8786925426043887,0.5375778816199377,0.7497029719498137,0.7170544891266865,0.9730115560886452,7.396
adult,size_1000,sample_02,MST_eps3,1000,1000,0.0327777777777777,0.0636274517918202,1.0,0.1055,93.8484958152931,30.22540130060823,0.0307661431050543,0.0809950055040762,0.8024666666666666,0.893738451987804,0.5192061787120863,0.7497029719498137,0.6925491802339925,0.939160879604317,3.2119999999999997
adult,size_1000,sample_02,MST_eps30,1000,1000,0.0079999999999999,0.0198250042204007,0.976190476190476,0.0614444444444444,65.79038503485789,9.74180113508981,0.0176753950384817,0.0517587624838394,0.8204666666666667,0.9386077074416304,0.5738600757025042,0.7497029719498137,0.7654499142953568,0.9376756861517072,2.556
adult,size_1000,sample_02,MWEMPGM_eps10,1000,1000,0.0175555555555555,0.0316576251225136,0.976190476190476,0.0639444444444444,72.11820907923564,13.49640652814726,0.0269321718892234,0.078961371501129,0.8110666666666667,0.8715122829880148,0.6458619505494505,0.7497029719498137,0.8614904497224488,0.9388277706056564,2.704
adult,size_1000,sample_02,MWEMPGM_eps0.3,1000,1000,0.2438888888888886,0.2248877232735331,0.927579365079365,0.4041388888888889,206.02641073224163,49.26444814803928,0.1019840613225239,0.1441262521506242,0.6480666666666667,0.6123814581797173,0.6035536013551259,0.7497029719498137,0.8050569677013673,0.9414241973897438,8.634
adult,size_1000,sample_02,MWEMPGM_eps100,1000,1000,0.0059999999999999,0.0099483482287903,1.0,0.0446388888888888,67.56215828830308,13.41357743564258,0.0252732710849538,0.0873130058196594,0.8174666666666668,0.8811443091081194,0.6473973625322718,0.7497029719498137,0.8635384767945881,0.9388365366319368,2.45
adult,size_1000,sample_02,MWEMPGM_eps1,1000,1000,0.0863333333333332,0.1091484666242376,0.913690476190476,0.2024722222222222,98.6236115534838,21.70002030028035,0.0482909721323574,0.0780528274072102,0.7641333333333334,0.7846819408994848,0.4761077563625334,0.7497029719498137,0.6350618499760978,0.936996220114668,4.418000000000001
adult,size_1000,sample_02,MST_eps300,1000,1000,0.0045555555555555,0.0093040367118348,0.9960317460317462,0.0601666666666666,67.26385932863069,3.2054299351890894,0.0159723563564842,0.0600740507329386,0.8238,0.94133756780479,0.5573845012799962,0.7497029719498137,0.7434737783632008,0.9386128139612164,2.494
adult,size_1000,sample_02,MWEMPGM_eps0.1,1000,1000,0.3759999999999996,0.3300845452545681,0.8799603174603176,0.6008333333333333,517.056277218264,53.07557791266222,0.1828688525225807,0.1368600961785142,0.5108,0.4060147550348679,0.3291305531969433,0.7497029719498137,0.4390146037397252,0.9930886092796506,13.336
adult,size_1000,sample_02,MWEMPGM_eps3,1000,1000,0.0413333333333333,0.063093192688465,0.9523809523809524,0.1104166666666666,75.77061710030236,21.818458838200023,0.0394874793144883,0.1243227712767842,0.7924,0.8360912306230868,0.5498511904761905,0.7497029719498137,0.7334253844196523,0.9397361433289576,3.388
adult,size_1000,sample_02,MWEMPGM_eps1000,1000,1000,0.0046666666666666,0.0096281345173845,0.9841269841269842,0.0403888888888888,68.55002829742136,12.882103221825211,0.0251696874083195,0.08299374782904,0.8183333333333334,0.882290922774116,0.6941943576267409,0.7497029719498137,0.9259591911830054,0.9400859563776972,2.4319999999999986
adult,size_1000,sample_02,MWEMPGM_eps30,1000,1000,0.0083333333333333,0.0179393108621679,0.992063492063492,0.0520833333333333,71.26638682036065,11.44853974951004,0.025831896931587,0.095187209948118,0.8164666666666667,0.8786009135751341,0.6718648473034439,0.7497029719498137,0.8961747149893946,0.939505994638972,2.506
adult,size_1000,sample_02,MWEMPGM_eps300,1000,1000,0.0044444444444444,0.0097356909796997,0.98015873015873,0.0424999999999999,68.51099839381632,13.181625596726684,0.0257504182001895,0.0936267822453949,0.8183333333333334,0.881131420315805,0.6967031125633614,0.7497029719498137,0.929305523037288,0.939140764544012,2.442
adult,size_1000,sample_02,PrivBayes_eps0.1,1000,1000,0.4498888888888884,0.3626840812157919,0.9861111111111112,0.6477777777777777,986.8465390716176,178.9246094879343,0.2652591874257062,0.0711040875683496,0.4919333333333333,0.4151782794594035,0.5253157537497838,0.7497029719498137,0.7006985077216412,0.9964684524124202,13.976
adult,size_1000,sample_02,PrivBayes_eps0.3,1000,1000,0.4398888888888884,0.3539760913798236,0.9861111111111112,0.629,976.8352232181892,179.87431623217682,0.2510618117020515,0.0792422447331749,0.5106666666666667,0.4362731729952493,0.4920820461439982,0.7497029719498137,0.65636934157879,0.9943426370392258,13.675999999999998
adult,size_1000,sample_02,PrivBayes_eps100,1000,1000,0.1409999999999998,0.1319893344678191,1.0,0.246,341.51744297009543,114.81006901985506,0.1020943662584106,0.1401374331179107,0.7256666666666668,0.7586568500153875,0.5949760995797375,0.7497029719498137,0.7936157675258683,0.938915808869595,6.064000000000002
adult,size_1000,sample_02,PrivBayes_eps1000,1000,1000,0.0374444444444444,0.0410776086122936,1.0,0.0811944444444444,114.26390021345084,34.299163823067715,0.0286299513829275,0.102275231644213,0.7998,0.915523197739699,0.7079844705183993,0.7497029719498137,0.9443532931217424,0.9408116555533432,3.09
adult,size_1000,sample_02,PrivBayes_eps1,1000,1000,0.3988888888888884,0.318718151314402,1.0,0.5834722222222222,890.3556056088846,174.6352803507961,0.2402602309157456,0.0562575338350521,0.5357333333333333,0.4702768428213058,0.5454219202335095,0.7497029719498137,0.7275173509613208,0.9906442739515334,12.673999999999998
adult,size_1000,sample_02,PrivBayes_eps300,1000,1000,0.0805555555555554,0.0808971461029799,1.0,0.1392222222222222,191.79901740031852,67.48637001703156,0.0552732694786373,0.1180094219555,0.7722,0.8599136127174644,0.7059014121716938,0.7497029719498137,0.941574781598692,0.9420741703383628,4.356000000000001
adult,size_1000,sample_02,PrivBayes_eps10,1000,1000,0.3076666666666663,0.2581223133215936,1.0,0.4587777777777777,482.2780530072317,148.80154968608724,0.1814168438131359,0.0735842799557971,0.6075333333333333,0.5869725514317287,0.5673227213537624,0.7497029719498137,0.7567299884147543,0.9552821509358884,9.686
adult,size_1000,sample_02,PrivBayes_eps30,1000,1000,0.2648888888888886,0.2252207537820619,1.0,0.4227222222222222,390.35274881765326,125.54257558204978,0.1617923886605244,0.0870500891738212,0.6372,0.6184392793447271,0.4523233022022368,0.7497029719498137,0.6033366800794574,0.9503922922760922,8.812000000000001
adult,size_1000,sample_02,PrivBayes_eps3,1000,1000,0.3923333333333329,0.3167826823503906,1.0,0.5716944444444445,701.5207581299655,174.22482022195368,0.1855460194315802,0.0555729358718677,0.5376666666666667,0.5024114569615333,0.5668472782258065,0.7497029719498137,0.7560958130870828,0.984049270179712,12.432
adult,size_1000,sample_02,PrivSyn_eps0.1,1000,1000,0.4658888888888883,0.3958920825837893,0.8263888888888888,0.7204722222222222,1286.103646651447,175.6403773167783,0.2390370979292311,0.12585986284779,0.4854666666666666,0.3512481050346816,0.5268037599050399,0.7497029719498137,0.7026833019811434,0.995894061690397,14.978
adult,size_1000,sample_02,PrivSyn_eps1,1000,1000,0.1343333333333332,0.1517923088986788,0.9563492063492064,0.2989444444444444,276.6117240230589,105.96955219706176,0.0611142267884768,0.1202800031919684,0.8075333333333332,0.7171228569148594,0.4752722025449298,0.7497029719498137,0.6339473368305529,0.7363652156229165,5.376000000000001
adult,size_1000,sample_02,PrivSyn_eps10,1000,1000,0.0256666666666666,0.0472930653345671,0.9523809523809524,0.1328333333333333,29.40644517230459,26.36499764958779,0.0147531080896478,0.0975360211521189,0.8992000000000001,0.8569950461081819,0.5825331886115054,0.7497029719498137,0.7770186464897717,0.5189985889577696,2.5980000000000003
adult,size_1000,sample_02,PrivSyn_eps0.3,1000,1000,0.2696666666666664,0.2533299748662285,0.8978174603174602,0.4900833333333334,715.5869452053792,169.9199191674258,0.1595291724592539,0.2228425513976217,0.6777333333333332,0.5269588653763603,0.6651440342523012,0.7497029719498137,0.8872100805918987,0.9305524887963612,9.772000000000002
adult,size_1000,sample_02,PrivSyn_eps3,1000,1000,0.0609999999999999,0.0798950304542696,0.9503968253968256,0.1911388888888888,110.20141710408906,61.727375919904006,0.0303267113506097,0.0916307324223258,0.8742,0.8159597095888813,0.6331486260695159,0.7497029719498137,0.8445326344890716,0.5690834871122944,3.642
adult,size_1000,sample_02,PrivSyn_eps300,1000,1000,0.0182222222222222,0.0209980757303063,0.9960317460317462,0.0920277777777777,3.2976250665958737,1.56694540629636,0.0107552830948049,0.0558403229271758,0.905,0.8727733102671065,0.6871144658492735,0.7497029719498137,0.9165155954638772,0.5122168616261512,2.47
adult,size_1000,sample_02,PrivSyn_eps1000,1000,1000,0.0216666666666666,0.0270954913485011,0.992063492063492,0.1051944444444444,2.152008553087593,3.23367148751776,0.0088568959045771,0.060244820747847,0.9068666666666664,0.8584587032799157,0.6747998737646801,0.7497029719498137,0.9000896340582244,0.4899539538819537,2.5740000000000007
adult,size_1000,sample_02,PrivSyn_eps30,1000,1000,0.0225555555555555,0.0368788345661809,0.9692460317460316,0.1176944444444444,16.45978309367296,19.17223042889362,0.0190895813644791,0.0828426942501148,0.8955333333333333,0.8394255218392774,0.7034859735973598,0.7497029719498137,0.9383529208559904,0.5773967670355076,2.798
adult,size_1000,sample_02,PrivSyn_eps100,1000,1000,0.0196666666666666,0.027064147515484,0.9722222222222222,0.1002777777777777,4.726506247223447,5.293630418576456,0.0091459537185165,0.076009185595372,0.9062666666666668,0.8497326772193782,0.6403452685421995,0.7497029719498137,0.8541319594764152,0.4760200491081072,2.536
adult,size_1000,sample_02,PrivateGSD_eps0.3,1000,1000,0.2141111111111109,0.1999041498797567,1.0,0.3798888888888889,555.2510070767538,140.9214350481302,0.1324559534708972,0.1615021922501468,0.6706,0.651397462458323,0.4507376765246814,0.7497029719498137,0.6012216748885082,0.9450394722283376,7.862
adult,size_1000,sample_02,PrivateGSD_eps0.1,1000,1000,0.4526666666666661,0.3727845169026662,1.0,0.6699444444444445,919.6875549049162,154.0339252996424,0.206728465131267,0.0817074988590931,0.5094,0.4208970834148267,0.5017142857142858,0.7497029719498137,0.6692174159887812,0.9791316014365412,13.466
adult,size_1000,sample_02,PrivateGSD_eps1,1000,1000,0.1074444444444443,0.1194551057668182,0.9960317460317462,0.2223888888888888,264.8917825156752,93.32270391835824,0.064359850733449,0.1999390336829445,0.7519333333333335,0.7921948309274086,0.6078603836371499,0.7497029719498137,0.8108016191734676,0.9465784228421116,5.064000000000001
adult,size_1000,sample_02,PrivateGSD_eps10,1000,1000,0.0177777777777777,0.0329934502611908,0.9841269841269842,0.0741944444444444,106.08973262923853,29.442019293341747,0.0233247021480014,0.0655157480199265,0.8151333333333333,0.9266345894271482,0.7057072723746078,0.7497029719498137,0.9413158259798352,0.9396954182068638,2.628
adult,size_1000,sample_02,PrivateGSD_eps1000,1000,1000,0.0005555555555555,0.0011128730483812,1.0,0.0179444444444444,68.54431536893277,2.0399093293218336,0.0154605443893569,0.0247571200967104,0.8257333333333334,0.9781078247549968,0.7446526280882109,0.7497029719498137,0.9932635401620532,0.9385608568054488,2.1880000000000006
adult,size_1000,sample_02,PrivateGSD_eps100,1000,1000,0.0037777777777777,0.0105025305710725,1.0,0.0264444444444444,69.91074006819869,3.458618932291599,0.0163572049442259,0.0417723709346062,0.8236666666666667,0.9691876877903852,0.7423589743589744,0.7497029719498137,0.9902041235467433,0.9381765466532868,2.258
adult,size_1000,sample_02,PrivateGSD_eps3,1000,1000,0.0379999999999999,0.058945528528964,0.988095238095238,0.1211666666666666,143.02432279085517,50.19107830794657,0.0376731466308182,0.1855957393306589,0.7993333333333333,0.8746193519525721,0.6858514321430955,0.7497029719498137,0.9148308833135108,0.9404698975287528,3.256
adult,size_1000,sample_02,PrivateGSD_eps300,1000,1000,0.0013333333333333,0.0045123495903599,1.0,0.0191944444444444,68.43971193817721,3.389523003442288,0.0158672842207199,0.0359669825229609,0.8252666666666665,0.9741261679150268,0.7402206304530916,0.7497029719498137,0.9873518687397012,0.9383290971106332,2.208
adult,size_1000,sample_02,RankSwap,1000,1000,0.0,0.0,1.0,0.0,0.1680251866310683,8.82098665171135,0.0047862269297813,0.0100590431233188,0.9877333333333334,0.8495862588245249,0.8221812117629532,0.7497029719498137,1.0966759402259962,0.4824334143353762,0.11
adult,size_1000,sample_02,PrivateGSD_eps30,1000,1000,0.0079999999999999,0.0171132063059836,1.0,0.0433888888888888,82.78128022797785,13.307112902764215,0.0185244739184484,0.0842297034892186,0.8206000000000001,0.9507169259412462,0.7467621735040879,0.7497029719498137,0.9960773817693624,0.9385037606342744,2.334
adult,size_1000,sample_02,Synthpop,1000,1000,0.0242222222222222,0.0288744573993938,0.98015873015873,0.0637777777777777,9.739107204150947,9.841308923162783,0.0037735665965247,0.0315930530585323,0.9794666666666668,0.9039147819243906,0.7582766089108911,0.7497029719498137,1.011436044914742,0.4929043832273408,0.7520000000000002
adult,size_1000,sample_02,TabDDPM,1000,1000,0.0272222222222222,0.0355334569573775,0.976190476190476,0.0577777777777777,1.696557134059037,1.951982414207348,0.0066014895555651,0.0250090479901237,0.9756,0.9198136394292769,0.8192934846658737,0.7497029719498137,1.092824111962352,0.485114585373527,0.8940000000000002
adult,size_1000,sample_03,AIM_eps0.3,1000,1000,0.1499999999999998,0.1849255919959935,0.7423259088581671,0.29175,83.88295030307177,53.23760117355846,0.0909449088756215,0.0572796626826161,0.6726000000000002,0.6436419288560037,0.425947187141217,0.7783446551719599,0.5472475262162462,0.836313890269043,6.99
adult,size_1000,sample_02,TVAE,1000,1000,0.1825555555555554,0.2159169798836607,0.5533068783068783,0.3133611111111111,34.353683081285105,57.673246306266975,0.0301019763720245,0.0830342238509894,0.8125999999999999,0.6428689840106436,0.634443168771527,0.7497029719498137,0.8462593752787892,0.738960076402309,5.418
adult,size_1000,sample_03,AIM_eps1,1000,1000,0.1226666666666665,0.1589001905982892,0.7992703533026114,0.2256111111111111,36.58487198183178,59.63626009959998,0.0475640687189864,,0.8455999999999999,0.5533399279331477,0.6440197904359983,0.7783446551719599,0.8274223842533776,0.7128009579772722,5.854000000000001
adult,size_1000,sample_03,AIM_eps0.1,1000,1000,0.3942222222222218,0.3601571994956649,0.539932155657962,0.6290277777777776,592.9247144869553,132.27097893093213,0.2204655001394904,0.0737392708658764,0.4968666666666667,0.4116376711286279,0.44478949052378,0.7783446551719599,0.5714557009045907,0.9880394951424064,13.27
adult,size_1000,sample_03,AIM_eps100,1000,1000,0.0101111111111111,0.0159125533708188,0.9820788530465951,0.0411111111111111,50.06376213661403,2.463781015140704,0.0171162083949897,0.0482903926383421,0.8250666666666667,0.9483887814782138,0.7867159844202468,0.7783446551719599,1.01075529855776,0.8817437494677609,1.9560000000000008
adult,size_1000,sample_03,AIM_eps10,1000,1000,0.0244444444444444,0.0489687543896217,0.8731182795698925,0.0756666666666666,34.63351991429862,38.10441655186356,0.0255882125190046,0.0446995684725515,0.9097333333333332,0.8111119355852939,0.7392648420967716,0.7783446551719599,0.9497911202826548,0.5876348197291895,4.984
adult,size_1000,sample_03,ARF,1000,1000,0.1297777777777776,0.1166073525831879,0.9964157706093192,0.2463055555555556,39.5812700042286,2.798936386325236,0.0236249982806502,0.0210986158735959,0.8516666666666667,0.781578670294743,0.7193846153846154,0.7783446551719599,0.9242494446541252,0.6206182806136052,3.704
adult,size_1000,sample_03,MST_eps0.1,1000,1000,0.4629999999999994,0.3678411045243595,1.0,0.6496666666666666,811.0202103107738,125.67444743364068,0.2732002237316643,0.068266201759875,0.4953333333333333,0.4142666998742946,0.5754909781975845,0.7783446551719599,0.7393780818042661,0.9938500295623888,13.562
adult,size_1000,sample_03,CTGAN,1000,1000,0.0744444444444443,0.0733960709159399,1.0,0.1769722222222222,36.28576118129737,19.11051166633641,0.0680711277029461,0.0543481271267704,0.8178666666666666,0.802194181395707,0.4568804886404465,0.7783446551719599,0.5869899478924395,0.8004005246007727,3.842000000000001
adult,size_1000,sample_03,CellSuppression,1000,749,0.058145675715769,0.0696981523675244,0.8974910394265234,0.091166740839638,3.657289600823828,3.8783965141434895,0.0103713567747828,0.0306881531068248,0.9536396973742768,0.9148195981934314,0.8821390086206897,0.7783446551719599,1.1,0.6053447138791631,1.4656021361815756
adult,size_1000,sample_03,AIM_eps3,1000,1000,0.0386666666666666,0.0693660958509104,0.8607782898105479,0.1084722222222222,35.825323500812424,44.26484996749587,0.0240534311152515,,0.9334,0.6872368199538472,0.7344129190549598,0.7783446551719599,0.9435574768588216,0.620482344206068,3.778000000000002
adult,size_1000,sample_03,AIM_eps30,1000,1000,0.0158888888888888,0.0304707620982108,0.9462365591397848,0.0562777777777777,29.76621748484758,20.55083169962325,0.0305710371580032,0.03941232829107,0.7967333333333334,0.8317181670268284,0.7698135198135199,0.7783446551719599,0.9890393858290718,0.7336292794205798,3.9780000000000006
adult,size_1000,sample_03,MST_eps10,1000,1000,0.0169999999999999,0.0348625605602059,0.992831541218638,0.0814166666666666,34.61726867702923,38.12805747447703,0.0263306973829946,0.0859358466837485,0.9151333333333332,0.8092426776178275,0.5579069951333827,0.7783446551719599,0.7167865692331958,0.5735593805310227,4.859999999999999
adult,size_1000,sample_03,MST_eps0.3,1000,1000,0.1944444444444442,0.1873163733099691,0.9749103942652328,0.3505,193.7961379122117,75.24059035969974,0.127510166043712,0.0837018313610713,0.6556666666666667,0.6782879644265902,0.4359233664812629,0.7783446551719599,0.5600647008091136,0.9023239041670648,6.458000000000001
adult,size_1000,sample_03,MST_eps1,1000,1000,0.100111111111111,0.1227294605197015,0.992831541218638,0.2158611111111111,38.245811684605016,54.73269306075482,0.0448908873515149,0.1228127797255989,0.8656,0.6795133728767428,0.4275901545506583,0.7783446551719599,0.5493583744096692,0.6750373127618636,4.958
adult,size_1000,sample_03,MST_eps100,1000,1000,0.0049999999999999,0.0133320178612848,0.9820788530465951,0.0532777777777777,113.3403528843261,5.517270154578771,0.0425597264275322,0.0551581604085976,0.7952666666666667,0.791307750447005,0.6217112635023083,0.7783446551719599,0.7987608822020849,0.9565090616141668,7.187999999999999
adult,size_1000,sample_03,MST_eps1000,1000,1000,0.0048888888888888,0.0094107755432315,0.9964157706093192,0.0463333333333333,140.4556981599599,5.421412985805971,0.0526810157686245,0.0500685272189781,0.7898666666666666,0.8027474861510254,0.6307692307692307,0.7783446551719599,0.8103983582296648,0.9580155941307512,7.426
adult,size_1000,sample_03,MST_eps3,1000,1000,0.0324444444444444,0.0554161356561298,0.9964157706093192,0.1077777777777777,65.81751387435972,26.098049397914878,0.031556734676524,0.0571259511053311,0.8088666666666667,0.8882910034924764,0.5096590451113678,0.7783446551719599,0.6547986700484104,0.8370995836245517,2.762
adult,size_1000,sample_03,MST_eps30,1000,1000,0.0083333333333333,0.016545036086871,0.9892473118279568,0.0673055555555555,48.96122814420876,2.158230784205209,0.016221354854118,0.0436500789749114,0.8274000000000001,0.9282154705494112,0.6651083955274885,0.7783446551719599,0.8545165577003856,0.8798394877587844,1.9040000000000008
adult,size_1000,sample_03,MST_eps300,1000,1000,0.0041111111111111,0.0095273576513796,0.985663082437276,0.0611666666666666,48.507219119580505,2.1422075058617858,0.0160420927814446,0.0527557189963915,0.8285333333333333,0.9372698295954958,0.6238480346059808,0.7783446551719599,0.8015061584613865,0.8819211669996586,1.8080000000000005
adult,size_1000,sample_03,MWEMPGM_eps1,1000,1000,0.080111111111111,0.1028281413610855,0.9072580645161288,0.1916388888888889,64.17716021209655,21.634834842105956,0.0448088902128696,0.0655467230147395,0.7735333333333334,0.7931752340703758,0.4971788206524059,0.7783446551719599,0.6387643536637219,0.8360189413847863,3.694
adult,size_1000,sample_03,MWEMPGM_eps10,1000,1000,0.0154444444444444,0.0296675017138467,0.971326164874552,0.0652499999999999,41.60465850948755,18.392751789555906,0.027472229665066,0.1093293057676279,0.8163333333333335,0.8782479067308838,0.6693871382150685,0.7783446551719599,0.8600137916809862,0.8550304363812483,2.052
adult,size_1000,sample_03,MWEMPGM_eps100,1000,1000,0.0067777777777777,0.0152322496400461,0.9769585253456222,0.0515277777777777,39.58576749794876,18.770262673402247,0.0263742212837536,0.0907582262210605,0.8222666666666666,0.8915839362223051,0.7177301864801865,0.7783446551719599,0.9221238709854128,0.8704273225411129,1.86
adult,size_1000,sample_03,MWEMPGM_eps0.3,1000,1000,0.2287777777777775,0.2159666752457226,0.9174667178699436,0.4175555555555556,116.0441607316978,45.40290018472263,0.1156042760684537,0.117688565220798,0.6616666666666666,0.6047365310556572,0.4908986478044305,0.7783446551719599,0.6306957264746765,0.8792247769158812,7.608
adult,size_1000,sample_03,MWEMPGM_eps1000,1000,1000,0.0052222222222222,0.0079153099577597,0.9964157706093192,0.0471111111111111,39.49549124612932,18.368302661971427,0.0257025527062835,0.0882789125139727,0.8236000000000001,0.8948657919632877,0.719799980293625,0.7783446551719599,0.9247830963034248,0.8624234185454087,1.826
adult,size_1000,sample_03,MWEMPGM_eps0.1,1000,1000,0.3836666666666663,0.3162403119854298,0.8728238607270866,0.5951111111111111,259.86056088979063,54.40731871302583,0.1532624068096917,0.1053570731118934,0.55,0.4305030662062933,0.608399926287045,0.7783446551719599,0.7816587705281604,0.958787751445679,13.054
adult,size_1000,sample_03,MWEMPGM_eps300,1000,1000,0.0054444444444444,0.0107466588521908,0.9964157706093192,0.0479722222222222,38.64324996811812,18.896614394377384,0.0258500937026203,0.1051198557910445,0.8230666666666668,0.8923771531577825,0.7187726192104427,0.7783446551719599,0.9234631655038444,0.8613702803881006,1.838
adult,size_1000,sample_03,MWEMPGM_eps30,1000,1000,0.0093333333333333,0.0179407928988571,0.985663082437276,0.0523333333333333,40.235531780817865,18.74186696556322,0.027232061815462,0.1041243268051066,0.8204666666666668,0.8900006433234449,0.7389763014763016,0.7783446551719599,0.9494204096745512,0.8601121576162485,1.9200000000000004
adult,size_1000,sample_03,MWEMPGM_eps3,1000,1000,0.0452222222222221,0.0687842520481377,0.9462365591397848,0.1225277777777777,46.4161185154796,31.00751290895829,0.0418677832795522,0.064706645385549,0.7970000000000002,0.839130477710556,0.5145367199551649,0.7783446551719599,0.6610653988179331,0.8343640254233482,2.8600000000000008
adult,size_1000,sample_03,PrivBayes_eps0.1,1000,1000,0.4656666666666662,0.3717629536357701,1.0,0.6630833333333335,798.2849031193134,125.09106722347572,0.2632758247427439,0.074417669234905,0.4944,0.4098844521975068,0.3401697398210588,0.7783446551719599,0.4370425588677046,0.993094414297054,13.47
adult,size_1000,sample_03,PrivBayes_eps1,1000,1000,0.4207777777777773,0.3378742542741582,1.0,0.6087222222222223,623.2611203028937,108.2348823374388,0.2270970239313784,0.0796821816970117,0.5300666666666667,0.4536417489264039,0.5026884735901406,0.7783446551719599,0.645843033912139,0.9868827576745076,12.188
adult,size_1000,sample_03,PrivBayes_eps100,1000,1000,0.1688888888888887,0.1506300910156681,1.0,0.278611111111111,268.90624469767914,82.64183210554755,0.1066478230470934,0.1015135702390055,0.7120666666666666,0.7393490306972138,0.4839785665337395,0.7783446551719599,0.6218049590957022,0.8848802948711242,5.862
adult,size_1000,sample_03,PrivBayes_eps10,1000,1000,0.3285555555555552,0.2667408099722325,1.0,0.4815555555555555,533.7804421875327,117.3157789667643,0.1942990697427361,0.0678407383157681,0.5960000000000001,0.5590208996441118,0.4363070305521589,0.7783446551719599,0.5605576239226692,0.9544493154390477,9.81
adult,size_1000,sample_03,PrivBayes_eps0.3,1000,1000,0.4917777777777772,0.3920361077405175,1.0,0.6785,767.3060739362633,131.9115923686825,0.2526444025592688,0.075161227641852,0.4811333333333333,0.4053075313589153,0.6545260920539904,0.7783446551719599,0.840920648225295,0.989096512311344,14.104
adult,size_1000,sample_03,PrivBayes_eps1000,1000,1000,0.0393333333333333,0.045834756438805,1.0,0.1030555555555555,93.19853871818638,24.153519525286875,0.0314666351717574,0.1209852236155348,0.8061333333333333,0.900120103075081,0.5724374880702424,0.7783446551719599,0.7354550252165964,0.894931966006034,2.5700000000000003
adult,size_1000,sample_03,PrivBayes_eps3,1000,1000,0.4329999999999996,0.3429646101003374,1.0,0.6073888888888889,415.5123885649095,118.04772787760784,0.1691831374892661,0.0565932685254833,0.5183333333333333,0.4809957189148464,0.6498772042252364,0.7783446551719599,0.8349478599530744,0.9722350337606313,12.748
adult,size_1000,sample_03,PrivBayes_eps30,1000,1000,0.3007777777777775,0.2456662173310068,1.0,0.4569166666666667,387.46551820070624,112.59085812499336,0.154925488639646,0.0766926477438573,0.6178000000000001,0.5940552870659149,0.4777684392620215,0.7783446551719599,0.6138263249139744,0.9360492822757482,9.482
adult,size_1000,sample_03,PrivBayes_eps300,1000,1000,0.080111111111111,0.0778597977902377,1.0,0.1466944444444444,126.60904816258687,40.79528754268635,0.0493703253553763,0.0950511887512159,0.7781333333333335,0.8624772960415799,0.6791819649340796,0.7783446551719599,0.8725979684369617,0.882695475321035,3.59
adult,size_1000,sample_03,PrivSyn_eps0.1,1000,1000,0.5172222222222216,0.4264855348448161,0.8926651305683563,0.7339166666666668,883.0176764524916,131.57460905695834,0.2537116098696171,0.1189605121362322,0.4650666666666667,0.3439218681807453,0.5276643865842895,0.7783446551719599,0.6779315345846619,0.99306585721144,15.376
adult,size_1000,sample_03,PrivSyn_eps0.3,1000,1000,0.2795555555555553,0.2599907873561606,0.9411162314388122,0.4937500000000001,623.2479893130122,125.86107418018096,0.1826961401520309,0.2109510185214897,0.6524666666666665,0.5074368320103698,0.5767081623414085,0.7783446551719599,0.7409418930742218,0.9234595765318104,9.444
adult,size_1000,sample_03,PrivSyn_eps1,1000,1000,0.1461111111111109,0.1556621136239225,0.9572132616487457,0.3138333333333333,301.97160434148384,89.62268830297505,0.0809182390184298,0.1903171767292513,0.7994666666666667,0.6621011540431487,0.4822761274254331,0.7783446551719599,0.619617702978794,0.7613973506692573,5.480000000000002
adult,size_1000,sample_03,PrivSyn_eps10,1000,1000,0.0296666666666666,0.0434109028600247,0.985663082437276,0.1306944444444444,41.95730114778298,24.0527553850878,0.0196047892243526,0.089791206054102,0.8973333333333333,0.8624911043294688,0.6683915220239613,0.7783446551719599,0.8587346460167057,0.5660584880433471,2.4240000000000004
adult,size_1000,sample_03,PrivSyn_eps100,1000,1000,0.0197777777777777,0.028606628727242,0.9820788530465951,0.1031111111111111,7.41187513391513,5.960632451801548,0.0116118779224626,0.0628397887288374,0.9057333333333334,0.8496257293765118,0.7294585305733332,0.7783446551719599,0.9371921881039376,0.5281600044236933,2.184
adult,size_1000,sample_03,PrivSyn_eps1000,1000,1000,0.016111111111111,0.024482723018973,0.9823028673835124,0.0936111111111111,3.7658156296065752,5.636627532323371,0.0110630038024431,0.0623089589948598,0.9114666666666668,0.8588826934051291,0.7092821253887465,0.7783446551719599,0.9112699889240166,0.4953569760802143,2.0620000000000003
adult,size_1000,sample_03,PrivSyn_eps300,1000,1000,0.0165555555555555,0.0263654065155661,0.977726574500768,0.0973055555555555,3.918239283977482,4.265438882911499,0.0101821274256692,0.0597770676947167,0.9108,0.8979302094503774,0.710454327411332,0.7783446551719599,0.9127760081593846,0.4821729085543798,2.006
adult,size_1000,sample_03,PrivSyn_eps30,1000,1000,0.0257777777777777,0.0347889207503733,0.985663082437276,0.1120833333333333,12.224617167534085,9.485325645149356,0.0116221811402815,0.097638000214971,0.9049333333333336,0.8830163333179782,0.6761810649538216,0.7783446551719599,0.8687424785072346,0.5057015440932292,2.1340000000000003
adult,size_1000,sample_03,PrivSyn_eps3,1000,1000,0.0696666666666666,0.0921954821127894,0.9820788530465951,0.20025,138.18044896795786,58.98899788343969,0.0464803304539947,0.2204355022283778,0.8635333333333333,0.792559368888449,0.6747332812906583,0.7783446551719599,0.8668823980745407,0.6560148467325105,3.4580000000000006
adult,size_1000,sample_03,PrivateGSD_eps0.3,1000,1000,0.2414444444444442,0.2206550319902264,1.0,0.4086388888888889,407.0411028793597,102.4187026714322,0.1215791201729451,0.1243816183210216,0.6678,0.6401251225008794,0.5736382635195113,0.7783446551719599,0.736997754958666,0.8557725246060288,7.682
adult,size_1000,sample_03,PrivateGSD_eps0.1,1000,1000,0.4037777777777773,0.3258841492545185,0.9964157706093192,0.6096388888888888,738.0802574755731,106.010923265647,0.1812024107019843,0.1178415055077905,0.5551333333333334,0.4528113210351578,0.4027649769585253,0.7783446551719599,0.5174635352481427,0.9758296355372474,11.946000000000002
adult,size_1000,sample_03,PrivateGSD_eps1,1000,1000,0.1106666666666665,0.1225829586992022,0.9820788530465951,0.2221666666666667,218.07428695444483,61.56268640870811,0.0645401062370325,0.1795854129027746,0.7573333333333333,0.7870772324117064,0.6663843765237252,0.7783446551719599,0.8561559098660285,0.838119502682269,4.154000000000001
adult,size_1000,sample_03,PrivateGSD_eps10,1000,1000,0.0172222222222222,0.0299930502918181,1.0,0.0741388888888888,75.9259594906837,17.044882271277476,0.0220061379601712,0.1247290049399463,0.8201333333333334,0.9221955472661943,0.7730703291651477,0.7783446551719599,0.9932236624596988,0.8818872458979632,1.9440000000000004
adult,size_1000,sample_03,PrivateGSD_eps100,1000,1000,0.0024444444444444,0.0061434500445548,1.0,0.0258888888888888,51.91787527434501,2.6214539613999306,0.0159133964500125,0.0303502866160638,0.8300666666666667,0.9681654557179,0.7789265787350794,0.7783446551719599,1.0007476423961774,0.888495488709475,1.5720000000000005
adult,size_1000,sample_03,PrivateGSD_eps1000,1000,1000,0.0008888888888888,0.0025688720304509,1.0,0.0145555555555555,48.034973357446624,2.0472395658467324,0.0152874690166285,0.0174102837724558,0.8311333333333335,0.9782516463972056,0.7850823947629807,0.7783446551719599,1.0086564986929427,0.8784544196063501,1.5340000000000005
adult,size_1000,sample_03,PrivateGSD_eps3,1000,1000,0.0486666666666666,0.0693789974846379,0.9820788530465951,0.1260277777777778,115.69883602781104,34.07081124699867,0.0381567472879015,0.1937227514767337,0.8,0.8671150415611858,0.7086524193170993,0.7783446551719599,0.9104609564891152,0.8894113224551448,2.7760000000000007
adult,size_1000,sample_03,PrivateGSD_eps30,1000,1000,0.0079999999999999,0.0183966139121983,0.992831541218638,0.0442777777777777,58.141314754086274,5.916212794537133,0.0178552356643026,0.089364765970944,0.8260000000000002,0.9486834690973134,0.7679324894514767,0.7783446551719599,0.9866226796189084,0.8933228151817998,1.6900000000000002
adult,size_1000,sample_03,RankSwap,1000,1000,0.0,0.0,1.0,0.0,0.1924094949601802,10.197074694480884,0.0074213617865247,0.0194712767616834,0.9870666666666666,0.8651139564217845,0.8543123543123543,0.7783446551719599,1.0976016197013014,0.4910152820638156,0.102
adult,size_1000,sample_03,PrivateGSD_eps300,1000,1000,0.0013333333333333,0.0043676064896512,0.9964157706093192,0.0186388888888888,49.24314091551861,1.2035951160843954,0.0155047886455314,0.0151850121656069,0.831,0.9751058324643612,0.7648760275583041,0.7783446551719599,0.9826958049722204,0.8903678543228274,1.5400000000000005
adult,size_1000,sample_03,Synthpop,1000,1000,0.0277777777777777,0.0312423350997986,0.9892473118279568,0.0675,2.829381743765428,4.575907223418494,0.0067428327736633,0.0463350318712125,0.974,0.9383094024853896,0.7741617588399541,0.7783446551719599,0.9946259071689209,0.5004204902606298,0.8719999999999999
adult,size_1000,sample_03,TabDDPM,1000,1000,0.025111111111111,0.0310501935561219,0.96979006656426,0.0545833333333333,6.383827334397823,5.217466804630744,0.0061281911990875,0.0239665794887544,0.9767333333333332,0.9512976252746128,0.8585721891915876,0.7783446551719599,1.1,0.4960002530087585,0.8460000000000002
adult,size_1000,sample_03,TVAE,1000,1000,0.1681111111111109,0.1991692246551201,0.5611900494965012,0.28475,33.97364616526902,59.92985817353161,0.037339195751836,0.0705015717650449,0.8133333333333334,0.6410689353501159,0.7095708037337578,0.7783446551719599,0.9116408764775652,0.7252356292564165,5.15
adult,size_1000,sample_04,AIM_eps0.1,1000,1000,0.3746666666666662,0.358122363499429,0.5265851681174262,0.6287499999999999,330.6287791668082,66.33002426400053,0.2277374780685031,0.0706098012972999,0.45,0.3762231094311452,0.4325719516559211,0.7173029366524499,0.6030533676808394,0.997614722848939,13.018
adult,size_1000,sample_04,AIM_eps100,1000,1000,0.0112222222222222,0.0217438065419465,0.985663082437276,0.0438055555555555,65.38553567841666,5.770114315476717,0.0177410775866262,0.0475222328049165,0.8257333333333333,0.9539579357520296,0.7456410256410256,0.7173029366524499,1.039506444817966,0.9252514909039696,2.386
adult,size_1000,sample_04,AIM_eps10,1000,1000,0.0269999999999999,0.046748111233366,0.9218189964157708,0.0889444444444444,34.934635620576145,36.31115889549889,0.0210733995928073,0.0508093155225143,0.9152,0.7933040965102965,0.7166737498229211,0.7173029366524499,0.9991228435054548,0.6087587020585888,4.64
adult,size_1000,sample_04,AIM_eps1,1000,1000,0.1585555555555554,0.1866529723922907,0.7457373271889401,0.3068055555555555,38.0944166572437,54.6062847177872,0.0444784458849695,0.0859797058073912,0.8190666666666667,0.6237252591089958,0.6212294273784802,0.7173029366524499,0.866062852316014,0.7578414310086101,6.746000000000001
adult,size_1000,sample_04,AIM_eps0.3,1000,1000,0.303333333333333,0.2791903538800538,0.7566244239631337,0.50325,127.68616224872484,49.151744499055646,0.1224060735352226,0.0717608666522778,0.5923333333333335,0.5238742238105515,0.4429734534882834,0.7173029366524499,0.6175542170422745,0.9549652599858496,9.97
adult,size_1000,sample_04,AIM_eps3,1000,1000,0.065111111111111,0.0964307677502736,0.902905785970302,0.1496944444444444,35.91270934920723,45.08596806375223,0.0232397800272767,0.0640676784089742,0.9178,0.745766594399359,0.680787528059806,0.7173029366524499,0.949093462717488,0.6824687700413725,4.385999999999999
adult,size_1000,sample_04,AIM_eps30,1000,1000,0.0121111111111111,0.0259173975057081,0.949820788530466,0.0515277777777777,21.512061489210957,22.351097095145853,0.0300459602640425,0.0565129340144658,0.7949999999999999,0.8218776475703953,0.739108610076352,0.7173029366524499,1.030399531643668,0.6463751788327862,5.422000000000001
adult,size_1000,sample_04,ARF,1000,1000,0.1366666666666665,0.1223228503801941,0.9841269841269842,0.2622499999999999,26.11867856673216,5.109374825831199,0.0205186432762473,0.0380024244417865,0.8525333333333334,0.7580474458732056,0.6491256701291707,0.7173029366524499,0.9049533145201548,0.6116379726906421,3.886
adult,size_1000,sample_04,CellSuppression,1000,753,0.0512896561900544,0.0666587415147487,0.882437275985663,0.0823570532684078,5.045109284925494,7.457309774808932,0.0112788523874159,0.0426227346771263,0.9561210270030986,0.8959930703334084,0.857813166500782,0.7173029366524499,1.1,0.5999806137697686,1.348300132802125
adult,size_1000,sample_04,MST_eps0.1,1000,1000,0.3849999999999996,0.3247492149198607,0.911111111111111,0.5819444444444445,851.1690528160395,148.45430630256422,0.2616253128787253,0.0721694677064842,0.5402,0.4596545618304892,0.4661254564423578,0.7173029366524499,0.6498306817935466,0.9902449697544192,12.38
adult,size_1000,sample_04,CTGAN,1000,1000,0.0985555555555554,0.0889745181574261,1.0,0.20525,27.68084465526153,30.84711156392721,0.0536869245034817,0.0812077209180889,0.8062666666666666,0.7902756389820412,0.4396031705245951,0.7173029366524499,0.612855668087565,0.8104516467340369,4.268000000000001
adult,size_1000,sample_04,MST_eps0.3,1000,1000,0.197222222222222,0.1930982430091266,0.9820788530465951,0.3505833333333333,135.09487496187887,73.68487336092616,0.1065102525641636,0.0693959764321123,0.6596666666666666,0.6869955254929442,0.467130661736719,0.7173029366524499,0.6512320496715484,0.8886026610307778,7.254000000000001
adult,size_1000,sample_04,MST_eps1,1000,1000,0.101111111111111,0.1195300536675396,1.0,0.2024166666666667,38.47563834534925,57.138492344139,0.0421282378806905,0.1029912065311578,0.8624666666666667,0.6796434852477744,0.5001857286494708,0.7173029366524499,0.6973144860022942,0.6666987967629927,5.056
adult,size_1000,sample_04,MST_eps1000,1000,1000,0.0034444444444444,0.0100718778511882,0.9789426523297492,0.0487499999999999,159.9572041771024,4.275069471814846,0.0480620018208848,0.0630561668052272,0.7940666666666665,0.8245150357043884,0.6052050697114497,0.7173029366524499,0.8437231171135069,0.9710304161491876,7.441999999999998
adult,size_1000,sample_04,MST_eps100,1000,1000,0.0056666666666666,0.0147691870516533,0.985663082437276,0.055,49.95166353443823,15.835589487634088,0.0394856066040913,0.051101140558363,0.7899999999999998,0.7993308709124979,0.6280053647658747,0.7173029366524499,0.8755092619711482,0.939775671447463,5.9
adult,size_1000,sample_04,MST_eps3,1000,1000,0.0338888888888888,0.0581162128186274,1.0,0.1063055555555555,64.80950198147384,19.14848996407077,0.0272888498854177,0.0752795356284216,0.8103333333333332,0.8925466998360653,0.5667482319056365,0.7173029366524499,0.7901100119170825,0.9201131054990904,3.166
adult,size_1000,sample_04,MST_eps10,1000,1000,0.0176666666666666,0.0356923367335849,0.985663082437276,0.0808888888888888,34.40187376926221,38.283903589271226,0.0206055764611425,0.0540623294769894,0.9240666666666668,0.8019003097992625,0.568461383343416,0.7173029366524499,0.7924983353854566,0.5698629614491584,4.454000000000001
adult,size_1000,sample_04,MST_eps30,1000,1000,0.0084444444444444,0.0191625069370573,0.9892473118279568,0.0674722222222222,61.23709514505986,3.708286211783655,0.0169322366954307,0.0494838102708585,0.8255333333333333,0.9410082992663672,0.5871828532269916,0.7173029366524499,0.8185981447189246,0.927436139453546,2.306
adult,size_1000,sample_04,MST_eps300,1000,1000,0.0043333333333333,0.0090735748412918,0.992831541218638,0.0676666666666666,58.22967638056282,1.7965805835848812,0.0156538338084787,0.0526507194789194,0.8290666666666665,0.9422963771800772,0.6039985668519562,0.7173029366524499,0.8420411180616754,0.9263702752580852,2.2560000000000007
adult,size_1000,sample_04,MWEMPGM_eps1,1000,1000,0.0795555555555554,0.1094176142304636,0.9026817716333846,0.1827499999999999,88.20957505762644,21.76084520749272,0.0477495610581018,0.0858431562380299,0.7736666666666667,0.7770778697925216,0.4502571064433049,0.7173029366524499,0.6277084386156558,0.9150128892086418,4.880000000000001
adult,size_1000,sample_04,MWEMPGM_eps100,1000,1000,0.0057777777777777,0.0126562290895713,0.992831541218638,0.0538888888888888,53.52322566712399,14.85935559105632,0.0241168146920728,0.0785330695066287,0.8225333333333336,0.84823811408286,0.7016016174149764,0.7173029366524499,0.9781106161246732,0.927319193102941,3.185999999999999
adult,size_1000,sample_04,MWEMPGM_eps10,1000,1000,0.0208888888888888,0.0415738255458373,0.9749103942652328,0.0785833333333333,57.196176746632666,12.51648404020871,0.0254619146834991,0.0839790843497557,0.8131333333333332,0.8349157796893031,0.5838467250369234,0.7173029366524499,0.8139472113138944,0.9271801786861756,3.47
adult,size_1000,sample_04,MWEMPGM_eps0.1,1000,1000,0.4643333333333329,0.389027705836746,0.862295186891961,0.6654722222222221,294.1406611802353,64.25061236803452,0.1587000953622139,0.1259912928147127,0.4924666666666668,0.3950482409894253,0.4385176866928691,0.7173029366524499,0.6113423830079857,0.9774283553302092,14.122
adult,size_1000,sample_04,MWEMPGM_eps1000,1000,1000,0.0029999999999999,0.0060258732936482,1.0,0.0492777777777777,52.71071840549266,14.456694274659013,0.0238432530068468,0.0795933810928157,0.8242666666666666,0.8506195203981322,0.6692624552752638,0.7173029366524499,0.9330262305983484,0.9249390999674216,3.144000000000001
adult,size_1000,sample_04,MWEMPGM_eps0.3,1000,1000,0.2097777777777775,0.211938388586603,0.8870327700972862,0.3615555555555556,205.30047183600735,42.10837912989249,0.1141732373325271,0.0821148390925199,0.6636666666666667,0.6237156067314868,0.3930021980512864,0.7173029366524499,0.5478887341944848,0.9224810575982106,8.18
adult,size_1000,sample_04,MWEMPGM_eps3,1000,1000,0.0378888888888888,0.0628591563423541,0.949820788530466,0.1123333333333333,58.17375385689208,21.549484116263187,0.0332722513708898,0.0725775358345678,0.8022666666666667,0.8157682712499119,0.4874703587024116,0.7173029366524499,0.6795878473736734,0.9161374605801068,3.78
adult,size_1000,sample_04,PrivBayes_eps0.3,1000,1000,0.4249999999999995,0.3406786344043616,1.0,0.6164166666666666,786.5611210251434,144.7689689951722,0.2316803154422507,0.0845645706858548,0.5263333333333333,0.4496358639986293,0.533998043685078,0.7173029366524499,0.7444526103611468,0.9839214247964316,12.816
adult,size_1000,sample_04,MWEMPGM_eps30,1000,1000,0.0112222222222222,0.0229601215294933,0.9892473118279568,0.0618611111111111,54.757481002012106,13.624501716473748,0.0244261104832735,0.0790960530879279,0.8190666666666668,0.831150281922291,0.4627594627594628,0.7173029366524499,0.6451381125728847,0.9217377093696528,3.276
adult,size_1000,sample_04,MWEMPGM_eps300,1000,1000,0.0038888888888888,0.0086110157261707,0.992831541218638,0.0506111111111111,53.24453813417166,15.09007970052472,0.023451812172414,0.078298182612753,0.8235333333333335,0.8512644155276605,0.6853166569351298,0.7173029366524499,0.9554075716431104,0.9299852350957348,3.146
adult,size_1000,sample_04,PrivBayes_eps0.1,1000,1000,0.4774444444444439,0.3802744791691018,1.0,0.6695,825.6357773696857,147.48616795781658,0.2556588346988079,0.0858405768975526,0.4872666666666667,0.4134590064120796,0.5675024309346123,0.7173029366524499,0.791161449169508,0.9916741110389848,13.87
adult,size_1000,sample_04,PrivBayes_eps10,1000,1000,0.2866666666666664,0.2386508316905888,1.0,0.43225,387.4211014200936,102.91431472627228,0.1775757664369484,0.0905020787583715,0.6184666666666667,0.5981450896124972,0.5556478405315615,0.7173029366524499,0.7746348328744155,0.929284528995018,9.164
adult,size_1000,sample_04,PrivBayes_eps100,1000,1000,0.1641111111111109,0.149304290755259,1.0,0.2650277777777778,319.07510258271964,97.68739529193188,0.1053100015057408,0.1137224327223173,0.7126000000000001,0.7512103024245964,0.5889328063241106,0.7173029366524499,0.8210377737897908,0.9161391615852064,6.71
adult,size_1000,sample_04,PrivBayes_eps1,1000,1000,0.4039999999999996,0.3240040176369677,1.0,0.5762499999999999,817.429779221229,156.52558369426524,0.2456992182946332,0.0793410254902359,0.5371999999999999,0.4703137362745069,0.4359330121825502,0.7173029366524499,0.6077390595334982,0.9854012902330682,12.55
adult,size_1000,sample_04,PrivBayes_eps1000,1000,1000,0.0393333333333333,0.0424405649977045,0.9841269841269842,0.0908055555555555,77.67552415384876,14.77212990944016,0.0262169330736978,0.0884173294621403,0.8029333333333334,0.9142082859907996,0.5580449351047614,0.7173029366524499,0.7779766490728164,0.9235834709032456,3.774
adult,size_1000,sample_04,PrivBayes_eps3,1000,1000,0.3972222222222218,0.3185371362334787,1.0,0.5743611111111111,649.1240249387344,155.8115545838749,0.1999465213952821,0.0612742675450512,0.5413333333333333,0.5010518380324963,0.5624138244206112,0.7173029366524499,0.7840673662468317,0.977695683131658,12.200000000000005
adult,size_1000,sample_04,PrivBayes_eps300,1000,1000,0.080111111111111,0.0783283037941763,1.0,0.1453888888888888,158.12137722607392,53.983644787886654,0.0491262658816867,0.1166263267758578,0.7764666666666667,0.8657552623731529,0.6109311432703775,0.7173029366524499,0.8517058999316732,0.9141026084796202,4.71
adult,size_1000,sample_04,PrivBayes_eps30,1000,1000,0.2723333333333331,0.2285292724362859,1.0,0.4116388888888889,308.37520881819955,100.52739667308934,0.1480106400348365,0.0659179521984815,0.6329333333333333,0.6348534796048704,0.5897919285016059,0.7173029366524499,0.8222354855702345,0.9253320051453514,8.634
adult,size_1000,sample_04,PrivSyn_eps0.3,1000,1000,0.303333333333333,0.2820112856437429,0.8838965693804403,0.5064166666666666,523.5329207631523,124.84788044248836,0.1421243419159873,0.1444988211230939,0.656,0.520573893729303,0.6775793650793651,0.7173029366524499,0.944620927034077,0.9359157128753072,9.842000000000002
adult,size_1000,sample_04,PrivSyn_eps100,1000,1000,0.0214444444444444,0.0272257460048213,0.985663082437276,0.1128055555555555,8.762712073047203,6.694983304442456,0.0095380558477601,0.0557815900548939,0.904,0.8940346483294123,0.6879309473126322,0.7173029366524499,0.9590521829273446,0.46942649434063,2.4240000000000004
adult,size_1000,sample_04,PrivSyn_eps0.1,1000,1000,0.4766666666666662,0.3991936153985838,0.8390296979006657,0.7146944444444443,1190.3450870221025,148.48600707557094,0.2194519938707805,0.1682845721269896,0.5280666666666667,0.3528939591337864,0.4921919433204959,0.7173029366524499,0.6861702609902425,0.991368695123348,14.712000000000002
adult,size_1000,sample_04,PrivSyn_eps10,1000,1000,0.0294444444444444,0.0471036673713027,0.9749103942652328,0.1265833333333333,43.05920093493899,29.21842285220021,0.0169581430124556,0.0942011264472954,0.8970666666666667,0.8663761100156694,0.5870535714285714,0.7173029366524499,0.8184179115262298,0.5303870791004632,2.7
adult,size_1000,sample_04,PrivSyn_eps1,1000,1000,0.1544444444444442,0.1643110988816921,0.9431003584229392,0.3301944444444444,288.54880835839253,84.7480839879116,0.0624849159335988,0.0926340065284845,0.794,0.6935356662003463,0.6186930361615881,0.7173029366524499,0.8625268411177671,0.7132273612556291,6.012
adult,size_1000,sample_04,PrivSyn_eps1000,1000,1000,0.022111111111111,0.0275761763414457,0.9820788530465951,0.1070555555555555,1.2234532847966086,5.425843921238005,0.0098106653015421,0.0831343890377415,0.9065333333333332,0.8884618293544472,0.6805134254578137,0.7173029366524499,0.948711333232234,0.4652737828908011,2.52
adult,size_1000,sample_04,PrivSyn_eps3,1000,1000,0.052111111111111,0.0851744345611249,0.9456925243215566,0.1815,102.49258308094409,47.94615612640595,0.0293774319537897,0.1097607464954824,0.8803333333333333,0.816521851440799,0.6391954057548332,0.7173029366524499,0.8911094225387612,0.5601892284473069,3.4720000000000004
adult,size_1000,sample_04,PrivSyn_eps30,1000,1000,0.0233333333333333,0.0313894602200274,0.985663082437276,0.1168611111111111,17.26963301420266,14.697166366658672,0.0117111345316252,0.054318544591301,0.9017333333333332,0.8373105801482403,0.6742255299712512,0.7173029366524499,0.9399453082177116,0.495297359901485,2.5779999999999994
adult,size_1000,sample_04,PrivSyn_eps300,1000,1000,0.0208888888888888,0.0313324779278884,0.9504928315412188,0.0993055555555555,4.6836602325460674,6.463414406914339,0.0135301406440843,0.0779795429437549,0.9008,0.8774205088373508,0.6102055279943303,0.7173029366524499,0.8506943116070355,0.5415307055090551,2.6059999999999994
adult,size_1000,sample_04,PrivateGSD_eps10,1000,1000,0.0204444444444444,0.0374265516241021,0.9964157706093192,0.0786666666666666,89.43261302613013,17.85618888614694,0.0228395220708789,0.1418427141505071,0.8180666666666667,0.92337313946544,0.7270293558550559,0.7173029366524499,1.0135597090214656,0.9289236099129824,3.3180000000000005
adult,size_1000,sample_04,PrivateGSD_eps0.3,1000,1000,0.2363333333333331,0.2140730216821053,1.0,0.3938611111111111,594.5738552787311,119.77351639126628,0.1374475667248416,0.1440975645010321,0.6641999999999999,0.6383263644404025,0.4523233022022368,0.7173029366524499,0.6305889450977379,0.9130365282835116,8.741999999999999
adult,size_1000,sample_04,PrivateGSD_eps100,1000,1000,0.0032222222222222,0.00696934373232,1.0,0.0272777777777777,61.58883769497047,1.1213512091220703,0.0158377742725359,0.0315349674413896,0.8292666666666667,0.9769284547065674,0.766890451832907,0.7173029366524499,1.069130506149831,0.9270053981621836,2.974
adult,size_1000,sample_04,PrivateGSD_eps0.1,1000,1000,0.4012222222222218,0.3358598942048409,0.992831541218638,0.61275,954.996109461845,140.93259157588474,0.2177377609832327,0.1077093838520633,0.5462,0.4601445678200906,0.5341991019358685,0.7173029366524499,0.7447329079041917,0.9770087380721968,12.536
adult,size_1000,sample_04,PrivateGSD_eps1,1000,1000,0.1066666666666665,0.1229919952459177,0.992831541218638,0.2229166666666666,216.89632834057065,71.08924012745494,0.0652726073984098,0.1805303879495803,0.7552000000000001,0.7903240199083633,0.6539823405495048,0.7173029366524499,0.9117240527556938,0.9108667387784828,5.424
adult,size_1000,sample_04,PrivateGSD_eps1000,1000,1000,0.0011111111111111,0.0049750396840923,0.9892473118279568,0.0200555555555555,59.23532989922523,1.6499730364739191,0.0152333152789455,0.0178105326393279,0.8308,0.9841944857638576,0.7380202288177748,0.7173029366524499,1.0288822072290982,0.9253873823113722,2.928
adult,size_1000,sample_04,PrivateGSD_eps3,1000,1000,0.0464444444444444,0.0650766108198061,0.992831541218638,0.1335277777777777,138.05129084234838,45.26639323446044,0.0371907952744661,0.142190761932563,0.8011999999999999,0.8745006598619598,0.6956177088640356,0.7173029366524499,0.9697683826772088,0.9262000217476652,3.9
adult,size_1000,sample_04,RankSwap,1000,1000,0.0,0.0,1.0,0.0,0.12403431077203,10.103684406158838,0.0059051131185131,0.0199080017764465,0.9864,0.853977999873111,0.8255347360340557,0.7173029366524499,1.1,0.480216041687693,0.122
adult,size_1000,sample_04,PrivateGSD_eps30,1000,1000,0.0078888888888888,0.0173150593854504,1.0,0.0463055555555555,66.54602117633918,3.258040935592125,0.0177198293976241,0.0860475237470412,0.8263333333333331,0.955634700684735,0.7322734106308051,0.7173029366524499,1.0208705040943136,0.9296523330976948,3.076
adult,size_1000,sample_04,PrivateGSD_eps300,1000,1000,0.0014444444444444,0.0046967347000715,1.0,0.0193333333333333,59.76284977421089,1.882050273969359,0.0154705211461884,0.0204133678664189,0.8304666666666666,0.9837133308666842,0.7571489284196466,0.7173029366524499,1.0555497400409335,0.9273897803145612,2.934
adult,size_1000,sample_04,Synthpop,1000,1000,0.0352222222222221,0.0385788009008573,0.9662058371735792,0.0759722222222222,5.599498659862321,9.753997275771798,0.0056600999394194,0.039553516527546,0.9702,0.9318414154861276,0.7312732072627218,0.7173029366524499,1.0194761094573537,0.4770415521705735,1.1060000000000003
adult,size_1000,sample_04,TabDDPM,1000,1000,0.0232222222222221,0.0306750502169956,0.9559011776753712,0.0545555555555555,5.937964511262179,5.127461600692049,0.0049211568259858,0.0274497829262611,0.9795333333333336,0.9521154916957432,0.8482846685336081,0.7173029366524499,1.1,0.4526180709489766,0.758
adult,size_1000,sample_04,TVAE,1000,1000,0.1631111111111109,0.1918179435236802,0.5981737497866529,0.2850277777777777,33.90514898909318,51.96433196749349,0.030638135133696,0.0739849619520339,0.8195333333333331,0.6545915503367595,0.7015653427984081,0.7173029366524499,0.9780600452783688,0.7090725797995944,4.942000000000001
adult,size_10000,sample_00,AIM_eps0.3,10000,10000,0.0357999999999999,0.0692227868130828,0.8586640211640212,0.0891194444444444,86.37764823105351,30.60593078469615,0.0250099839253728,0.0539563974333965,0.8029199999999999,0.883520257326186,0.7323643364480018,0.7686747778109614,0.9527622832094984,0.8977116619725546,3.206200000000001
adult,size_10000,sample_00,AIM_eps10,10000,10000,0.0037333333333333,0.0103705409324465,0.9947089947089948,0.0199861111111111,60.65674802791686,4.895316062281188,0.0164621362570154,0.0319017955320076,0.82404,0.9739527288905708,0.7530225949043177,0.7686747778109614,0.9796374442658546,0.8988790725995744,2.2922
adult,size_10000,sample_00,AIM_eps1,10000,10000,0.0219666666666666,0.0458810700867347,0.9126984126984128,0.0595722222222222,34.84045144916899,40.42121133787025,0.0219846314504166,0.0414107221822029,0.9134666666666664,0.7982363769869854,0.7368779521187728,0.7686747778109614,0.9586342277567592,0.6146728027809547,4.848600000000001
adult,size_10000,sample_00,AIM_eps3,10000,10000,0.0066222222222222,0.0173203737332751,0.9523809523809524,0.0296527777777777,55.66078905024779,7.201091277714057,0.0164204016206681,0.034035859898493,0.8219666666666666,0.9532936290548696,0.7510334014054032,0.7686747778109614,0.977049622268728,0.8989300615521039,2.5482000000000005
adult,size_10000,sample_00,MST_eps0.1,10000,10000,0.0609,0.0896061230549731,1.0,0.1470277777777778,85.6401290098081,56.00518168105864,0.06316446817734,0.066709480083068,0.7686333333333333,0.8507664657083522,0.4304360718315002,0.7686747778109614,0.5599716345595501,0.8334403645495442,4.3872
adult,size_10000,sample_00,ARF,10000,10000,0.0910888888888888,0.0880829271967348,1.0,0.1808083333333333,19.182341314077863,1.9824122347560684,0.0117408338165584,0.0159094819692615,0.8997466666666667,0.8503683703355288,0.7513948546838536,0.7686747778109614,0.9775198514070284,0.5749798202682447,2.495000000000001
adult,size_10000,sample_00,AIM_eps0.1,10000,10000,0.0971333333333333,0.1333917194010342,0.784589947089947,0.2001444444444444,78.00247498448776,81.64172214110067,0.0563703759522605,0.0574222802968292,0.75328,0.8131517418835599,0.5342540637411962,0.7686747778109614,0.6950326446161617,0.8407426018165965,4.6422
adult,size_10000,sample_00,CTGAN,10000,10000,0.1075333333333333,0.0950799401438103,1.0,0.1776277777777778,5.978856582694476,11.898102562034715,0.0121678664099909,0.0476160710552768,0.8586933333333333,0.8145931377817659,0.7500273343849786,0.7686747778109614,0.9757407891323542,0.6543825512231678,2.9600000000000004
adult,size_10000,sample_00,MST_eps10,10000,10000,0.0015999999999999,0.0048760569872931,1.0,0.0403166666666666,57.660650698441295,3.0774356985557265,0.0156467274440302,0.0551655999295611,0.82556,0.9577396000050312,0.6457898331225718,0.7686747778109614,0.8401340224504883,0.8993273168390209,7.2294
adult,size_10000,sample_00,CellSuppression,10000,9575,0.0092506817522483,0.0176998705238949,0.9724867724867726,0.0155260661444734,0.4209300531400248,0.7392731892544852,0.0014004213705478,0.0046056076428268,0.9926963272410791,0.9859592090524923,0.778526774735536,0.7686747778109614,1.0128168597535483,0.5182299367077846,0.2188313315926893
adult,size_10000,sample_00,MST_eps0.3,10000,10000,0.0332333333333333,0.0622135935942809,1.0,0.0968722222222222,83.83622158529964,35.44034251542408,0.027280430945316,0.0442708584591256,0.8046666666666666,0.9071139863005386,0.437857427459804,0.7686747778109614,0.5696263752139435,0.8993085185834571,3.2010000000000005
adult,size_10000,sample_00,MST_eps1,10000,10000,0.0097777777777777,0.0216020164004686,1.0,0.0572638888888888,63.53796444999438,10.280157933872184,0.01868194358242,0.049779098563765,0.8198266666666666,0.9427100643883024,0.5796692286712934,0.7686747778109614,0.7541150631306895,0.8984164180726957,4.2142
adult,size_10000,sample_00,MST_eps100,10000,10000,0.0007888888888888,0.0022681054233544,0.9973544973544972,0.0386138888888888,57.64629418490171,2.610500306505272,0.0153637843332647,0.044647046658203,0.8259933333333332,0.9590728300006046,0.6473396482347042,0.7686747778109614,0.8421502393951167,0.8991294352100847,7.2014
adult,size_10000,sample_00,MST_eps3,10000,10000,0.0052777777777777,0.0168004250534237,1.0,0.0455499999999999,58.800250414761216,5.971947262318436,0.0164359162505668,0.0489762727839286,0.8231133333333333,0.9535159805154336,0.6338277189537385,0.7686747778109614,0.8245720259955729,0.8992531349937956,2.5278
adult,size_10000,sample_00,MST_eps30,10000,10000,0.0011444444444444,0.0045480734631446,1.0,0.0387416666666666,57.726209388073904,2.8074465682124865,0.0154079420875621,0.049712656237702,0.8258599999999999,0.9592633816973072,0.6443707299921722,0.7686747778109614,0.8382878539912391,0.8991497715836948,2.4426
adult,size_10000,sample_00,MST_eps1000,10000,10000,0.0007444444444444,0.0023344515521274,0.9925925925925926,0.0372166666666666,57.96212022327576,2.9365250690721347,0.0154079622945918,0.049156167760657,0.8260333333333333,0.960336464207572,0.6486271786155722,0.7686747778109614,0.843825239561464,0.9000667180532015,7.224600000000001
adult,size_10000,sample_00,MWEMPGM_eps1,10000,10000,0.0154666666666666,0.0377529811849659,0.9735449735449736,0.0585305555555555,60.47489273633905,18.99159841322745,0.0283204328073253,0.0844354771063113,0.8127466666666667,0.8839669897305015,0.449364261482233,0.7686747778109614,0.5845960793763479,0.8985583279529528,2.7186000000000003
adult,size_10000,sample_00,MST_eps300,10000,10000,0.0007444444444444,0.0025486433408209,0.9973544973544972,0.0369722222222222,57.47185702300018,3.4237321650031967,0.0154276645341121,0.0525345504924304,0.8259666666666665,0.9602218178219692,0.6441777412820304,0.7686747778109614,0.8380367871998111,0.8990032219872988,2.4334
adult,size_10000,sample_00,MWEMPGM_eps0.1,10000,10000,0.1295444444444444,0.1423802238544891,0.9497354497354498,0.2524972222222222,129.19618344305024,38.40326125443389,0.0623177600020359,0.1674849230295721,0.7283133333333331,0.7493425054978878,0.5267129704190386,0.7686747778109614,0.6852221323698094,0.8476526110708832,5.3564
adult,size_10000,sample_00,MWEMPGM_eps0.3,10000,10000,0.0442888888888888,0.0683760769237625,0.9682539682539684,0.1247333333333333,94.26818538892948,36.84544806682386,0.0432136925369727,0.116143128011248,0.7922866666666667,0.8463602527611014,0.429939573594801,0.7686747778109614,0.5593257199920805,0.8720571225569694,3.3988000000000005
adult,size_10000,sample_00,MWEMPGM_eps10,10000,10000,0.0084333333333333,0.0197219047288027,0.9973544973544972,0.0447638888888888,54.12532938123138,13.726431721445472,0.0235005897118933,0.0629823026589043,0.8156399999999999,0.9065003117148402,0.593620360456373,0.7686747778109614,0.7722646527698798,0.8986024925472776,2.5354000000000005
adult,size_10000,sample_00,MWEMPGM_eps100,10000,10000,0.0049777777777777,0.0085452160188868,1.0,0.0402361111111111,53.25995845549736,12.823702952182684,0.0231834076759266,0.0545843389052033,0.8177599999999999,0.910155404363914,0.595464144664847,0.7686747778109614,0.7746633059603549,0.8954203489698197,2.465600000000001
adult,size_10000,sample_00,MWEMPGM_eps3,10000,10000,0.0142,0.0357413082968772,0.9877645502645502,0.0533694444444444,56.77769927496384,16.463071353766793,0.0251345894699204,0.0754297368104471,0.8120666666666666,0.8996445426087775,0.5817502137180107,0.7686747778109614,0.7568223004520087,0.8960988967811746,2.6452
adult,size_10000,sample_00,MWEMPGM_eps1000,10000,10000,0.0048444444444444,0.00864876109917,1.0,0.0408611111111111,53.25544704476896,13.222524128591049,0.0231984857700805,0.0574929508573748,0.81788,0.9015990749387588,0.5992248080665308,0.7686747778109614,0.7795557045530397,0.899474431113434,2.464000000000001
adult,size_10000,sample_00,MWEMPGM_eps30,10000,10000,0.0057777777777777,0.0112678202136239,0.9973544973544972,0.0422805555555555,53.68183899844316,12.779977214585772,0.023263846013232,0.0631014673569363,0.8172733333333333,0.9083965618554568,0.5892841928455799,0.7686747778109614,0.7666235575558835,0.9007115041095437,2.4810000000000008
adult,size_10000,sample_00,MWEMPGM_eps300,10000,10000,0.0046777777777777,0.0080014755300232,1.0,0.0409944444444444,53.46071714780432,12.821206800196544,0.0232310602129537,0.0579337113742854,0.8180533333333333,0.9095142587113604,0.6002371874272033,0.7686747778109614,0.7808727496672606,0.8982890816678758,2.4626
adult,size_10000,sample_00,PrivBayes_eps0.3,10000,10000,0.3501777777777777,0.2890251173454701,1.0,0.509011111111111,752.2764031219333,172.5911374056981,0.2236067266522451,0.0750315112075012,0.5609066666666667,0.5093244158661309,0.6413818867919394,0.7686747778109614,0.834399547406814,0.9791310236089724,11.6776
adult,size_10000,sample_00,PrivBayes_eps0.1,10000,10000,0.4526888888888888,0.3623392382562043,1.0,0.6267194444444444,868.8677343349686,164.70282488381957,0.2572021747759581,0.060148805649085,0.4823466666666667,0.4195046091203034,0.4822790792564092,0.7686747778109614,0.6274162924495924,0.9961331053610007,13.8132
adult,size_10000,sample_00,PrivBayes_eps10,10000,10000,0.1256222222222222,0.1255136006923498,1.0,0.1999194444444444,220.34748064106745,98.82962926742124,0.0795240713794015,0.1027519061249695,0.7367866666666667,0.8024767686101212,0.7284997001543378,0.7686747778109614,0.9477346220910124,0.8860135209676336,5.706200000000001
adult,size_10000,sample_00,PrivBayes_eps1,10000,10000,0.319011111111111,0.2652556252290893,1.0,0.4557666666666666,684.9744763119152,172.91542230159857,0.1959545276687465,0.0794440404077084,0.5971066666666666,0.5704416161613541,0.7053943373024982,0.7686747778109614,0.9176759242960444,0.94913060796502,10.749200000000002
adult,size_10000,sample_00,PrivBayes_eps3,10000,10000,0.2252777777777777,0.2001336331787643,1.0,0.3321472222222222,458.4160055127227,120.46444199681524,0.1133085877130921,0.0854273468119275,0.6775333333333333,0.695120903799148,0.4401489506657763,0.7686747778109614,0.5726075101123723,0.9301872294847564,8.0296
adult,size_10000,sample_00,PrivBayes_eps30,10000,10000,0.0510555555555555,0.0634824043577263,1.0,0.0912138888888888,140.30113661613893,62.6868055376187,0.0480069755673337,0.0998946285744888,0.7905933333333333,0.8972846693875365,0.7440338030042389,0.7686747778109614,0.9679435625900338,0.8928141871756399,3.4222
adult,size_10000,sample_00,PrivBayes_eps100,10000,10000,0.0188111111111111,0.0286453017367086,1.0,0.0473888888888888,80.38471710050916,27.313861700670465,0.0245767955246901,0.0637286196141109,0.8137600000000001,0.9480289081228016,0.7459185909230323,0.7686747778109614,0.9703955591599168,0.8991002018052079,2.6394000000000006
adult,size_10000,sample_00,PrivBayes_eps1000,10000,10000,0.0095666666666666,0.011713905967103,1.0,0.0593666666666666,61.4550014488638,4.402584759125702,0.0168800281226439,0.0353061651984826,0.8200599999999998,0.9504152739143944,0.7507193926535269,0.7686747778109614,0.9766411156272982,0.8987627070690838,2.4498
adult,size_10000,sample_00,PrivBayes_eps300,10000,10000,0.0238777777777777,0.0266264343883751,1.0,0.0809277777777777,69.6175083087089,12.99427141461563,0.0189325522277325,0.0420047272566778,0.8119533333333333,0.9393539480530944,0.7471408792148205,0.7686747778109614,0.971985683263,0.8998758075184745,2.690399999999999
adult,size_10000,sample_00,PrivSyn_eps0.1,10000,10000,0.1208555555555555,0.1462766346982579,0.9480820105820106,0.2640222222222222,312.60382026800744,128.5772646634751,0.0824844260284632,0.1397113562040469,0.8095666666666668,0.7362577602711394,0.6422688862586147,0.7686747778109614,0.8355534807635007,0.7349025124216056,5.204999999999999
adult,size_10000,sample_00,PrivSyn_eps0.3,10000,10000,0.0457888888888888,0.0730715741705312,0.9603174603174602,0.1385055555555555,96.08493573976968,71.79891706666565,0.0314978651642644,0.1095567730160093,0.8816666666666667,0.8312326114512377,0.6516855067632411,0.7686747778109614,0.8478039419145978,0.5887346581018623,3.307
adult,size_10000,sample_00,PrivSyn_eps1,10000,10000,0.0175777777777777,0.0433312636207248,0.9814814814814816,0.0734861111111111,43.11411012785413,40.20602819967067,0.0162184678425816,0.1285547916035513,0.9067066666666668,0.884633705361651,0.6841774743617103,0.7686747778109614,0.8900740521513004,0.5293148010683854,2.5260000000000007
adult,size_10000,sample_00,PrivSyn_eps100,10000,10000,0.0033,0.005124157516305,0.9947089947089948,0.0245805555555555,0.8466722281874494,1.104312900198525,0.005447364605064,0.0203618086813677,0.9165333333333332,0.9307636803322832,0.7370378346473965,0.7686747778109614,0.9588422253823066,0.4792865253166372,2.1918000000000006
adult,size_10000,sample_00,PrivSyn_eps10,10000,10000,0.0046666666666666,0.0097802058503995,0.9973544973544972,0.0293361111111111,3.738535533620677,5.614077463043123,0.0064306900308923,0.0425798482040861,0.9158000000000002,0.9235928679854224,0.7199706198367779,0.7686747778109614,0.9366387977415528,0.4967094399892898,2.2150000000000007
adult,size_10000,sample_00,PrivSyn_eps3,10000,10000,0.0075444444444444,0.0208328468522731,0.992063492063492,0.0435083333333333,14.960572213896969,19.18812584790327,0.0087424684295729,0.0771817176073679,0.9138733333333332,0.9102489249328072,0.7311899382856513,0.7686747778109614,0.9512344613060112,0.5029102155623006,2.258400000000001
adult,size_10000,sample_00,PrivSyn_eps30,10000,10000,0.0042777777777777,0.0071916176191534,0.9947089947089948,0.0262416666666666,1.3817933639793485,2.465805057687004,0.0056652164609809,0.0237328222924021,0.9161733333333334,0.9280524174553044,0.7345305538526712,0.7686747778109614,0.9555804027405654,0.4934403392732233,2.2004
adult,size_10000,sample_00,PrivSyn_eps300,10000,10000,0.0031111111111111,0.0045917470079104,0.9925925925925926,0.0236916666666666,0.2637632838609885,1.2691073169570002,0.0057153080966116,0.02152921928081,0.9166733333333332,0.9557221986227992,0.7497648269715272,0.7686747778109614,0.9753992826578414,0.4856945081298638,2.1981999999999995
adult,size_10000,sample_00,PrivSyn_eps1000,10000,10000,0.0031777777777777,0.0047615279446346,1.0,0.0255749999999999,0.4458730434406498,0.969571512477808,0.0056886271013868,0.0174429219138337,0.9171466666666668,0.9305893151013928,0.7571985823237697,0.7686747778109614,0.9850701546128772,0.4909438042053322,2.1856000000000004
adult,size_10000,sample_00,PrivateGSD_eps0.1,10000,10000,0.0819555555555555,0.0994310035948332,0.9973544973544972,0.1879944444444444,204.17633232423896,91.09126722982008,0.059079632691017,0.2188189828519781,0.7682333333333332,0.8136948345581925,0.5198796518666042,0.7686747778109614,0.6763323928482325,0.8988779725475414,4.329000000000001
adult,size_10000,sample_00,PrivateGSD_eps1,10000,10000,0.0155444444444444,0.0351853442015246,0.9973544973544972,0.0650277777777777,83.41738539750992,27.1130673887041,0.0224715315954828,0.1475624045961129,0.8164266666666665,0.930955066338373,0.7340863022674762,0.7686747778109614,0.9550024579478374,0.9016641434191208,2.5654
adult,size_10000,sample_00,PrivateGSD_eps10,10000,10000,0.0026,0.0103932344347504,1.0,0.0171861111111111,61.20786259645278,4.103149965857089,0.0161487620658957,0.0419692791934977,0.8247199999999998,0.9767488610099884,0.7561263379171497,0.7686747778109614,0.983675228647524,0.8980869141038111,2.265000000000001
adult,size_10000,sample_00,PrivateGSD_eps0.3,10000,10000,0.0409444444444444,0.066183064139032,0.9973544973544972,0.114436111111111,131.71135030903173,60.15524224984503,0.0376200029133797,0.1594291586705724,0.79842,0.8818331553330547,0.7135839766560501,0.7686747778109614,0.9283301562142674,0.9054292744250674,3.2796000000000003
adult,size_10000,sample_00,PrivateGSD_eps100,10000,10000,0.0004777777777777,0.0024569897018889,1.0,0.0050083333333333,57.95421620629977,2.7797856071218976,0.0153794419399355,0.0119659915696346,0.8262066666666664,0.9880462386974072,0.7583973329535617,0.7686747778109614,0.9866296576227844,0.8985095474834894,2.2208
adult,size_10000,sample_00,PrivateGSD_eps1000,10000,10000,0.0001666666666666,0.0004741413137757,1.0,0.0027472222222222,57.744973082317394,2.635449347804067,0.0152837150503022,0.0042888414561141,0.8264133333333333,0.9902927018007538,0.7573495429456276,0.7686747778109614,0.9852665453703158,0.8983701650103083,2.2154
adult,size_10000,sample_00,PrivateGSD_eps3,10000,10000,0.0063888888888888,0.0189073079889038,1.0,0.0341833333333333,65.61469210469359,9.826961518875388,0.0174987418516103,0.0757716362257163,0.8225666666666667,0.960631549793401,0.7629605269903974,0.7686747778109614,0.9925661006647132,0.9001424805144742,2.3408
adult,size_10000,sample_00,PrivateGSD_eps30,10000,10000,0.0011333333333333,0.0052906276721133,1.0,0.0085361111111111,59.32199907947254,2.763446761178221,0.0156316238393078,0.0243014976310285,0.8258199999999999,0.9843156073120694,0.7589212151271116,0.7686747778109614,0.987311197057412,0.8988188072747666,2.2338
adult,size_10000,sample_00,RankSwap,10000,10000,0.0,0.0,1.0,0.0,0.1685091732717842,9.5100240522479,0.0053635064498167,0.013850400436376,0.9868533333333332,0.8409144952069255,0.7442515570696817,0.7686747778109614,0.9682268476303398,0.4826364839521292,0.1028
adult,size_10000,sample_00,PrivateGSD_eps300,10000,10000,0.0002444444444444,0.0008696475212886,1.0,0.0034944444444444,57.63019938788963,2.870203019904641,0.0152986710291999,0.0031071789704747,0.8263733333333333,0.9898304395973468,0.7580312753201739,0.7686747778109614,0.9861534384935674,0.8979467467946066,2.2177999999999995
adult,size_10000,sample_00,TabDDPM,10000,10000,0.0097888888888888,0.0149822342077696,0.9925925925925926,0.0214083333333333,2.0203251336191417,1.9566360061481665,0.0024314025123575,0.0120757594502532,0.9904600000000002,0.97248411242022,0.768885866142724,0.7686747778109614,1.000274613188605,0.5000079445567384,0.3088
adult,size_10000,sample_01,AIM_eps0.1,10000,10000,0.0744333333333333,0.1105604327016989,0.9004516711833787,0.1658416666666667,115.46448729531636,87.83196682970106,0.0544624497155888,,0.7788799999999998,0.7194263850633685,0.7135360617148881,0.7790401771715837,0.9159168968844338,0.8371911611380605,4.087800000000001
adult,size_10000,sample_00,TVAE,10000,10000,0.0832555555555555,0.1118169661243533,0.8082671957671957,0.1485111111111111,30.066170787433816,43.6442473913743,0.0265087077034943,0.0491042518237584,0.8608733333333334,0.7471820772506838,0.7537451510494226,0.7686747778109614,0.9805774466776273,0.7252897782372427,3.3728
adult,size_10000,sample_00,Synthpop,10000,10000,0.0087333333333333,0.0104135768209656,1.0,0.0236055555555555,1.0082628348967717,1.5146479238083896,0.0016666359354828,0.0139480864141129,0.99274,0.97964466049423,0.7676470151885357,0.7686747778109614,0.9986629420504484,0.4915606210238355,0.2949999999999998
adult,size_10000,sample_01,AIM_eps1,10000,10000,0.0181666666666666,0.0439526932002692,0.9144647696476964,0.0596499999999999,34.938799776568324,39.251454214282816,0.0224806823177901,0.0398861201554299,0.9153933333333336,0.799077658084136,0.7396502279775113,0.7790401771715837,0.949437846155731,0.6251944703205837,4.907000000000001
adult,size_10000,sample_01,AIM_eps0.3,10000,10000,0.0398222222222222,0.0696240071114986,0.8931716995741387,0.0983944444444444,103.0287972104538,31.683564386174307,0.0303302938109424,0.0581242336039971,0.80204,0.9076492214092384,0.7162264498644679,0.7790401771715837,0.919370362094665,0.8834568807209394,3.2332000000000005
adult,size_10000,sample_01,AIM_eps3,10000,10000,0.0072777777777777,0.0204341194844364,0.9593495934959352,0.0273527777777777,52.17232714137317,6.912462748185372,0.0166166180443614,0.0314519937867994,0.8227533333333332,0.9648620004438,0.7631436533742285,0.7790401771715837,0.9795947316182982,0.8944615262190568,2.6452
adult,size_10000,sample_01,ARF,10000,10000,0.0937222222222222,0.0911211673928084,1.0,0.1855805555555555,21.68203611841925,1.4540234564429215,0.0125212372152471,0.0149296277556159,0.8952866666666669,0.8340764551603133,0.7520941084189956,0.7790401771715837,0.965411194905299,0.5842021480848961,2.51
adult,size_10000,sample_01,CTGAN,10000,10000,0.0960444444444444,0.0907075215620474,1.0,0.1689444444444444,43.70523862043807,19.687991949313112,0.0232603065858148,0.0382878338991682,0.8714066666666666,0.8356537261500593,0.7394412924480491,0.7790401771715837,0.949169650065776,0.6623709190448029,2.753799999999999
adult,size_10000,sample_01,CellSuppression,10000,9589,0.0092294562056059,0.0165589967739782,0.977777777777778,0.0152230234875609,0.45952868986456,0.9497116772231742,0.0014431738491892,0.0051289053916057,0.9926108749608926,0.9872532963330992,0.802503171775409,0.7790401771715837,1.030117823429851,0.5176918147598218,0.2237067890290957
adult,size_10000,sample_01,MST_eps0.1,10000,10000,0.0730222222222222,0.1025806891284542,1.0,0.1672944444444444,83.13300483559266,56.16948896146216,0.0641648074826088,0.0767825030786672,0.76692,0.8402736307324762,0.4355685733370834,0.7790401771715837,0.5591092552666105,0.8082984235963361,4.0868
adult,size_10000,sample_01,MST_eps1,10000,10000,0.0119111111111111,0.0283312942631939,1.0,0.0578444444444444,55.17543853362047,10.44877553765258,0.0189154197789289,0.0512658026386266,0.81896,0.9417895855258126,0.5916985642460368,0.7790401771715837,0.7595225272184684,0.895798549978165,4.7702
adult,size_10000,sample_01,MST_eps0.3,10000,10000,0.0340333333333333,0.0647649299727421,1.0,0.1067972222222222,64.16866099305429,29.421644653492613,0.0276256441309888,0.0641100999149523,0.8029399999999999,0.9011473738155988,0.4352419601869476,0.7790401771715837,0.5586900045531497,0.8898261331040042,3.265000000000001
adult,size_10000,sample_01,MST_eps100,10000,10000,0.0007666666666666,0.0024934988893438,1.0,0.0363027777777777,53.16617596626634,3.1129696834436404,0.0155649117107154,0.0491187843774873,0.8264666666666666,0.9603781820682749,0.6473400302443412,0.7790401771715837,0.8309456291606253,0.8938869841208218,7.2888
adult,size_10000,sample_01,MST_eps10,10000,10000,0.0020777777777777,0.0067703580844446,1.0,0.0399611111111111,53.01270789830881,4.307545756591295,0.0159250616672916,0.0542508652434639,0.82578,0.9577782715302288,0.644621145778247,0.7790401771715837,0.8274555851995854,0.8936083841804643,7.2188
adult,size_10000,sample_01,MST_eps1000,10000,10000,0.0006333333333333,0.001791321893788,1.0,0.0356833333333333,53.34424245773961,2.9630141175321256,0.0155168135418294,0.0504799393941219,0.8265999999999999,0.9609076233766104,0.6424642300870026,0.7790401771715837,0.8246869016911191,0.8941718575203673,7.283800000000001
adult,size_10000,sample_01,MST_eps30,10000,10000,0.0011222222222222,0.0033296859722729,1.0,0.0366166666666666,53.75101276021095,2.47426139492164,0.0155366541129316,0.0451200229248179,0.8263066666666664,0.9609257126482272,0.6453516967710563,0.7790401771715837,0.8283933429868254,0.894726949394019,2.5222
adult,size_10000,sample_01,MST_eps3,10000,10000,0.0057777777777777,0.014631407624768,1.0,0.0435694444444444,53.02130956881806,6.025786888819951,0.0162400842822195,0.0543085674497455,0.8234866666666666,0.9537008166107324,0.6505321406472648,0.7790401771715837,0.8350431205302018,0.8923643428261455,2.5884
adult,size_10000,sample_01,MST_eps300,10000,10000,0.0007888888888888,0.002248295667349,1.0,0.0360138888888888,53.07618730279417,2.989759916734408,0.0154521396485461,0.0535489595103105,0.8265266666666666,0.9592312647968826,0.6436011904761905,0.7790401771715837,0.826146339114706,0.8933095909395011,2.5184
adult,size_10000,sample_01,MWEMPGM_eps0.3,10000,10000,0.0472777777777777,0.0763042950212396,0.964769647696477,0.1401694444444444,72.10735162006023,19.27070996925417,0.0354841251712964,0.0656899015517897,0.7924666666666665,0.8398421498891578,0.4339216876044685,0.7790401771715837,0.5569952619442343,0.8573031772783807,3.5784
adult,size_10000,sample_01,MWEMPGM_eps0.1,10000,10000,0.0890555555555555,0.1139546134256091,0.921070460704607,0.1926305555555555,150.5320818188025,50.9532075802556,0.0597104248157639,0.1338543795120078,0.7655466666666665,0.7762465919396186,0.4498741419378385,0.7790401771715837,0.5774723243587043,0.8614132487836746,4.7002
adult,size_10000,sample_01,MWEMPGM_eps1,10000,10000,0.0190777777777777,0.0389905351308993,0.9810298102981028,0.0691638888888888,54.41810523106644,26.16944547613716,0.0294682799059997,0.0802737445380509,0.8102266666666667,0.8885842563425201,0.5834999383187022,0.7790401771715837,0.7489985181024705,0.875574603813487,2.8504000000000005
adult,size_10000,sample_01,MWEMPGM_eps10,10000,10000,0.0088333333333333,0.0241044230365875,1.0,0.0506166666666666,48.68183767908498,13.702541312486712,0.023568776758418,0.0611838708566392,0.8161933333333332,0.9055506758911924,0.5876385956208241,0.7790401771715837,0.7543110262668333,0.8878597656420174,2.6296000000000004
adult,size_10000,sample_01,MWEMPGM_eps100,10000,10000,0.0049444444444444,0.008960446552882,0.9972899728997292,0.0415361111111111,48.20454443238324,13.206092746510356,0.0234075737583024,0.0614104226860574,0.8184599999999999,0.9101859221890912,0.5908333349914072,0.7790401771715837,0.7584118922603845,0.8884874585018468,2.5546
adult,size_10000,sample_01,MWEMPGM_eps1000,10000,10000,0.0047888888888888,0.0082927580774455,1.0,0.0414388888888888,48.02158831604571,13.574686549570991,0.0233277680529415,0.0637672397735672,0.8185133333333332,0.9025556733495071,0.5921010025442848,0.7790401771715837,0.7600391094307715,0.8872464771926198,2.5513999999999992
adult,size_10000,sample_01,MWEMPGM_eps3,10000,10000,0.0140111111111111,0.035211010898607,0.9876355013550135,0.0572361111111111,50.17670582580062,14.600430136174284,0.0244264922887809,0.0668428527700103,0.8132,0.9004674152783325,0.5890967658115208,0.7790401771715837,0.7561827784989245,0.8877158256586992,2.7048
adult,size_10000,sample_01,PrivBayes_eps0.1,10000,10000,0.4218333333333332,0.3379675614297426,1.0,0.5962999999999998,766.448235702817,169.0360504952748,0.2579594363600752,0.0651996665904595,0.5067733333333333,0.444249547624491,0.6605637355265457,0.7790401771715837,0.8479199851283978,0.993400024699014,13.056
adult,size_10000,sample_01,MWEMPGM_eps30,10000,10000,0.0077888888888888,0.0193041068708211,0.9972899728997292,0.0467222222222222,48.0845008086697,13.16542746263409,0.0232771391253871,0.0627886315684324,0.8167399999999998,0.9071274786974928,0.5921565243421536,0.7790401771715837,0.7601103789230116,0.8875528950448116,2.602600000000001
adult,size_10000,sample_01,MWEMPGM_eps300,10000,10000,0.0048222222222222,0.008011266591678,1.0,0.0418027777777777,48.13561763711148,13.503931811916315,0.023381854382847,0.0573834255235864,0.8184933333333333,0.9104307077006962,0.5899454627465452,0.7790401771715837,0.7572721920616458,0.887866591539222,2.5518
adult,size_10000,sample_01,PrivBayes_eps0.3,10000,10000,0.3421222222222221,0.2858355710813656,1.0,0.4912222222222221,685.5715706566314,170.42723423072027,0.2262236145324868,0.0685623524038787,0.5642600000000001,0.5169217367330564,0.67605809049383,0.7790401771715837,0.867809017067097,0.9817899980257364,11.6228
adult,size_10000,sample_01,PrivBayes_eps1,10000,10000,0.3249888888888888,0.2706907716686203,1.0,0.4702638888888889,591.8815950552471,159.434535041198,0.1938152679528733,0.0854098667011802,0.5913666666666665,0.5600821523784871,0.6650078749948747,0.7790401771715837,0.8536246196234937,0.9470376598732358,10.732
adult,size_10000,sample_01,PrivBayes_eps100,10000,10000,0.0206888888888888,0.0298506535501991,1.0,0.0487138888888889,77.11990773286426,31.4969307714498,0.0264069088217435,0.0614191823956567,0.8123733333333333,0.9466148203050724,0.7524506890910396,0.7790401771715837,0.9658689128541896,0.8903907832569429,2.7534
adult,size_10000,sample_01,PrivBayes_eps10,10000,10000,0.1312666666666666,0.1293917187835993,1.0,0.2089416666666667,193.4340123596805,100.50100129825375,0.0862770385905499,0.1075622970027662,0.7319533333333333,0.7971931692617072,0.7406313224482328,0.7790401771715837,0.9506972092788982,0.8596455152786463,5.4176
adult,size_10000,sample_01,PrivBayes_eps1000,10000,10000,0.0092666666666666,0.0106832456901926,1.0,0.0532305555555555,58.847207007960144,4.998814619779282,0.0174418157112513,0.0436070755754882,0.8202333333333333,0.945202351744608,0.6706386462243408,0.7790401771715837,0.8608524512472574,0.8925748109644592,2.4956000000000005
adult,size_10000,sample_01,PrivBayes_eps300,10000,10000,0.0142444444444444,0.0201954929845578,1.0,0.0425611111111111,63.70881156480911,15.658329784002076,0.0198188754270059,0.0415710851806182,0.81794,0.954928732010908,0.7430773887923237,0.7790401771715837,0.953837055483824,0.8923783964885672,2.5859999999999994
adult,size_10000,sample_01,PrivBayes_eps3,10000,10000,0.2201555555555555,0.1976343523967282,1.0,0.3249,466.8119472835468,150.68115939528911,0.1604147997394925,0.1028040528570369,0.6654333333333331,0.6618063771768783,0.4839489621738374,0.7790401771715837,0.6212118146059705,0.9389188510066878,8.1158
adult,size_10000,sample_01,PrivBayes_eps30,10000,10000,0.0526222222222222,0.0643698665696403,1.0,0.0914888888888888,129.54679950683018,64.92222823442042,0.0484962790035595,0.0846548277756208,0.7889333333333333,0.8994417980160271,0.7525198268650386,0.7790401771715837,0.9659576602333568,0.8747869146548579,3.524000000000001
adult,size_10000,sample_01,PrivSyn_eps1,10000,10000,0.0172111111111111,0.0363386064477178,0.986449864498645,0.0776138888888888,20.322676413758643,25.57758895500413,0.0125898652651225,0.1315022661855204,0.9060533333333336,0.90877174289151,0.7137753446081845,0.7790401771715837,0.9162240477866304,0.5192505610444783,2.6028
adult,size_10000,sample_01,PrivSyn_eps0.1,10000,10000,0.1053222222222222,0.1293858237120724,0.9593495934959352,0.2409472222222222,245.41567060770728,100.54360829424988,0.0700185642899941,0.1451443332343975,0.8164133333333332,0.7538049285784953,0.5661019563980677,0.7790401771715837,0.7266659318916193,0.7078347721916276,5.247199999999999
adult,size_10000,sample_01,PrivSyn_eps0.3,10000,10000,0.0432888888888888,0.0707410769374207,0.964769647696477,0.1261777777777777,79.92859408870588,53.67332038741445,0.0256466940801093,0.1261644083897354,0.8860600000000001,0.8621292089245424,0.6754385528707068,0.7790401771715837,0.8670137594652451,0.5689933140646614,3.2472000000000008
adult,size_10000,sample_01,PrivSyn_eps10,10000,10000,0.0051888888888888,0.0104757016038109,0.9972899728997292,0.0304138888888888,3.5577958028271204,4.487295596729728,0.0063209985254347,0.0247751372462035,0.9156266666666668,0.955973204482414,0.7668293484126798,0.7790401771715837,0.9843258034499972,0.4973468040604094,2.2944
adult,size_10000,sample_01,PrivSyn_eps100,10000,10000,0.0033222222222222,0.0043436836273986,1.0,0.0247194444444444,0.3388093297669183,0.9042973799632376,0.005796777679698,0.0165114180425417,0.9168733333333332,0.962442517758866,0.7420636716134422,0.7790401771715837,0.9525358168462588,0.495265884882986,2.2798000000000003
adult,size_10000,sample_01,PrivSyn_eps1000,10000,10000,0.0036777777777777,0.0039365743201389,1.0,0.0247722222222222,0.53333934657178,0.8894558271283614,0.0058414940339628,0.0160583016823365,0.91642,0.9617015498798333,0.7476095690896584,0.7790401771715837,0.9596547019025332,0.4968467510494088,2.2808000000000006
adult,size_10000,sample_01,PrivSyn_eps3,10000,10000,0.0083666666666666,0.019421293956507,0.994579945799458,0.0450916666666666,7.789640250766936,12.3729958759156,0.0077735302576761,0.0657209810821274,0.9133599999999998,0.941811358494134,0.7441045663933741,0.7790401771715837,0.955155572334454,0.5039412729362303,2.355200000000001
adult,size_10000,sample_01,PrivSyn_eps30,10000,10000,0.0034888888888888,0.0060512465068531,0.9972899728997292,0.0248555555555555,1.113327925666001,1.3407637890266408,0.0058314451203476,0.0171755612883772,0.91698,0.9609426980032112,0.7581958432967746,0.7790401771715837,0.9732435699942822,0.4869700142051265,2.2824
adult,size_10000,sample_01,PrivSyn_eps300,10000,10000,0.0039444444444444,0.0051734393448576,1.0,0.0250472222222222,0.4875262874853612,1.4776243074309448,0.005827380434863,0.0183372543515642,0.9162666666666668,0.9626806723082216,0.7508716903562791,0.7790401771715837,0.963842061376143,0.4950007232750317,2.277200000000001
adult,size_10000,sample_01,PrivateGSD_eps0.1,10000,10000,0.0887222222222222,0.106757309487012,1.0,0.2017694444444444,198.7723563905629,92.08242657136782,0.0602863085182297,0.1894746150717901,0.76372,0.8102537179710625,0.6457264796991834,0.7790401771715837,0.8288744259130484,0.8664140681716891,4.451599999999999
adult,size_10000,sample_01,PrivateGSD_eps0.3,10000,10000,0.0422555555555555,0.068491874948335,0.9972899728997292,0.1215972222222222,126.70506691686867,58.82911165097716,0.0401768173602168,0.1944281146413234,0.7959066666666665,0.877789420382763,0.7167783861113883,0.7790401771715837,0.9200788444849488,0.8823145044316706,3.3086
adult,size_10000,sample_01,PrivateGSD_eps1,10000,10000,0.0173111111111111,0.0377002497762646,1.0,0.0684277777777777,82.85162509794564,28.135142511893772,0.0243457226404108,0.1639693942677931,0.8142933333333333,0.9271859956475388,0.7642861854044132,0.7790401771715837,0.9810613209721184,0.8950047436633524,2.6972000000000005
adult,size_10000,sample_01,PrivateGSD_eps100,10000,10000,0.0004111111111111,0.0016568211451459,1.0,0.0052694444444444,53.45233783873056,2.559562732960844,0.0154170460187624,0.0063938826440072,0.8268,0.9881099607635234,0.7643429260153717,0.7790401771715837,0.9811341549704332,0.893269318116293,2.3004
adult,size_10000,sample_01,PrivateGSD_eps10,10000,10000,0.0024333333333333,0.0077696069931024,1.0,0.0171805555555555,56.43392535476976,3.610742091490266,0.0162984743665655,0.0359892224034115,0.8252600000000001,0.9768769603045184,0.7616554869426981,0.7790401771715837,0.9776844752862792,0.8939037214753238,2.337
adult,size_10000,sample_01,PrivateGSD_eps30,10000,10000,0.0009333333333333,0.0041065214160608,1.0,0.0087916666666666,54.38801251280031,2.6202585967699634,0.0156412762814971,0.0123987215240137,0.8264533333333333,0.984974377033999,0.7665941717839081,0.7790401771715837,0.9840239234755966,0.8935041298603368,2.3098000000000005
adult,size_10000,sample_01,PrivateGSD_eps1000,10000,10000,0.0002333333333333,0.000552304201536,1.0,0.00325,53.24223054134612,2.559212541320823,0.0153829236304016,0.0052904913214565,0.82688,0.9896087744294196,0.7637285538925767,0.7790401771715837,0.9803455279641256,0.893236282634302,2.297
adult,size_10000,sample_01,PrivateGSD_eps3,10000,10000,0.0070111111111111,0.0195454232898807,1.0,0.0367555555555555,62.91446869601184,10.081337824007498,0.018407832601485,0.0912852818812071,0.8221266666666666,0.957719622722771,0.7685202331834579,0.7790401771715837,0.9864962752948512,0.8941947413620538,2.4476
adult,size_10000,sample_01,PrivateGSD_eps300,10000,10000,0.0002333333333333,0.0011395015258095,1.0,0.0038527777777777,53.2190117119862,2.6227176036532645,0.015398822565846,0.0059087656070579,0.8268933333333333,0.9891503262661624,0.7664019085553736,0.7790401771715837,0.9837771284653472,0.8937468659786184,2.297
adult,size_10000,sample_01,RankSwap,10000,10000,0.0,0.0,1.0,0.0,0.1802623318002825,8.885888890138064,0.0052287165400546,0.0121207659301218,0.9868599999999998,0.8402075643383248,0.7627777974321723,0.7790401771715837,0.9791251076467368,0.4855406793422492,0.0876
adult,size_10000,sample_01,Synthpop,10000,10000,0.0102,0.0122389812620216,0.994579945799458,0.0279722222222222,0.8843690509634297,0.9213229315863388,0.001058602469396,0.0108556707383524,0.9915933333333334,0.974407452090118,0.7762258399144092,0.7790401771715837,0.9963874297638524,0.5010227188781795,0.2868
adult,size_10000,sample_01,TVAE,10000,10000,0.0844222222222222,0.107698306443696,0.8111707962317719,0.1510416666666666,24.37268300356723,29.50822732478637,0.0235455933938909,0.0286267294022514,0.8752533333333331,0.785927614566506,0.7565711941289832,0.7790401771715837,0.9711581202123708,0.7356918037422827,3.2756000000000003
adult,size_10000,sample_01,TabDDPM,10000,10000,0.0117444444444444,0.0171908940340711,0.9841269841269842,0.0240027777777777,2.5924942912851088,2.7381708142092207,0.0027277804184308,0.0130949589280775,0.9893733333333332,0.9794560743622802,0.8013665978070872,0.7790401771715837,1.0286588820280065,0.5020989799774652,0.3528000000000001
adult,size_10000,sample_02,AIM_eps0.1,10000,10000,0.0789222222222222,0.1241650431536742,0.8150444143330322,0.1760499999999999,102.73536253452764,50.342259166362666,0.0569827906666663,0.0623435039566971,0.7741733333333334,0.7661983211459502,0.4316244174150278,0.7733311506290333,0.5581365977668526,0.8309037946454522,4.6424
adult,size_10000,sample_02,AIM_eps0.3,10000,10000,0.0314777777777777,0.0596417232147297,0.8628382156837442,0.0827416666666666,92.74605439995806,31.82447350039352,0.0256393508561409,0.0565756154267253,0.8078133333333334,0.9153188846123766,0.7235277689306663,0.7733311506290333,0.9355988934993548,0.8994270844520136,3.3616
adult,size_10000,sample_02,AIM_eps10,10000,10000,0.0047,0.0123663019323304,0.989159891598916,0.0207305555555555,54.47747754103294,3.703968695539985,0.0164887769663334,0.0311349559921676,0.8244266666666668,0.9601036936196072,0.7663536128091748,0.7733311506290333,0.9909772961902792,0.9036552034258488,2.445400000000001
adult,size_10000,sample_02,AIM_eps1,10000,10000,0.0202,0.0475325227133245,0.9090447154471544,0.0620388888888888,34.37803759396841,37.97062841575229,0.0192325451709124,0.0437691535652702,0.9194933333333334,0.7961879176024808,0.7423146473779385,0.7733311506290333,0.9598923393660592,0.6089720518689435,4.339199999999999
adult,size_10000,sample_02,AIM_eps3,10000,10000,0.0071111111111111,0.0229798192009104,0.951219512195122,0.0303027777777777,59.70269569274459,6.356875925644488,0.016839495264594,0.0397365458996582,0.8231533333333334,0.9637407229119292,0.769472971847172,0.7733311506290333,0.9950109615030712,0.900868599294256,2.7846000000000006
adult,size_10000,sample_02,ARF,10000,10000,0.0952777777777777,0.0937051534418915,1.0,0.1871833333333333,19.98517615403868,2.3945512016969794,0.0131055116614335,0.0124118751401895,0.8915066666666666,0.8349629612995104,0.7470859951888382,0.7733311506290333,0.9660622030866682,0.5832891968685093,2.7532000000000005
adult,size_10000,sample_02,CTGAN,10000,10000,0.0999444444444444,0.0890211695255443,1.0,0.175225,13.428231680775871,13.109670439126733,0.0148005624507405,0.0285305184856337,0.8497933333333335,0.8075278201081691,0.7486075183724878,0.7733311506290333,0.9680296955149964,0.6390374582698457,2.8096
adult,size_10000,sample_02,CellSuppression,10000,9586,0.0082370053550316,0.0151540700183944,0.977777777777778,0.0141769559774671,1.1343847314907,1.3945069132874797,0.0014941095702023,0.0042507640519642,0.9933190819945754,0.9891726161351216,0.7904715498123096,0.7733311506290333,1.0221643717146498,0.5171368383571212,0.2032442311704567
adult,size_10000,sample_02,MST_eps0.1,10000,10000,0.0697666666666666,0.0965037862529169,1.0,0.1570527777777777,70.82888195137659,48.8860887405151,0.0711900486024922,0.0652165967076711,0.7674133333333335,0.8355426240446903,0.5265954989075785,0.7733311506290333,0.6809443773358248,0.8122182923359244,4.372800000000001
adult,size_10000,sample_02,MST_eps0.3,10000,10000,0.0334888888888888,0.0623181402942448,1.0,0.0980944444444444,73.0823009732735,30.776896123818148,0.0303297191757621,0.0569331656755008,0.8074800000000001,0.9028333453088928,0.4445940421169964,0.7733311506290333,0.5749077115254823,0.8914147146916586,3.3994000000000004
adult,size_10000,sample_02,MST_eps1,10000,10000,0.0119888888888888,0.0336519264003222,1.0,0.0587944444444444,48.06054052087243,7.705735434960573,0.0185732754128788,0.0566355567442711,0.8190933333333333,0.9411174602325522,0.5982194975066526,0.7733311506290333,0.773561878301036,0.909188135958826,4.7482
adult,size_10000,sample_02,MST_eps100,10000,10000,0.0006888888888888,0.0026079725110393,1.0,0.0373055555555555,52.27721050357985,2.630611137549571,0.0154053120333722,0.0476521800737626,0.8269333333333334,0.9597867490423504,0.6565608491648486,0.7733311506290333,0.8490034942286971,0.9025503938397068,7.3702
adult,size_10000,sample_02,MST_eps10,10000,10000,0.0017888888888888,0.0068553949806315,1.0,0.0401611111111111,51.54926406859918,4.24106697244873,0.015668621224538,0.0557021265927612,0.8264333333333335,0.9578108004814692,0.654385947400168,0.7733311506290333,0.8461911133196516,0.90422728022601,7.834400000000002
adult,size_10000,sample_02,MST_eps1000,10000,10000,0.0006666666666666,0.0023244463666061,0.9925925925925926,0.0382611111111111,52.364760803350144,3.01887731925182,0.0154540804372374,0.0535840916124644,0.8270199999999999,0.959538279170538,0.6526015167395147,0.7733311506290333,0.8438836533667309,0.9054675286022148,7.5734
adult,size_10000,sample_02,MST_eps3,10000,10000,0.0045888888888888,0.0137606137394052,1.0,0.0458805555555555,53.67971393665479,4.5565599801059005,0.0163801439454793,0.0575684130391024,0.8246800000000002,0.9529936847829212,0.6577897246397255,0.7733311506290333,0.8505925618276403,0.9034696518152826,2.720800000000001
adult,size_10000,sample_02,MST_eps300,10000,10000,0.0009222222222222,0.0025339135619122,1.0,0.0377777777777777,52.21351380859232,3.0114840835712826,0.0156052376902252,0.053538983177098,0.8266933333333334,0.959656739296874,0.6546253565485289,0.7733311506290333,0.8465006949886885,0.9036972894791112,2.651
adult,size_10000,sample_02,MST_eps30,10000,10000,0.0008,0.0025141058672693,1.0,0.0381527777777777,52.29144460353249,2.9251499528257523,0.0154547045538211,0.0493750236702373,0.8268866666666668,0.9593636887854592,0.6542869700646469,0.7733311506290333,0.8460631250245624,0.903587777493826,2.6533999999999995
adult,size_10000,sample_02,MWEMPGM_eps0.1,10000,10000,0.0990777777777777,0.1277837816837496,0.926829268292683,0.20865,150.87804652028476,42.4738065655915,0.0627360582822959,0.0919854342528976,0.7519866666666668,0.7764400880295551,0.4519640163311968,0.7733311506290333,0.5844378774928725,0.8756143437736791,4.6612
adult,size_10000,sample_02,MWEMPGM_eps1,10000,10000,0.0157333333333333,0.0353220987120021,0.967479674796748,0.0636972222222222,53.53852179824312,24.988543036478507,0.0306501949007019,0.0805053182876009,0.81394,0.8888353344080288,0.5722418072286347,0.7733311506290333,0.7399699426166552,0.8810468803856443,2.8720000000000003
adult,size_10000,sample_02,MWEMPGM_eps0.3,10000,10000,0.0340333333333333,0.0654324332286824,0.956639566395664,0.1055416666666666,78.49371422159246,30.80173858414352,0.0339437858360434,0.0811731054403424,0.8027733333333333,0.8540238258018803,0.5906982584423548,0.7733311506290333,0.763836110682329,0.8897442811615489,3.2244
adult,size_10000,sample_02,MWEMPGM_eps10,10000,10000,0.0029,0.0071574183505164,0.9972899728997292,0.0318916666666666,48.184678642168926,13.133485665724669,0.0237147559740109,0.062045609752827,0.8199533333333334,0.9122938850176552,0.7121678922137531,0.7733311506290333,0.9209093562859578,0.8992802006136075,2.5928000000000004
adult,size_10000,sample_02,MWEMPGM_eps1000,10000,10000,0.0020333333333333,0.0040207073603478,1.0,0.0304944444444444,47.66345271086361,12.947205924356576,0.0234523368815565,0.0555659114843822,0.82042,0.9138700539415918,0.7061326925772797,0.7733311506290333,0.9131051967990628,0.8980366428653032,2.5724000000000005
adult,size_10000,sample_02,MWEMPGM_eps3,10000,10000,0.0059666666666666,0.016572699939416,0.983739837398374,0.0370138888888888,48.848629294851165,15.110311071149704,0.0248176534986296,0.0671740242723615,0.8184000000000001,0.9082685220757836,0.7156823394260973,0.7733311506290333,0.9254539129212764,0.9004971632081139,2.6514
adult,size_10000,sample_02,MWEMPGM_eps100,10000,10000,0.0022444444444444,0.0042551453098218,1.0,0.0303805555555555,47.77004960671884,12.643712929357967,0.0234672381325179,0.0607832444329364,0.8201466666666666,0.90418976825479,0.71327945566739,0.7733311506290333,0.9223467268775718,0.896525733250979,2.5778000000000003
adult,size_10000,sample_02,MWEMPGM_eps30,10000,10000,0.0022444444444444,0.0054328959058914,0.980246913580247,0.0304361111111111,47.7640107136117,12.84160574924007,0.0235637772284242,0.0595930823182204,0.8201866666666667,0.9040062084058412,0.7117462572495776,0.7733311506290333,0.9203641371210788,0.8968394392223894,2.5802
adult,size_10000,sample_02,MWEMPGM_eps300,10000,10000,0.0021666666666666,0.0040467665107843,1.0,0.0307777777777777,47.70161092761209,12.919576079242804,0.0235858382550972,0.0569561889561319,0.82032,0.9045297960269432,0.705285039075269,0.7733311506290333,0.9120090900390913,0.8946401347434146,2.5708
adult,size_10000,sample_02,PrivBayes_eps1,10000,10000,0.2988222222222221,0.2563925135478777,1.0,0.442911111111111,527.0932660240878,139.28468526879186,0.1837233995630837,0.0814665216300778,0.6108933333333333,0.5812647722645182,0.5528453532137106,0.7733311506290333,0.714888250256741,0.934786918671738,10.223
adult,size_10000,sample_02,PrivBayes_eps0.1,10000,10000,0.4252888888888887,0.3444370595991879,1.0,0.6075694444444443,730.4307190676543,151.84180090497017,0.2500443053356511,0.0607910780284994,0.5060999999999999,0.4415749229979643,0.563287648027605,0.7733311506290333,0.728391255798481,0.9907549972946684,13.266199999999998
adult,size_10000,sample_02,PrivBayes_eps0.3,10000,10000,0.3525555555555554,0.2936056310024881,1.0,0.5085666666666665,663.0685521633459,154.4894200794803,0.2213766749148477,0.0635115896620536,0.5630866666666667,0.5105967912146152,0.617559316700547,0.7733311506290333,0.798570335771891,0.9810120528163996,11.9738
adult,size_10000,sample_02,PrivBayes_eps1000,10000,10000,0.0084888888888888,0.0101108262844694,1.0,0.0575722222222222,58.2194845367184,3.2761384278937,0.0168223508475562,0.0357877302139753,0.8226666666666668,0.9529256383180494,0.704556399274193,0.7733311506290333,0.9110668807405404,0.9028517625747472,2.5714
adult,size_10000,sample_02,PrivBayes_eps100,10000,10000,0.0206888888888888,0.0315006134066374,1.0,0.0471416666666666,75.65960263836016,23.833280582461704,0.0261421089464625,0.0709301743068187,0.8164333333333332,0.9461554637399892,0.7522566504516215,0.7733311506290333,0.972748414107534,0.8953069474814178,2.822199999999999
adult,size_10000,sample_02,PrivBayes_eps10,10000,10000,0.123511111111111,0.1268883985655318,1.0,0.1963194444444444,100.13170224868271,66.40942966988014,0.068055709447349,0.076013715148842,0.7389066666666668,0.8191456870131779,0.7500304046558925,0.7733311506290333,0.9698696398675072,0.8464317097072586,5.271
adult,size_10000,sample_02,PrivBayes_eps3,10000,10000,0.2227999999999999,0.1950583120403302,1.0,0.34775,326.69084790019446,119.36181279932556,0.1206595627041499,0.098905595592861,0.6753,0.6827819812671766,0.7227163140983371,0.7733311506290333,0.9345495954960812,0.9010737029734088,8.2202
adult,size_10000,sample_02,PrivBayes_eps300,10000,10000,0.0130555555555555,0.0210486998787124,1.0,0.0404805555555555,59.29368073149084,11.154383945216594,0.0191595056244506,0.0486431391008387,0.8205800000000001,0.9568369186356546,0.7332695780983018,0.7733311506290333,0.948196096079972,0.8999700481953014,2.637
adult,size_10000,sample_02,PrivSyn_eps0.1,10000,10000,0.1192444444444444,0.1407862740886042,0.956639566395664,0.2650305555555555,267.518139755313,102.49353406754643,0.0723563913195686,0.1342861226048305,0.8209266666666667,0.7441490864806075,0.5605463037235711,0.7733311506290333,0.7248464040212707,0.6989032784747007,5.267599999999999
adult,size_10000,sample_02,PrivBayes_eps30,10000,10000,0.0519111111111111,0.0665211507607242,1.0,0.0920166666666666,125.32634158534177,53.85731445284456,0.0485232433980259,0.1005854605985375,0.7932333333333333,0.8977267528143902,0.7532042622551711,0.7733311506290333,0.973973777656715,0.8824798812636315,3.5788
adult,size_10000,sample_02,PrivSyn_eps0.3,10000,10000,0.0493666666666666,0.080547185399804,0.964769647696477,0.1361833333333333,99.70611585298204,57.43558269034013,0.0312280856295917,0.132434855894045,0.8811533333333332,0.8527127483885204,0.6110357285055031,0.7733311506290333,0.7901346375733974,0.5824402371300423,3.3224
adult,size_10000,sample_02,PrivSyn_eps10,10000,10000,0.0053222222222222,0.011830189854733,0.9972899728997292,0.0306694444444444,2.8159680176840727,3.409099521165012,0.0061361273557297,0.0275578324481745,0.9171600000000002,0.9582801548251304,0.7391553851370738,0.7733311506290333,0.9558070749384124,0.4877920502897859,2.2256
adult,size_10000,sample_02,PrivSyn_eps100,10000,10000,0.0040333333333333,0.0061301300172913,0.9972899728997292,0.0260583333333333,0.4034632481628907,0.9119987053993064,0.0056146403140561,0.0195472804549049,0.91718,0.9637018609198876,0.7546118872986622,0.7733311506290333,0.9757939875915717,0.487472930800213,2.2014
adult,size_10000,sample_02,PrivSyn_eps1,10000,10000,0.0200888888888888,0.0417947562407016,0.983739837398374,0.0732416666666666,24.20740586460641,21.349998614233662,0.0126379989995619,0.1090771916540174,0.9078466666666668,0.9125525815485224,0.7113399095405726,0.7733311506290333,0.9198386860143672,0.5127355187280401,2.5598
adult,size_10000,sample_02,PrivSyn_eps1000,10000,10000,0.0021333333333333,0.0032855447798179,0.9925925925925926,0.0227166666666666,0.2739036703297346,1.115504114100254,0.005728415631014,0.0262126322438714,0.91884,0.964865764363533,0.7479675104807704,0.7733311506290333,0.9672020967675332,0.4897644755709547,2.2064
adult,size_10000,sample_02,PrivSyn_eps3,10000,10000,0.0083111111111111,0.0233010892910557,0.986449864498645,0.0430749999999999,10.633179894159737,11.270132728478169,0.0080970446820696,0.0622835590134549,0.91532,0.9432026029276104,0.734149096620361,0.7733311506290333,0.9493334077235416,0.5074137121883965,2.2944
adult,size_10000,sample_02,PrivSyn_eps300,10000,10000,0.0034777777777777,0.0048400960418575,1.0,0.0229666666666666,0.1825085028006969,0.7721008503213699,0.0056070542083975,0.019971581931473,0.9181066666666666,0.962207744147752,0.7423178448835096,0.7733311506290333,0.9598964740832088,0.4856446782423691,2.2110000000000007
adult,size_10000,sample_02,PrivSyn_eps30,10000,10000,0.0036555555555555,0.0077794734574441,0.9918699186991868,0.0251638888888888,1.252744023208957,1.1420202920102425,0.0058219836415856,0.0220009089493859,0.9173,0.9639513636464724,0.751326784002023,0.7733311506290333,0.971545997201501,0.5026767436842969,2.2038
adult,size_10000,sample_02,PrivateGSD_eps0.1,10000,10000,0.0890222222222222,0.1029937472970775,1.0,0.1958861111111111,190.9445368537501,84.64662013320915,0.0627529455952251,0.1925622211367055,0.7651933333333335,0.8109922222997596,0.6482944860385418,0.7733311506290333,0.8383142013966239,0.8679404086914763,4.667999999999999
adult,size_10000,sample_02,PrivateGSD_eps0.3,10000,10000,0.0416555555555555,0.0675015973890914,1.0,0.1133555555555555,110.09087129616726,44.03024921879248,0.0353084709689445,0.1712017248982444,0.80212,0.8808617815548876,0.7477978361226492,0.7733311506290333,0.9669826896507228,0.9023737454524076,3.3672
adult,size_10000,sample_02,PrivateGSD_eps1,10000,10000,0.0171,0.0386038779649662,0.994579945799458,0.0636083333333333,74.52646636085734,21.51843505261121,0.0229663152204982,0.1265871483314181,0.8172200000000003,0.9320256798810896,0.7558858216959528,0.7733311506290333,0.9774413212029096,0.9027742651834224,2.7478
adult,size_10000,sample_02,PrivateGSD_eps10,10000,10000,0.0029222222222222,0.0117902811807507,1.0,0.0170833333333333,55.75892722029979,3.5130736930884248,0.0162684217775285,0.0383755602694151,0.8257466666666667,0.9769560314093274,0.7659752957807489,0.7733311506290333,0.9904880917555824,0.9010868580218035,2.419800000000001
adult,size_10000,sample_02,PrivateGSD_eps100,10000,10000,0.0004333333333333,0.0019102883073525,1.0,0.0048777777777777,52.60580308592425,2.500897035030517,0.0154023422119734,0.0055836925731393,0.8271333333333335,0.988820212435252,0.7699885588898201,0.7733311506290333,0.9956776707674816,0.9016616655390464,2.3736
adult,size_10000,sample_02,PrivateGSD_eps1000,10000,10000,0.0001666666666666,0.0005071675599042,1.0,0.0033944444444444,52.35262806806122,2.4928499859580766,0.0153455439321243,0.004188905018661,0.8272733333333335,0.9900674591653338,0.7670095079755646,0.7733311506290333,0.9918254388853864,0.9013342044622236,2.3693999999999997
adult,size_10000,sample_02,PrivateGSD_eps3,10000,10000,0.0075666666666666,0.0223152357984962,1.0,0.0366027777777777,61.762729824691554,9.781723379307545,0.0183002856034985,0.0919068901113246,0.8232866666666667,0.958041888801572,0.7656524115487239,0.7733311506290333,0.9900705678633654,0.904424562904928,2.5260000000000007
adult,size_10000,sample_02,PrivateGSD_eps30,10000,10000,0.0012444444444444,0.0064232749090314,1.0,0.0089305555555555,53.49783951286552,2.83169155149332,0.0156614721127698,0.0202621902427299,0.8266266666666666,0.9846479387921858,0.7690659178244161,0.7733311506290333,0.9944845970570352,0.9017566368988956,2.3878000000000004
adult,size_10000,sample_02,RankSwap,10000,10000,0.0,0.0,1.0,0.0,0.1901482149824994,8.827631128644637,0.0054266745250489,0.0120014709035625,0.9866866666666666,0.845677990173555,0.7561912211592287,0.7733311506290333,0.9778362354165528,0.4857720502691899,0.1033999999999999
adult,size_10000,sample_02,PrivateGSD_eps300,10000,10000,0.0002,0.0012105549628143,1.0,0.0037111111111111,52.52778214931752,2.434998762140579,0.0153856795123975,0.0067155724190572,0.8272600000000002,0.9896288876843532,0.7692013208614594,0.7733311506290333,0.994659687685307,0.9019370228873068,2.3694
adult,size_10000,sample_02,Synthpop,10000,10000,0.0067111111111111,0.0102173169482893,0.994579945799458,0.0221722222222222,2.7242952450628124,2.4550748287154924,0.0013236607992486,0.0097112754074974,0.9936933333333332,0.9802158612804168,0.7716481176838759,0.7733311506290333,0.9978236580233826,0.4884974253559457,0.2425999999999998
adult,size_10000,sample_02,TVAE,10000,10000,0.0692333333333333,0.0978767465868902,0.8100227986406848,0.1232861111111111,14.386452165672225,19.08324197403937,0.0163887941757787,0.0507717047652876,0.8860399999999999,0.8140563068024793,0.745693090335236,0.7733311506290333,0.9642610279338386,0.6646692358477478,2.6484000000000005
adult,size_10000,sample_02,TabDDPM,10000,10000,0.0089999999999999,0.0138171340237227,0.9643738977072308,0.0193694444444444,1.6686202581195932,1.955690967892996,0.0023175578347753,0.0125870854135322,0.9913133333333332,0.9818037796133192,0.7827989812708877,0.7733311506290333,1.012242918874959,0.48927428702825,0.3026000000000001
adult,size_10000,sample_03,AIM_eps0.1,10000,10000,0.072311111111111,0.1098553248503985,0.860328214393255,0.1538583333333333,173.7298705733053,73.05583026193885,0.0462091608907275,0.05789879172503,0.7733333333333334,0.8436548482101168,0.4310380267214799,0.7698811170422712,0.5598760862215376,0.896976024711487,4.017
adult,size_10000,sample_03,AIM_eps0.3,10000,10000,0.0352888888888888,0.065427820222977,0.8636555254441434,0.0964916666666666,97.54628987119328,28.808027857791732,0.0295569830480644,0.0627822780896275,0.8052533333333333,0.9032765039459788,0.7038670833023891,0.7698811170422712,0.9142542499484592,0.9008285101070536,3.1688000000000005
adult,size_10000,sample_03,AIM_eps1,10000,10000,0.0189111111111111,0.0420291669379173,0.9214092140921408,0.0582166666666666,34.80694527565325,39.8744346161695,0.0225978520350921,0.0425917020852448,0.9168733333333332,0.8035072593748634,0.7443356477757606,0.7698811170422712,0.9668189428241426,0.6118177831673098,4.7956
adult,size_10000,sample_03,AIM_eps10,10000,10000,0.0048888888888888,0.0106074493108312,0.994579945799458,0.0206888888888888,54.54997615179668,5.406264015265028,0.0165022410837458,0.0335038378304847,0.8260799999999998,0.97999734491687,0.7608176649927411,0.7698811170422712,0.988227465321954,0.912388057164817,2.2294000000000005
adult,size_10000,sample_03,AIM_eps3,10000,10000,0.0082666666666666,0.0218899308804082,0.956639566395664,0.0310222222222222,50.402463470816805,13.100731974556792,0.0165942723278977,0.0471796781492,0.8250466666666667,0.9346062134655332,0.7528055491590906,0.7698811170422712,0.9778205133195582,0.9115305233150924,2.3600000000000003
adult,size_10000,sample_03,ARF,10000,10000,0.0964444444444444,0.0931371003967049,0.9876543209876544,0.188,22.64350184354965,1.9721667665551168,0.0135926421382721,0.0145077891799375,0.8946733333333333,0.842091348391909,0.7516054227825886,0.7698811170422712,0.976261666960322,0.5906898206445131,2.8296
adult,size_10000,sample_03,CTGAN,10000,10000,0.0956555555555555,0.0887090936865255,1.0,0.1667833333333333,17.523083328020046,19.21891241094785,0.0138185741563893,0.0323164943012497,0.84166,0.8434954885022916,0.7446338937925292,0.7698811170422712,0.9672063351242364,0.6174961733716503,2.7664
adult,size_10000,sample_03,CellSuppression,10000,9585,0.0088367240479916,0.0158588557575766,0.977777777777778,0.0151975497015011,0.4966665095588065,0.7058755659123614,0.0013591756067019,0.0042681114654436,0.9928936150234742,0.9886538113987904,0.788050823602036,0.7698811170422712,1.0236006651614071,0.5172052459603539,0.2149963484611373
adult,size_10000,sample_03,MST_eps0.1,10000,10000,0.0811999999999999,0.1159627351879916,1.0,0.1712777777777777,101.00271972082189,35.828873288762715,0.0616528729431773,0.0616261903746273,0.7567866666666667,0.8303038435446694,0.6843783786115201,0.7698811170422712,0.8889403355570927,0.846358691733068,4.1678
adult,size_10000,sample_03,MST_eps1,10000,10000,0.0122777777777777,0.0259328320148963,1.0,0.0563916666666666,54.10639758271122,8.592171712291345,0.0179984944564073,0.0553893292907518,0.8236733333333334,0.9487036193363748,0.5783389185150511,0.7698811170422712,0.7512054856752334,0.9067283423030368,4.707600000000002
adult,size_10000,sample_03,MST_eps0.3,10000,10000,0.0346777777777777,0.0681209626371148,1.0,0.1028888888888888,67.24546967423164,22.65725203459158,0.0274804086631501,0.0568259639687973,0.8062333333333334,0.9076838597165144,0.4354672007869245,0.7698811170422712,0.5656291485669102,0.9128730765663664,3.163
adult,size_10000,sample_03,MST_eps10,10000,10000,0.0017444444444444,0.0063227088725788,1.0,0.0408694444444444,55.20202902549737,2.5517722682208683,0.0155677568669074,0.0509491124407115,0.8287400000000001,0.96321030149233,0.637759631092688,0.7698811170422712,0.8283871586044268,0.9121082358074228,7.795199999999999
adult,size_10000,sample_03,MST_eps100,10000,10000,0.0008444444444444,0.0027236005185803,1.0,0.0378444444444444,54.42289661009161,2.640624052813652,0.0152449044446308,0.0442517139138448,0.8292400000000001,0.9638029728156776,0.6431255337583829,0.7698811170422712,0.8353569394526864,0.9112470400825888,7.550000000000001
adult,size_10000,sample_03,MST_eps1000,10000,10000,0.0006666666666666,0.0021124403312251,1.0,0.0376222222222222,54.85405764110954,2.233261542292414,0.0152563738304939,0.051416732119438,0.8293666666666667,0.9650378524676592,0.6426428717008734,0.7698811170422712,0.8347300088178619,0.9116718102513308,7.747400000000001
adult,size_10000,sample_03,MST_eps3,10000,10000,0.0046444444444444,0.0143598517396263,1.0,0.0455805555555555,54.747460894130704,3.5317320044089864,0.015870466612059,0.0579388104633728,0.8271466666666665,0.9586319897288064,0.6445680959640601,0.7698811170422712,0.8372306861566345,0.9128360005702544,2.3142
adult,size_10000,sample_03,MST_eps30,10000,10000,0.001011111111111,0.0026031338002191,1.0,0.0381583333333333,54.91220410343877,2.148354563366352,0.0153425098326059,0.0499530554889646,0.8290799999999999,0.9648538293698358,0.6437146474398736,0.7698811170422712,0.8361221402978214,0.912191284884914,2.2326
adult,size_10000,sample_03,MST_eps300,10000,10000,0.0008111111111111,0.0016099582458138,1.0,0.0371555555555555,54.72609922032333,2.484224809603169,0.0152594834230787,0.0515644713840505,0.8292666666666667,0.9654863472820916,0.6444827802750663,0.7698811170422712,0.8371198694511794,0.9145811262096046,2.2204
adult,size_10000,sample_03,MWEMPGM_eps0.1,10000,10000,0.1000999999999999,0.1252441728767724,0.953929539295393,0.2037472222222222,149.43820525629812,44.88764758020135,0.0617601564347939,0.1061844651422059,0.7502066666666667,0.7804696810612711,0.4340901962722412,0.7698811170422712,0.5638405548684511,0.879267653484271,4.828200000000001
adult,size_10000,sample_03,MWEMPGM_eps0.3,10000,10000,0.0390111111111111,0.0640715550026498,0.967479674796748,0.1147638888888888,85.55964291838235,27.73016059265005,0.0403928770677856,0.1142986360748495,0.7961866666666666,0.8552691450422727,0.4484253047878705,0.7698811170422712,0.5824604537027541,0.8934679124462503,3.298399999999999
adult,size_10000,sample_03,MWEMPGM_eps1,10000,10000,0.0145666666666666,0.033168722648425,0.97289972899729,0.0564777777777777,58.37341333336512,26.127438046889942,0.0303850634073172,0.0951623507507357,0.8144666666666667,0.8968131654225665,0.5887496004856098,0.7698811170422712,0.7647279396473508,0.9094767804664844,2.5976000000000004
adult,size_10000,sample_03,MWEMPGM_eps100,10000,10000,0.0024,0.0051819891170827,1.0,0.0325944444444444,50.87604500957108,11.64356429566839,0.0226704842510332,0.0583839238294576,0.8230200000000001,0.921976386393134,0.6934444281717578,0.7698811170422712,0.9007162440166873,0.9107891392478524,2.3464
adult,size_10000,sample_03,MWEMPGM_eps30,10000,10000,0.0025111111111111,0.0058725866549431,1.0,0.0322222222222222,51.15698386373217,11.499565013266462,0.0226874395460342,0.0627641128320794,0.8230733333333333,0.9215835157500896,0.7114942102372396,0.7698811170422712,0.9241611391616428,0.9102874688198034,2.3468000000000004
adult,size_10000,sample_03,MWEMPGM_eps3,10000,10000,0.0072111111111111,0.018128920535662,0.9918699186991868,0.0395611111111111,54.89349243693447,13.185635233187789,0.0238628041125755,0.0782368672247629,0.8206333333333333,0.9145878428172788,0.7032840283999385,0.7698811170422712,0.9134969188625706,0.9134151346576272,2.442199999999999
adult,size_10000,sample_03,MWEMPGM_eps10,10000,10000,0.0035777777777777,0.009172673373668,1.0,0.0330444444444444,52.15253034596854,11.359755270579573,0.022812134997571,0.065543428965794,0.8224800000000001,0.9208059455500622,0.7024671593736919,0.7698811170422712,0.912435886180955,0.9110449331605258,2.3666
adult,size_10000,sample_03,MWEMPGM_eps1000,10000,10000,0.0025777777777777,0.0043374621855814,1.0,0.0330833333333333,50.7440461651431,11.778965789981331,0.022585626384129,0.0637206067655192,0.8229466666666667,0.9213942423738914,0.7094333317740504,0.7698811170422712,0.9214842603328192,0.9110017854312314,2.3484
adult,size_10000,sample_03,MWEMPGM_eps300,10000,10000,0.0025333333333333,0.0057579351509866,0.9876543209876544,0.03255,50.68599865055717,11.928861032975703,0.0226052299312961,0.0600176740940913,0.8229666666666666,0.9219749280408982,0.7070830002529708,0.7698811170422712,0.9184314103943718,0.9100429681524692,2.3492000000000006
adult,size_10000,sample_03,PrivBayes_eps0.1,10000,10000,0.4325888888888888,0.3463403855544372,1.0,0.6083111111111111,753.1305567889393,144.3094226500669,0.2532016329495097,0.0698066207692856,0.49986,0.43288428899267,0.6208503846738668,0.7698811170422712,0.8064237073100415,0.990515500285484,13.278
adult,size_10000,sample_03,PrivBayes_eps0.3,10000,10000,0.3115333333333333,0.2643531052589044,1.0,0.4584444444444444,680.1939989264908,140.63853144359777,0.2360075929241499,0.080488318372204,0.5794200000000002,0.515629882021033,0.6396060908596205,0.7698811170422712,0.8307855285940512,0.9865808569024526,10.8588
adult,size_10000,sample_03,PrivBayes_eps1,10000,10000,0.3078999999999999,0.262716647814571,1.0,0.4453277777777777,609.4459128040004,141.90570941860915,0.1976085981945748,0.09321075299144,0.5991799999999999,0.5628354224053734,0.6450621179016538,0.7698811170422712,0.8378723721606081,0.946311616954456,10.458999999999998
adult,size_10000,sample_03,PrivBayes_eps100,10000,10000,0.0185999999999999,0.0280867501845834,1.0,0.0460277777777777,74.4477488771792,20.31313119540584,0.0242640239818553,0.0612013929678268,0.8169199999999999,0.9543837100261076,0.7517409226756933,0.7698811170422712,0.9764376680208592,0.8998079246924382,2.551
adult,size_10000,sample_03,PrivBayes_eps10,10000,10000,0.121111111111111,0.1235767824472587,1.0,0.1945055555555556,103.42816946704316,62.650656558074445,0.0678787775779799,0.0764723997480883,0.7414533333333332,0.8220091143037079,0.7432273413317644,0.7698811170422712,0.96537936154423,0.8663897716089605,5.0692
adult,size_10000,sample_03,PrivBayes_eps3,10000,10000,0.2120444444444443,0.1920494849674509,1.0,0.3200472222222222,484.36004857812406,127.83617962302046,0.1471847752944389,0.0962876468914709,0.6826733333333334,0.671058501412514,0.4523248045903492,0.7698811170422712,0.5875255211731102,0.9405638495460344,7.987999999999999
adult,size_10000,sample_03,PrivBayes_eps30,10000,10000,0.0505888888888888,0.0639565783750629,1.0,0.0908666666666666,98.05301855133438,43.82612969988384,0.0415774383227115,0.0846743393201543,0.7935933333333334,0.908873737667608,0.7527007220635507,0.7698811170422712,0.97768435321223,0.8960426113104862,3.3296
adult,size_10000,sample_03,PrivBayes_eps1000,10000,10000,0.0160111111111111,0.0165406185201861,1.0,0.0558055555555555,61.87585647762154,5.896401961077358,0.0171041692666479,0.028051548517333,0.8201866666666666,0.9533944132011428,0.6682087062035492,0.7698811170422712,0.8679375183065656,0.9082647864301272,2.4648000000000003
adult,size_10000,sample_03,PrivSyn_eps0.3,10000,10000,0.0510999999999999,0.0753170897122837,0.962059620596206,0.136925,96.30510551241032,52.93512419008556,0.0311623779288681,0.1518066794476983,0.8821133333333333,0.853712856229926,0.6441536426127403,0.7698811170422712,0.8366923519358159,0.5915901486585212,3.1812000000000005
adult,size_10000,sample_03,PrivBayes_eps300,10000,10000,0.015,0.0213529629390855,1.0,0.0428888888888888,61.8662956959422,8.114874057280549,0.0185019037849417,0.0423681254217808,0.8203,0.9612127529460632,0.740540886206303,0.7698811170422712,0.9618899200374252,0.9057292092710648,2.428400000000001
adult,size_10000,sample_03,PrivSyn_eps0.1,10000,10000,0.1243333333333333,0.137628291024369,0.962059620596206,0.2579638888888889,243.96595795630543,94.84301112396612,0.0630389605779313,0.1111108371686816,0.8217800000000001,0.7544006544879512,0.5968094294715955,0.7698811170422712,0.7751968663511295,0.7173448666829114,5.087599999999998
adult,size_10000,sample_03,PrivSyn_eps1,10000,10000,0.0197999999999999,0.0429399208562898,0.978319783197832,0.0775777777777777,37.39915122188781,27.256430590628828,0.0142450545546342,0.1180813397770568,0.9080666666666668,0.9068160947778292,0.7095013128561785,0.7698811170422712,0.9215725610855126,0.5245223032106201,2.4421999999999997
adult,size_10000,sample_03,PrivSyn_eps10,10000,10000,0.0048444444444444,0.0107519426201093,0.9972899728997292,0.0305722222222222,3.621793363368347,4.161028341188256,0.006549784329705,0.0387458451621216,0.9194733333333336,0.9549781539169911,0.7259287734129709,0.7698811170422712,0.942910219836996,0.4881345225750594,2.092599999999999
adult,size_10000,sample_03,PrivSyn_eps100,10000,10000,0.0029111111111111,0.0046947052416523,1.0,0.0253138888888888,0.4011316037269538,0.5707967515461094,0.0056490336981608,0.020383672122157,0.9203266666666668,0.961391642467465,0.7481701441630823,0.7698811170422712,0.9717995772389144,0.491795687170887,2.0500000000000003
adult,size_10000,sample_03,PrivSyn_eps1000,10000,10000,0.0038444444444444,0.0048632165356889,1.0,0.0252583333333333,0.2663841662657109,0.6135156605099213,0.0056107865245649,0.0304294226072396,0.9193,0.9610626602899592,0.7446524524229599,0.7698811170422712,0.9672304409634596,0.486442730046309,2.0802
adult,size_10000,sample_03,PrivSyn_eps3,10000,10000,0.0071666666666666,0.0216684935696831,0.9918699186991868,0.0445722222222222,10.49902307780856,11.149569127913612,0.0083871454932042,0.0603423647214443,0.9176933333333336,0.941621259662754,0.7345494254664062,0.7698811170422712,0.9541076006552636,0.4991494909294864,2.1278000000000006
adult,size_10000,sample_03,PrivSyn_eps300,10000,10000,0.0035777777777777,0.0046845420463794,1.0,0.0250666666666666,0.5537821788340698,1.0748496166096908,0.0059912486706971,0.0203986220102714,0.91988,0.9563877174754566,0.7447142006309961,0.7698811170422712,0.9673106458245236,0.4953901966577151,2.0584
adult,size_10000,sample_03,PrivSyn_eps30,10000,10000,0.0034777777777777,0.0060764029421585,0.9972899728997292,0.0255,1.9944773902759927,2.1065456233799438,0.0059032028319781,0.0145296815730924,0.9200266666666668,0.96155740369716,0.7513652713276524,0.7698811170422712,0.9759497337935136,0.4868385074341816,2.0628
adult,size_10000,sample_03,PrivateGSD_eps0.1,10000,10000,0.095311111111111,0.1119625289660749,1.0,0.2022694444444444,205.87879366974596,79.56016293614191,0.065375135573756,0.1770578018878761,0.7608133333333333,0.8122720617699135,0.6510673149993533,0.7698811170422712,0.8456725337232014,0.9046443296635208,4.474800000000001
adult,size_10000,sample_03,PrivateGSD_eps1,10000,10000,0.0172888888888888,0.0376965183919995,0.9972899728997292,0.0684694444444444,76.20628442385285,18.261207592979424,0.0219090036121309,0.1358759696799581,0.8186800000000001,0.9345298116895262,0.7441383560121627,0.7698811170422712,0.9665626801892956,0.9139394303573553,2.5446
adult,size_10000,sample_03,PrivateGSD_eps0.3,10000,10000,0.0419777777777777,0.0679955114495568,1.0,0.1150111111111111,116.01707601780484,43.80032277384449,0.0348971411867959,0.165209254907888,0.8029133333333331,0.8883136246494368,0.7175298428202403,0.7698811170422712,0.9320008334321096,0.9202418759814158,3.258000000000001
adult,size_10000,sample_03,PrivateGSD_eps10,10000,10000,0.0030111111111111,0.00976619890919,1.0,0.0179138888888888,58.88202650091884,2.833892786886115,0.016067743167862,0.0491379543004286,0.8277266666666666,0.9827596699309216,0.7638325576572589,0.7698811170422712,0.9921435149527188,0.9086683230062323,2.1908
adult,size_10000,sample_03,PrivateGSD_eps1000,10000,10000,0.0002111111111111,0.0005652591682046,1.0,0.0035666666666666,54.90473243745247,1.9649114395508644,0.0151648887711853,0.005746380728839,0.8296600000000001,0.9970990680431784,0.7619370962912206,0.7698811170422712,0.98968149669583,0.9086751951274388,2.1438
adult,size_10000,sample_03,PrivateGSD_eps3,10000,10000,0.0070888888888888,0.0189467955719359,1.0,0.0348472222222222,65.40999022732011,10.219343143997332,0.0180987945369883,0.1055940930145037,0.8253533333333333,0.964149945737059,0.7639834140055086,0.7698811170422712,0.9923394625411072,0.912966635700173,2.2674
adult,size_10000,sample_03,PrivateGSD_eps100,10000,10000,0.0004666666666666,0.0020592865220946,1.0,0.0049666666666666,55.0576186185987,1.96551899134876,0.0152189121464275,0.0077437341526527,0.8295266666666665,0.9957878285129056,0.7663733537136412,0.7698811170422712,0.9954437596266156,0.9081785198885391,2.148800000000001
adult,size_10000,sample_03,PrivateGSD_eps300,10000,10000,0.0002666666666666,0.0009203870744263,1.0,0.0040277777777777,54.97145390702326,1.8274821685777487,0.0152008867349427,0.0055484015498391,0.8295933333333333,0.9967798760797736,0.7624318455883743,0.7698811170422712,0.9903241274684746,0.9089385578693387,2.1452
adult,size_10000,sample_03,PrivateGSD_eps30,10000,10000,0.0011999999999999,0.0050456991961597,1.0,0.0090583333333333,56.19972589068012,1.5584249539357289,0.0154399758188025,0.0151792316778962,0.8289733333333333,0.9920710072611024,0.7661814827676696,0.7698811170422712,0.99519453810176,0.9087912710019204,2.1578000000000004
adult,size_10000,sample_03,RankSwap,10000,10000,0.0,0.0,1.0,0.0,0.17444046936367,8.93899556090916,0.0052895748003999,0.0107292402867675,0.9869133333333334,0.8539174352176118,0.7444529820624732,0.7698811170422712,0.966971348545104,0.4887022911650913,0.091
adult,size_10000,sample_03,TVAE,10000,10000,0.0774999999999999,0.101502468379286,0.823554114509399,0.1340833333333333,22.19707817092198,31.24015671660126,0.0225775215736517,0.0530958104428742,0.8769200000000001,0.8076788706826517,0.7705010680863631,0.7698811170422712,1.0008052554222826,0.6917313745135578,2.864
adult,size_10000,sample_03,TabDDPM,10000,10000,0.0119111111111111,0.0176213638210862,0.9643738977072308,0.0240111111111111,2.334934164065744,2.978692930842028,0.0021601230357634,0.0175430796511827,0.9900666666666668,0.9792040657392012,0.7869679048461624,0.7698811170422712,1.0221940599963222,0.4977131864619002,0.3375999999999998
adult,size_10000,sample_03,Synthpop,10000,10000,0.0091666666666666,0.0115762213347478,1.0,0.0254694444444444,1.2640257033894564,1.1788092139957749,0.0018612212370536,0.0109445212778424,0.9919866666666668,0.9753306294325348,0.7684981925141245,0.7698811170422712,0.9982037166552676,0.4925051040066681,0.2763999999999998
adult,size_10000,sample_04,AIM_eps0.1,10000,10000,0.0773888888888888,0.1184979652854119,0.8268405600722674,0.1612444444444444,124.2340889959192,74.05384348105751,0.0506445988856322,0.0596737793724599,0.7612466666666665,0.8108956824257767,0.6431239902546294,0.7736072723528807,0.8313313656107093,0.887433595856233,3.9928
adult,size_10000,sample_04,AIM_eps0.3,10000,10000,0.0411,0.0784184208036287,0.8713038241493526,0.1057277777777777,80.22011359958002,30.366202917375468,0.0247162584816282,0.0548407208191887,0.7981266666666667,0.910632329465296,0.7175554796455099,0.7736072723528807,0.927544899326441,0.9212160964546404,3.4056000000000006
adult,size_10000,sample_04,AIM_eps10,10000,10000,0.0045666666666666,0.0128053843278823,0.989159891598916,0.0192,60.16705808401994,3.808198564307185,0.0162814286783245,0.0365520483865429,0.8239266666666667,0.9740891394009612,0.774094544031694,0.7736072723528807,1.0006298694391382,0.9076296206270732,2.5140000000000007
adult,size_10000,sample_04,AIM_eps1,10000,10000,0.0151888888888888,0.0442369538273439,0.9287375790424572,0.0524805555555555,34.964250402399294,41.85115626311767,0.0229082893030121,0.0407520844384259,0.91766,0.8030329463496364,0.7031224249428828,0.7736072723528807,0.9088880753583,0.6135484817522274,4.765000000000001
adult,size_10000,sample_04,ARF,10000,10000,0.0973111111111111,0.0936854603391968,1.0,0.1913666666666666,19.541792288174797,2.511536703168093,0.0134755085744545,0.01173433917978,0.8908866666666666,0.8429332614871586,0.7581118571830646,0.7736072723528807,0.9799699203696924,0.5885211407184572,2.778
adult,size_10000,sample_04,AIM_eps3,10000,10000,0.0080666666666666,0.0233070225704707,0.962059620596206,0.0320111111111111,56.17252334555499,9.420376742862189,0.0164728527390606,0.04046497946037,0.8218133333333333,0.9617544062290212,0.769360122085168,0.7736072723528807,0.9945099399670244,0.9079573740959054,2.808
adult,size_10000,sample_04,CellSuppression,10000,9579,0.0092622971546554,0.0152511063671713,1.0,0.0151432772500028,0.4205186815127616,0.9516293913322972,0.0016146048418424,0.0046476889637892,0.9926713414761456,0.9791562803609276,0.7879714683915734,0.7736072723528807,1.018567813993201,0.517741875955842,0.2203270905104916
adult,size_10000,sample_04,CTGAN,10000,10000,0.0875333333333333,0.0833910686477165,1.0,0.1537444444444444,10.847190212324897,19.821466471328712,0.0108421823537615,0.0296358645238,0.8873533333333333,0.8158155334863952,0.7419230538592971,0.7736072723528807,0.959043535755394,0.5731753423541138,2.3447999999999998
adult,size_10000,sample_04,MST_eps0.1,10000,10000,0.0671555555555555,0.1004631355344116,1.0,0.14525,98.43034847192229,59.57071544835399,0.0620283140202727,0.0687486959023976,0.7678133333333333,0.8440093788641145,0.4396084211697305,0.7736072723528807,0.5682578703996173,0.8518857666068692,4.387999999999999
adult,size_10000,sample_04,MST_eps0.3,10000,10000,0.0333111111111111,0.0692965089320213,1.0,0.1005888888888889,58.57683897878984,19.210169053796477,0.0283785084296528,0.0575919214696617,0.8009133333333335,0.9035577198950244,0.4602134751474211,0.7736072723528807,0.594892901779762,0.9097493137946598,3.351800000000001
adult,size_10000,sample_04,MST_eps10,10000,10000,0.0021666666666666,0.0077818604526903,1.0,0.0329083333333333,58.61401949911668,3.0880666950972877,0.0155710994387015,0.0425504051847141,0.8252466666666666,0.960797828201092,0.6515984518495748,0.7736072723528807,0.8422858406999563,0.909114306643611,5.841199999999999
adult,size_10000,sample_04,MST_eps1,10000,10000,0.0129,0.0311023597823988,1.0,0.0579611111111111,60.79333238095656,13.857340727943724,0.0196705719148339,0.0613849003612338,0.8180466666666665,0.9412772690218166,0.6064720564644831,0.7736072723528807,0.7839534064119368,0.9100900363358808,4.769600000000001
adult,size_10000,sample_04,MST_eps3,10000,10000,0.0051888888888888,0.0155546126383219,1.0,0.0456333333333333,58.9160368437854,3.6035643076568022,0.0162827605986167,0.0489287865628093,0.8235466666666665,0.9540079438169422,0.6518298714144412,0.7736072723528807,0.842584984171207,0.9080531820057794,2.7606
adult,size_10000,sample_04,MST_eps1000,10000,10000,0.0006555555555555,0.002214369627477,1.0,0.0385972222222222,58.01352168592256,2.8680509913438903,0.0154035913971047,0.0486406539044783,0.8263333333333333,0.9597056675782516,0.657172810379371,0.7736072723528807,0.8494915104606885,0.9093873505508018,7.543800000000001
adult,size_10000,sample_04,MST_eps100,10000,10000,0.0008333333333333,0.0022421223837136,1.0,0.0371555555555555,57.92560679967196,2.7292998112950038,0.0153598303030853,0.0514522835212428,0.82622,0.95996483689134,0.6568383295677716,0.7736072723528807,0.8490591453272288,0.9078863906617758,7.489599999999999
adult,size_10000,sample_04,MST_eps30,10000,10000,0.0009888888888888,0.0032941086518761,0.9972899728997292,0.0373444444444444,58.21213659690997,2.4901832988419663,0.0154035500635814,0.0513560133046946,0.8261266666666667,0.9598021895258552,0.6570052976200443,0.7736072723528807,0.8492749758373833,0.9081738937264004,2.681
adult,size_10000,sample_04,MWEMPGM_eps0.1,10000,10000,0.1225888888888888,0.125580020689862,0.989159891598916,0.223211111111111,160.701478454456,64.69861428479285,0.0643557533512871,0.2214179393625033,0.7406866666666667,0.7665987186169643,0.5760358448607856,0.7736072723528807,0.7446101728521057,0.900895366564059,5.3484
adult,size_10000,sample_04,MST_eps300,10000,10000,0.0008333333333333,0.0021080905811162,1.0,0.0374083333333333,58.07451562895943,2.90078642149345,0.0153843290604084,0.0494550389319325,0.8262066666666666,0.9594741638858144,0.6563952508839516,0.7736072723528807,0.8484864016372489,0.9089012645592202,2.6754000000000007
adult,size_10000,sample_04,MWEMPGM_eps0.3,10000,10000,0.0459555555555555,0.0701281121770078,0.948509485094851,0.1207916666666666,102.25337986699049,32.60592965565699,0.0428104564892861,0.0907782233924272,0.7885266666666666,0.8489110792814933,0.4554026418003721,0.7736072723528807,0.5886741994506134,0.892844719442556,3.761200000000001
adult,size_10000,sample_04,MWEMPGM_eps1,10000,10000,0.0171444444444444,0.0400023495524483,0.989159891598916,0.0679444444444444,59.89587302122109,25.5814286102832,0.0295124453017016,0.0752600420972487,0.8100799999999998,0.8912699969930538,0.5857517977346611,0.7736072723528807,0.7571694561213401,0.9047630656050826,2.939
adult,size_10000,sample_04,MWEMPGM_eps10,10000,10000,0.0048666666666666,0.0111603162095043,1.0,0.0414583333333333,54.619186775838266,12.519880564984348,0.0234282854352701,0.0609807244875895,0.8185599999999998,0.9106318530127911,0.5984493334228713,0.7736072723528807,0.7735828691544804,0.909134709347223,2.6718
adult,size_10000,sample_04,MWEMPGM_eps100,10000,10000,0.0026888888888888,0.0053249104933789,1.0,0.0385944444444444,53.542913727575424,13.041728333381656,0.022766721709638,0.0534426348949481,0.8197066666666666,0.9042407641741704,0.5980758973137185,0.7736072723528807,0.773100148628898,0.9091155312196476,2.6310000000000007
adult,size_10000,sample_04,MWEMPGM_eps3,10000,10000,0.0119444444444444,0.030122308262717,0.9930555555555556,0.0527388888888888,56.17689491313953,16.217240186516868,0.0256674040477866,0.0705648092663797,0.8150133333333334,0.9029615612428776,0.5838708335067204,0.7736072723528807,0.7547380360779676,0.9087032360502796,2.804600000000001
adult,size_10000,sample_04,MWEMPGM_eps30,10000,10000,0.0038555555555555,0.0086753706069954,1.0,0.0394916666666666,53.91102890411618,12.308694782632362,0.0230119390093002,0.0599432473278266,0.8191066666666666,0.9117326251908696,0.6009560636207781,0.7736072723528807,0.7768231827957401,0.9100745283274158,2.653000000000001
adult,size_10000,sample_04,MWEMPGM_eps1000,10000,10000,0.0026999999999999,0.0059572120289949,0.9876543209876544,0.0385333333333333,53.64542336811559,12.754872726769603,0.0228002011085316,0.052828322086032,0.8196399999999999,0.9054341674700452,0.6054138964470357,0.7736072723528807,0.7825855805717112,0.9096680664722228,2.632
adult,size_10000,sample_04,MWEMPGM_eps300,10000,10000,0.0025888888888888,0.0048582944858892,1.0,0.0383916666666666,53.55087878694052,12.918791701155216,0.0228010297227154,0.052647738126085,0.8197866666666666,0.905428971086232,0.6064310835705912,0.7736072723528807,0.7839004429828805,0.9098939203809978,2.6296000000000004
adult,size_10000,sample_04,PrivBayes_eps0.3,10000,10000,0.3153666666666666,0.2677515306259304,1.0,0.4720138888888888,700.7504058860641,180.7776802008701,0.2092196540464868,0.0694914327363398,0.59148,0.5374382309950235,0.5296223688487526,0.7736072723528807,0.6846139995161578,0.9824133686444362,11.2104
adult,size_10000,sample_04,PrivBayes_eps1,10000,10000,0.2698333333333332,0.2341367701944345,1.0,0.4063222222222222,601.4610340540642,156.04386074793243,0.1660877712968335,0.0751292259891746,0.6365066666666668,0.6079593410007732,0.6134087171408604,0.7736072723528807,0.7929200499834006,0.9450556267857788,9.6418
adult,size_10000,sample_04,PrivBayes_eps0.1,10000,10000,0.4199555555555554,0.3392715276408601,1.0,0.6002777777777777,775.7638996058074,173.01103168813304,0.245816510841081,0.0559467343501208,0.5059866666666666,0.4444533284988009,0.560540003294487,0.7736072723528807,0.7245795421715464,0.9937225042756876,13.2138
adult,size_10000,sample_04,PrivBayes_eps10,10000,10000,0.1222222222222222,0.1227951026127553,1.0,0.1906805555555555,253.7300666086829,108.08847822280534,0.0837520845784633,0.1275524892098734,0.7385533333333334,0.8016700602945327,0.7195253393177219,0.7736072723528807,0.9300912296704748,0.9030545629108307,5.777800000000001
adult,size_10000,sample_04,PrivBayes_eps100,10000,10000,0.0225666666666666,0.0318960707876953,1.0,0.0490777777777777,80.84445991012294,28.83441877683212,0.0253573513835472,0.0743826763247802,0.81128,0.9451745707387064,0.7528366686224273,0.7736072723528807,0.9731509713389896,0.9012810763266298,2.909800000000001
adult,size_10000,sample_04,PrivBayes_eps1000,10000,10000,0.0082888888888888,0.0108635768271984,1.0,0.0505444444444444,67.47936182586986,6.697872469021957,0.0171908636878236,0.0362779816370817,0.8210066666666668,0.9547677632163988,0.734641072374151,0.7736072723528807,0.949630514776342,0.9068690354642572,2.621200000000001
adult,size_10000,sample_04,PrivBayes_eps30,10000,10000,0.0538444444444444,0.066321251091943,1.0,0.0934777777777777,140.1632698184133,68.43944274073314,0.0493182491447829,0.1164904162002235,0.7874199999999999,0.8939592559856983,0.7495472774454871,0.7736072723528807,0.9688989544641864,0.9002689135082669,3.6804
adult,size_10000,sample_04,PrivBayes_eps3,10000,10000,0.2097777777777777,0.1816314980900269,1.0,0.3274638888888889,301.7820661172866,111.78913015463004,0.0909733095630582,0.0919310430663894,0.6918666666666666,0.7122792112095436,0.6996920567763899,0.7736072723528807,0.904453825204968,0.9170624992290408,7.9186
adult,size_10000,sample_04,PrivBayes_eps300,10000,10000,0.0146444444444444,0.0188907581914827,1.0,0.0674305555555555,66.54695102774924,13.421904783885944,0.0189844573072619,0.0429890948522071,0.8168799999999999,0.9409883979867472,0.6925715830168431,0.7736072723528807,0.8952495764690818,0.904534768763234,2.7158
adult,size_10000,sample_04,PrivSyn_eps0.1,10000,10000,0.1334777777777777,0.15248142024963,0.956639566395664,0.2737444444444444,328.6865449215942,132.60483910153812,0.0786571477657548,0.1570941052313671,0.8078533333333334,0.7184028020072832,0.4563623890565637,0.7736072723528807,0.5899148124727073,0.7015345591256338,5.673
adult,size_10000,sample_04,PrivSyn_eps0.3,10000,10000,0.0477111111111111,0.0763248766216808,0.962059620596206,0.1344444444444444,126.6770958708529,72.59548442256359,0.0341336898105053,0.1167110903505198,0.8789066666666667,0.8388577792606772,0.6826585284845275,0.7736072723528807,0.8824355106177045,0.6006517156713501,3.442
adult,size_10000,sample_04,PrivSyn_eps1,10000,10000,0.0176777777777777,0.0429706893294321,0.978319783197832,0.0740027777777777,31.051716301373595,32.56754246691661,0.0138251723010775,0.09989380692002,0.9065533333333332,0.8904913947438083,0.724653446015675,0.7736072723528807,0.936720053985548,0.5207099520832571,2.6036000000000006
adult,size_10000,sample_04,PrivSyn_eps10,10000,10000,0.0044444444444444,0.0108640661224847,0.9972899728997292,0.0309222222222222,4.454659929636839,6.055143966460696,0.0065158197726591,0.0315653359705609,0.9167266666666668,0.9320472379068648,0.7305258131773322,0.7736072723528807,0.9443109432788164,0.4998093106942796,2.3126000000000007
adult,size_10000,sample_04,PrivSyn_eps1000,10000,10000,0.0030555555555555,0.0042855145867134,1.0,0.0244583333333333,0.2895826937397194,0.9042151577198791,0.005651539316527,0.0217508985886738,0.9174666666666668,0.9375454120055708,0.7536038652566188,0.7736072723528807,0.9741426846559534,0.4880550505566754,2.3040000000000003
adult,size_10000,sample_04,PrivSyn_eps100,10000,10000,0.0042999999999999,0.0057649766682776,1.0,0.0258361111111111,0.4589793991938209,0.7144186663015635,0.0058357436665034,0.0262887802217964,0.9161733333333334,0.9355908014127288,0.7407138161477402,0.7736072723528807,0.9574804200058188,0.4891824892034962,2.3218000000000005
adult,size_10000,sample_04,PrivSyn_eps3,10000,10000,0.0071444444444444,0.0205188021155437,0.994579945799458,0.0420777777777777,12.769149574438352,16.57091359264148,0.0084680313995815,0.0655579643149075,0.9146666666666668,0.9199906215965542,0.7522766329107431,0.7736072723528807,0.9724270436671252,0.5026559152716721,2.3788000000000005
adult,size_10000,sample_04,PrivSyn_eps30,10000,10000,0.0033222222222222,0.0068381229397239,1.0,0.0263555555555555,1.7830014518538182,2.4241698046595244,0.005729525232991,0.0325923472595252,0.9171866666666668,0.9360434037671768,0.7647448448118397,0.7736072723528807,0.9885440223268056,0.4857127292964104,2.290800000000001
adult,size_10000,sample_04,PrivSyn_eps300,10000,10000,0.0036444444444444,0.0046226943890982,1.0,0.0264277777777777,0.4802962994054335,1.2703130040370825,0.0060307598854323,0.0170175716133878,0.9165000000000002,0.9374568401228532,0.7566189192575419,0.7736072723528807,0.9780400808003346,0.4834680844450756,2.3218
adult,size_10000,sample_04,PrivateGSD_eps0.3,10000,10000,0.0394999999999999,0.0630594642189909,0.9972899728997292,0.1173027777777777,116.13494022603857,45.092256707326136,0.0317333560666616,0.1510037446636213,0.8005466666666669,0.8883035420478365,0.6975537330480237,0.7736072723528807,0.901689730548016,0.9118090286564472,3.3896000000000006
adult,size_10000,sample_04,PrivateGSD_eps0.1,10000,10000,0.0823444444444444,0.1046625392039183,1.0,0.1924638888888888,203.9075676065348,94.38893433280958,0.0617209173660038,0.2121628063281097,0.7675666666666667,0.8134912281194211,0.5813463560106258,0.7736072723528807,0.7514747814706392,0.9073812006756212,4.6926000000000005
adult,size_10000,sample_04,PrivateGSD_eps1,10000,10000,0.0181777777777777,0.0376806071394901,1.0,0.0687277777777777,86.50355042547179,28.42229883121137,0.0237367587718401,0.165088579493709,0.8145799999999999,0.9261117681314018,0.7627483586853037,0.7736072723528807,0.985963273415015,0.9117090638624484,2.826800000000001
adult,size_10000,sample_04,PrivateGSD_eps10,10000,10000,0.0026222222222222,0.008290809200474,1.0,0.0175388888888888,61.28858057084642,4.730998924815231,0.0162814810630504,0.0475359159390506,0.82484,0.9763960060043536,0.7777764753688423,0.7736072723528807,1.0053893016061526,0.9079329215181716,2.469
adult,size_10000,sample_04,PrivateGSD_eps100,10000,10000,0.0004555555555555,0.0024164824233096,1.0,0.0050555555555555,58.19216488928,2.780316963493485,0.0153506550918487,0.0066395562788404,0.8264666666666668,0.9878590793134162,0.7688440821536549,0.7736072723528807,0.9938428832447204,0.9065304235760996,2.4292
adult,size_10000,sample_04,PrivateGSD_eps1000,10000,10000,0.0001666666666666,0.0005224126956938,1.0,0.0033499999999999,57.86257250886465,2.661393750964011,0.0153009237653268,0.0050061658027771,0.8266733333333335,0.9901014643474207,0.7692355156721249,0.7736072723528807,0.9943488680414104,0.9069504107126986,2.4232000000000005
adult,size_10000,sample_04,PrivateGSD_eps3,10000,10000,0.0070555555555555,0.0207541821584309,1.0,0.036775,67.36261528577202,12.502477402058146,0.0179803780009574,0.0951879045761632,0.82198,0.958512292530274,0.7649517970137454,0.7736072723528807,0.9888115381701474,0.9099644617621138,2.584600000000001
adult,size_10000,sample_04,PrivateGSD_eps300,10000,10000,0.0002,0.0007894309592557,1.0,0.0035361111111111,57.91775843217594,2.656916790435241,0.0153040761359755,0.0049958912305917,0.8266466666666668,0.9890755315787672,0.7721787814972867,0.7736072723528807,0.9981534675196824,0.9053398940813864,2.4236
adult,size_10000,sample_04,PrivateGSD_eps30,10000,10000,0.0012666666666666,0.004977280133693,1.0,0.0089222222222222,58.710867781052926,3.418516329735926,0.0155639794401335,0.0203587693934694,0.8259333333333333,0.9847658021861808,0.7689414041036382,0.7736072723528807,0.993968686030512,0.9065083213664368,2.4446000000000003
adult,size_10000,sample_04,RankSwap,10000,10000,0.0,0.0,1.0,0.0,0.1686660971431694,9.025570426009557,0.0050984731217864,0.011703462920862,0.98654,0.8422183240770813,0.7487362847075255,0.7736072723528807,0.967850628308474,0.4812079418092758,0.102
adult,size_10000,sample_04,Synthpop,10000,10000,0.0072888888888888,0.0083565105098373,1.0,0.0222055555555555,2.02766665631976,2.1510675841583,0.0015874696168146,0.008104235011805,0.9928933333333334,0.9803687451182046,0.7865526207907221,0.7736072723528807,1.0167337469525015,0.4912621547033821,0.2588
adult,size_10000,sample_04,TVAE,10000,10000,0.0761888888888888,0.0946924644270993,0.8535380909364649,0.1391083333333333,31.825768553611184,43.85904231518934,0.0244497907619924,0.0417064396260573,0.8579466666666666,0.7896685876457576,0.7685569494941888,0.7736072723528807,0.9934717224895278,0.7211352674396158,3.168
adult,size_10000,sample_04,TabDDPM,10000,10000,0.0113777777777777,0.0166114654660841,0.9717813051146386,0.0233388888888888,2.6755197143485705,2.9595990609406337,0.002616876100782,0.0154075111011184,0.9898466666666668,0.969893749207063,0.7939728982673768,0.7736072723528807,1.0263255356298846,0.5020915194362413,0.3552
adult,size_20000,sample_00,AIM_eps0.3,20000,20000,0.0227555555555555,0.046398527514502,0.9242724867724867,0.0748833333333333,57.69914046773162,12.490444001648877,0.020799659182546,0.0445818214734485,0.8106666666666666,0.9302684413233252,0.7550880389963623,0.7711859244724506,0.9791258047337768,0.9002800392186007,2.9242000000000004
adult,size_20000,sample_00,AIM_eps1,20000,20000,0.0107999999999999,0.0282588326140821,0.955026455026455,0.0428069444444444,22.17623350212736,22.171341013052068,0.0231898113774325,0.0320398354263124,0.8037833333333333,0.8122457260409776,0.7614544061366625,0.7711859244724506,0.9873810995173656,0.644921493962355,3.948400000000001
adult,size_20000,sample_00,AIM_eps10,20000,20000,0.0021944444444444,0.0068145421967963,1.0,0.0130125,55.66341546319996,5.152479730453379,0.0161359730915151,0.0273043123669813,0.8256866666666667,0.9796482634023588,0.7622365630208353,0.7711859244724506,0.988395325606368,0.8955505889547265,2.5584000000000007
adult,size_20000,sample_00,AIM_eps3,20000,20000,0.0035944444444444,0.0122302221454699,0.9894179894179894,0.0187013888888888,51.94353564688734,8.31530081895619,0.0165220395526077,0.0315520870802092,0.8246666666666668,0.9717067556847472,0.770727053117525,0.7711859244724506,0.999404979473426,0.8961499158927052,2.590000000000001
adult,size_20000,sample_00,CellSuppression,20000,11061,0.0812872223729017,0.1009180222080675,0.7853835978835979,0.1366870109192458,6.795582288840173,11.943449127976972,0.014881539360533,0.0280699081157767,0.9372304098484162,0.8567920303403941,0.7822758928759769,0.7711859244724506,1.0143804080834005,0.614658044351012,2.001471521562246
adult,size_20000,sample_00,ARF,20000,20000,0.0930277777777777,0.0897152642424034,1.0,0.1814805555555555,21.158372150887818,1.7128306450693156,0.0121486127428371,0.0163803179054733,0.8958499999999999,0.848631405863895,0.7549344740289172,0.7711859244724506,0.9789266764009688,0.5811635136067431,2.4669
adult,size_20000,sample_00,CTGAN,20000,20000,0.1034388888888889,0.0966863327360508,1.0,0.1623180555555555,13.96319432055859,13.14528553908507,0.0152193018422095,0.0256517314511048,0.8734666666666667,0.8282367810868259,0.6905865910616938,0.7711859244724506,0.8954865085803512,0.6135245789575102,2.8751000000000007
adult,size_20000,sample_00,MST_eps1,20000,20000,0.0078388888888888,0.020597844737133,1.0,0.0525138888888888,21.73152821373,20.71877216113826,0.0226535269047967,0.0590317926246468,0.8058766666666665,0.8068548719553825,0.6354203910818967,0.7711859244724506,0.8239522673266853,0.6763238636693633,3.894200000000001
adult,size_20000,sample_00,MST_eps0.3,20000,20000,0.0169611111111111,0.0355597776345133,1.0,0.0695625,60.35921308277733,24.48048327372781,0.0217292282596406,0.0736177637954599,0.8156300000000002,0.930570635919372,0.5765680010618695,0.7711859244724506,0.7476381280966995,0.8966061290833908,2.8739
adult,size_20000,sample_00,MST_eps0.1,20000,20000,0.0517333333333333,0.0808477828912495,1.0,0.1295930555555555,35.65442067031679,55.65269286405303,0.0255831665035752,0.0897549521035859,0.91511,0.7408427415164106,0.4297150449248839,0.7711859244724506,0.5572132883041403,0.6336994711697167,3.880099999999999
adult,size_20000,sample_00,MST_eps100,20000,20000,0.0003222222222222,0.0010828363853783,1.0,0.0372069444444444,131.28687679827678,5.4301353872557305,0.0432502617514872,0.0492084234658524,0.7863466666666666,0.8382855888000583,0.5772031023958843,0.7711859244724506,0.7484616666413987,0.9652672374600868,7.262
adult,size_20000,sample_00,MST_eps10,20000,20000,0.0014111111111111,0.0046169426283636,1.0,0.0384125,131.63571898166097,4.823719462360673,0.0422563483595617,0.0518253554444329,0.7910933333333333,0.8199305698492073,0.5784272330521636,0.7711859244724506,0.750049001961293,0.965826328546858,7.1946
adult,size_20000,sample_00,MST_eps1000,20000,20000,0.0003777777777777,0.0015050640295323,1.0,0.0377208333333333,169.50990700102852,6.803842248947402,0.0509960928734323,0.051353972617094,0.7853333333333332,0.8567870971940172,0.5777930604890096,0.7711859244724506,0.749226667757637,0.96840089495809,7.258999999999999
adult,size_20000,sample_00,MST_eps3,20000,20000,0.0028722222222222,0.0098551858703505,1.0,0.0417083333333333,55.35231615089706,3.8850093319704326,0.015709654817746,0.0519330041838885,0.8249933333333334,0.9569685949392462,0.6358641403723619,0.7711859244724506,0.8245276788796272,0.8961170909477206,2.5633
adult,size_20000,sample_00,MST_eps300,20000,20000,0.0003944444444444,0.0010507583151422,1.0,0.0370222222222222,55.37945202890654,2.846679401966056,0.0153320654352698,0.0520652816958719,0.8266266666666666,0.9604577179741046,0.645680377592827,0.7711859244724506,0.8372564345631639,0.895625740936981,2.5187
adult,size_20000,sample_00,RankSwap,20000,20000,0.0,0.0,1.0,0.0,0.1713047993459946,9.055641190860454,0.0053118980329551,0.0122343846262837,0.9867,0.8410642106219319,0.7479690254786655,0.7711859244724506,0.9698945502582188,0.5025450211383454,0.0975000000000001
adult,size_20000,sample_00,MST_eps30,20000,20000,0.0005388888888888,0.0016579998818036,1.0,0.0378277777777777,55.47898643397456,3.1580649838964026,0.0154005784680372,0.0531543716536214,0.8265066666666667,0.9602151639295032,0.6451031698497861,0.7711859244724506,0.8365079668789788,0.8962846373467466,2.5217
adult,size_20000,sample_00,Synthpop,20000,20000,0.0059055555555555,0.0069431240125616,1.0,0.0175916666666666,1.1786194625433242,1.3339717853898432,0.0009582738990608,0.0082692485747135,0.99479,0.9829945774827584,0.7701829301766691,0.7711859244724506,0.998699412990016,0.4917880683376585,0.1856000000000002
adult,size_20000,sample_00,TabDDPM,20000,20000,0.0112111111111111,0.0177398249792656,0.9841269841269842,0.0223888888888888,1.2002913207905217,1.6374421497526277,0.0024907947743274,0.0122463388903266,0.9898,0.9809524043649768,0.7747904781598011,0.7711859244724506,1.0046740396478953,0.5082927809372668,0.3413999999999999
adult,size_20000,sample_00,TVAE,20000,20000,0.06625,0.0852901229760995,0.839021164021164,0.1158388888888889,19.08374771377721,24.695479378844,0.0177531530658944,0.0251912776033746,0.8915900000000001,0.8926706230283304,0.7593367350009403,0.7711859244724506,0.9846351065366248,0.7310030806396305,2.6064
adult,size_20000,sample_01,AIM_eps1,20000,20000,0.0127833333333333,0.0328760873212794,0.9376693766937668,0.0408041666666666,22.20769393657933,20.10231887479885,0.0225180368024429,0.0362050741901137,0.8024033333333332,0.8108182089864207,0.7676741358346362,0.7769407132517182,0.9880729927549992,0.6809012972686771,3.9235
adult,size_20000,sample_01,AIM_eps0.3,20000,20000,0.0207555555555555,0.0461241279809067,0.91869918699187,0.0672041666666666,70.86887131941077,21.08308828437099,0.0214336112351277,0.0513729195378689,0.8102300000000001,0.933187172413962,0.7412660242255645,0.7769407132517182,0.9540831256322592,0.8960912154699443,3.0225
adult,size_20000,sample_01,AIM_eps10,20000,20000,0.0021777777777777,0.0063366883227471,0.9972899728997292,0.0111152777777777,56.52155529682567,4.892274227628128,0.0158426657672604,0.029804173154237,0.8246266666666667,0.9805149400127928,0.7680302739158551,0.7769407132517182,0.988531377899578,0.8958197998518024,2.6625999999999994
adult,size_20000,sample_01,AIM_eps3,20000,20000,0.0043611111111111,0.0159958769168862,0.983739837398374,0.0208097222222222,57.908889026448776,4.142167154514754,0.0164832236617899,0.0348708644376711,0.8230200000000001,0.9731820811115952,0.7647893389202629,0.7769407132517182,0.984359972102589,0.8985508114047273,2.7009
adult,size_20000,sample_01,ARF,20000,20000,0.0903833333333333,0.0881252358246904,1.0,0.1752361111111111,21.48859436765961,1.7550091075119876,0.0114771266198291,0.01553619000778,0.8968566666666665,0.8538159864280157,0.7584492340045721,0.7769407132517182,0.9761996262657237,0.5765224717675211,2.6038
adult,size_20000,sample_01,CellSuppression,20000,10884,0.0846358916248111,0.104622070337797,0.7677657332128877,0.1411908116909632,5.882292702022234,11.87239942125315,0.0157386162329668,0.0240543033613449,0.9348604312140144,0.8683182105813808,0.7833732145417837,0.7769407132517182,1.0082792690349764,0.6210852774583161,2.105497206909225
adult,size_20000,sample_01,CTGAN,20000,20000,0.0897722222222222,0.0844055840913081,1.0,0.1486319444444444,20.17637928467344,21.53297202223541,0.0132373051475613,0.0332110388262217,0.9049133333333336,0.8387563543695556,0.6519417600870584,0.7769407132517182,0.8391139103453403,0.611130108392681,2.5062999999999995
adult,size_20000,sample_01,MST_eps0.3,20000,20000,0.0154666666666666,0.0382668377838686,1.0,0.0674680555555555,61.58767445621635,14.372362955775223,0.0203867772961943,0.0522536375856526,0.8148066666666666,0.9340690258867392,0.5956938263706935,0.7769407132517182,0.7667172232497296,0.8964242799379355,2.9481
adult,size_20000,sample_01,MST_eps0.1,20000,20000,0.0613499999999999,0.0935329801520283,1.0,0.1411694444444444,35.74524842240026,55.286734071055854,0.0243869069834006,0.0983852597393587,0.90738,0.7412334338281414,0.4320279442251441,0.7769407132517182,0.5560629489493192,0.6289163899942338,4.156000000000001
adult,size_20000,sample_01,MST_eps10,20000,20000,0.0010777777777777,0.00484831044671,1.0,0.0336958333333333,134.74381223867738,4.167959957476683,0.0430163439739825,0.0557912154981802,0.7872400000000002,0.8573101512739395,0.5842031892164898,0.7769407132517182,0.7519276299683669,0.96340222754214,7.727399999999999
adult,size_20000,sample_01,MST_eps100,20000,20000,0.0004388888888888,0.001524171420096,1.0,0.0313694444444444,134.04767490118002,5.321519520772371,0.0432666457547074,0.0479783208793066,0.7854300000000001,0.8439472627943353,0.5814838367355257,0.7769407132517182,0.7484275527626908,0.9655381926382148,7.5306
adult,size_20000,sample_01,MST_eps1,20000,20000,0.0087,0.0224468652451987,1.0,0.0472249999999999,19.442164264920127,19.712971957311883,0.0221157816197888,0.0601609177007796,0.8039333333333333,0.808168505878516,0.6312638047955749,0.7769407132517182,0.8124993245267146,0.678864688818583,3.8373
adult,size_20000,sample_01,MST_eps1000,20000,20000,0.0003833333333333,0.0015431073266838,1.0,0.0320361111111111,171.44454724416252,6.65986376628961,0.0510422083854432,0.0518527020698069,0.7845366666666667,0.8422638546140616,0.5839169262980963,0.7769407132517182,0.7515591811105917,0.9676114458224082,7.525599999999999
adult,size_20000,sample_01,MST_eps3,20000,20000,0.0030166666666666,0.0112529258715264,1.0,0.0378361111111111,58.02913950274088,3.3615886142967364,0.0160322236062484,0.052448249344166,0.8241033333333333,0.9595846488563694,0.6509437774152592,0.7769407132517182,0.8378294073521918,0.8966770616765185,2.6766
adult,size_20000,sample_01,MST_eps30,20000,20000,0.0005166666666666,0.0019576433003664,1.0,0.0315666666666666,56.304017595816106,2.546496025213732,0.0153249125685701,0.0499221096475185,0.82578,0.9618069921680344,0.6513436274910868,0.7769407132517182,0.8383440541829681,0.8973229693218944,2.6278000000000006
adult,size_20000,sample_01,MST_eps300,20000,20000,0.0004055555555555,0.0019145632556922,1.0,0.0321791666666666,56.07780811177031,3.1109086650907045,0.015334589735478,0.0487910649526793,0.8258633333333333,0.9636454001224276,0.6517491902220277,0.7769407132517182,0.8388660537692575,0.8950402931694187,2.6251999999999995
adult,size_20000,sample_01,RankSwap,20000,20000,0.0,0.0,1.0,0.0,0.1677629955677384,8.843035522282277,0.0051507251601049,0.010827249658044,0.98686,0.8402804345482348,0.7481290140732872,0.7769407132517182,0.9629164764012206,0.503421760003146,0.1007000000000001
adult,size_20000,sample_01,Synthpop,20000,20000,0.0064277777777777,0.0073735848434601,1.0,0.0183027777777777,1.1551292476398438,1.51828866807621,0.0010218722271676,0.0105491232223775,0.9944966666666668,0.9843445864364972,0.779246199355399,0.7769407132517182,1.002967389871661,0.494560540592327,0.2069999999999999
adult,size_20000,sample_01,TVAE,20000,20000,0.0608388888888889,0.0827552382460092,0.8725082806383619,0.1143597222222222,23.97181762246526,32.349797583798775,0.0192636702229219,0.0363946443893651,0.8943866666666669,0.8178275254007598,0.768944653183816,0.7769407132517182,0.9897082749938444,0.6904368238077239,2.5992
adult,size_20000,sample_02,AIM_eps0.3,20000,20000,0.0180666666666666,0.0405570578232653,0.951219512195122,0.0601236111111111,66.60682069240946,27.713035249707065,0.0232675301025369,0.0346969999525178,0.8139666666666668,0.9386664047652964,0.7517685182535556,0.7752444164367173,0.9697180685440644,0.9050589880079596,2.8452
adult,size_20000,sample_01,TabDDPM,20000,20000,0.0104722222222222,0.0165906651220809,0.9643738977072308,0.0211138888888888,1.131052869144298,2.132829118301667,0.0022195527287209,0.0129156967888956,0.9903333333333334,0.9811136407055552,0.7781436257571852,0.7769407132517182,1.0015482679499157,0.4879672746340422,0.3322999999999999
adult,size_20000,sample_02,AIM_eps1,20000,20000,0.0116166666666666,0.0336171783420394,0.9334349593495934,0.0446152777777777,23.35723523548352,20.96390771386243,0.0228168818739576,0.0367916377280061,0.8029433333333335,0.8094610734956186,0.7644720018304065,0.7752444164367173,0.9861044923684392,0.6994678441176364,3.943300000000001
adult,size_20000,sample_02,AIM_eps10,20000,20000,0.0015333333333333,0.006558288836678,0.9972899728997292,0.0126930555555555,57.90836537366949,3.841315630706807,0.0158841655685946,0.032761566540056,0.8257766666666667,0.9788898881042816,0.7668086037230502,0.7752444164367173,0.9891185120025078,0.9000060805153823,2.5451
adult,size_20000,sample_02,AIM_eps3,20000,20000,0.0039111111111111,0.0147201238910121,0.9810298102981028,0.0201222222222222,57.31669230441449,5.573532233677075,0.0163573042626447,0.0357351143867549,0.8242933333333332,0.972688920400946,0.766551071022157,0.7752444164367173,0.9887863165098352,0.8994432118764975,2.5841000000000003
adult,size_20000,sample_02,CellSuppression,20000,10860,0.0831530182115816,0.1028569713688908,0.7816546221017765,0.1399695083896051,6.1540716772770345,11.701036500395086,0.0151272563608761,0.0243579796367406,0.9358105340699816,0.8572074169592102,0.7805850410454118,0.7752444164367173,1.0068889557857803,0.613073007521464,2.03085985267035
adult,size_20000,sample_02,ARF,20000,20000,0.0846222222222222,0.0848658661852578,0.9876543209876544,0.1697444444444444,20.772570607648024,1.065993060897498,0.0110634121430539,0.0140560651290911,0.9034433333333334,0.8441664715383983,0.760235296382406,0.7752444164367173,0.9806394991899944,0.5878063456580148,2.2834
adult,size_20000,sample_02,CTGAN,20000,20000,0.1101722222222222,0.1018056334412459,1.0,0.1817402777777778,44.82492237683128,29.755937458154254,0.0197003189008487,0.0352196783842472,0.8490166666666666,0.8115690705916015,0.753753035185929,0.7752444164367173,0.972277928234817,0.6856961211405123,2.7033
adult,size_20000,sample_02,MST_eps0.1,20000,20000,0.0552722222222222,0.0835193418396209,1.0,0.1309277777777778,36.02819575900024,52.47562516482124,0.0237605031906143,0.0956773415817971,0.9127633333333331,0.7431573327441574,0.436254558414867,0.7752444164367173,0.562731635480544,0.6533266824864938,3.9546
adult,size_20000,sample_02,MST_eps0.3,20000,20000,0.0192944444444444,0.0407210155564798,1.0,0.0735527777777777,51.52745278877767,26.33428019698994,0.0218401531069624,0.0589995618254865,0.8142,0.9286986027267508,0.593380344882079,0.7752444164367173,0.7654106656232528,0.9010887307148598,2.8857
adult,size_20000,sample_02,MST_eps10,20000,20000,0.001,0.0039221608978705,1.0,0.0386819444444444,134.4024399387439,5.020407397709741,0.0421590316270704,0.0571769021329892,0.7906966666666667,0.8188149831809768,0.5801642159393883,0.7752444164367173,0.7483629724560685,0.9649960222359506,7.1991000000000005
adult,size_20000,sample_02,MST_eps100,20000,20000,0.0003722222222222,0.0017309898092898,1.0,0.037325,134.55083582390682,4.55822347055993,0.0403349543522146,0.0551787645800548,0.7996800000000001,0.8541400882442817,0.5785966372200977,0.7752444164367173,0.7463409279422963,0.9650909971597996,7.0600000000000005
adult,size_20000,sample_02,MST_eps1,20000,20000,0.0082555555555555,0.0192599481920999,1.0,0.0485458333333333,24.07140571352135,16.690787533119458,0.0224327896293666,0.0547757939809397,0.8051300000000001,0.807761252810885,0.6420542946183512,0.7752444164367173,0.8281959610707393,0.7399872233051368,3.872300000000001
adult,size_20000,sample_02,MST_eps1000,20000,20000,0.0003499999999999,0.0010879986439136,1.0,0.0376,176.05082509256775,6.377810490079162,0.0510066213268886,0.0549146749579055,0.7855899999999998,0.838611808931578,0.5808335748177736,0.7752444164367173,0.7492263890303866,0.9655791218584424,7.258800000000001
adult,size_20000,sample_02,MST_eps3,20000,20000,0.0028611111111111,0.0094697977995206,1.0,0.0409374999999999,57.897029588732366,3.240228202628014,0.0158696597025195,0.0511409822775393,0.8247133333333333,0.956874215551604,0.6513728272147212,0.7752444164367173,0.8402160832381446,0.8995069494194095,2.5598000000000005
adult,size_20000,sample_02,MST_eps30,20000,20000,0.0005277777777777,0.0012870988513803,1.0,0.0376847222222222,57.0725301830926,2.888783268739829,0.0153492961326586,0.0507291905493694,0.8263333333333335,0.9600960101988546,0.6525702643090353,0.7752444164367173,0.8417606762320076,0.9004232806038975,2.5217000000000005
adult,size_20000,sample_02,RankSwap,20000,20000,0.0,0.0,1.0,0.0,0.1890995023828942,9.446214010840857,0.0054108697886867,0.0122761923495812,0.9866100000000002,0.841255033879792,0.7567057964843988,0.7752444164367173,0.9760867416044906,0.5063649827379368,0.1016
adult,size_20000,sample_02,MST_eps300,20000,20000,0.0004222222222222,0.0013738144771962,1.0,0.0375777777777777,57.0569969217269,3.0333265879971942,0.015360283147633,0.0510671569178769,0.8263366666666666,0.9600771078391992,0.6520796450564567,0.7752444164367173,0.8411278187200885,0.8994595945499889,2.518100000000001
adult,size_20000,sample_02,Synthpop,20000,20000,0.0055055555555555,0.0072297073887007,1.0,0.0166125,2.551940626327613,1.3846522650798896,0.001366024686284,0.0080965940887921,0.99447,0.9853892908984196,0.7721823516891899,0.7752444164367173,0.996050194258468,0.4994113563953419,0.1922999999999999
adult,size_20000,sample_02,TVAE,20000,20000,0.0735944444444444,0.0909442690258546,0.8340258958145137,0.1263222222222222,21.39133870165149,33.64203287700265,0.0178538859907452,0.0499915808442788,0.8971300000000002,0.802176791844456,0.7487540130993237,0.7752444164367173,0.9658296108010228,0.651494164999522,2.8692
adult,size_20000,sample_02,TabDDPM,20000,20000,0.0108555555555555,0.0179991304451838,0.9643738977072308,0.021525,1.295993854383394,2.354229815118534,0.0023380942304635,0.0112221797416989,0.99002,0.977578415732736,0.7766203476865268,0.7752444164367173,1.0017748352912443,0.5080288431403494,0.3389
adult,size_20000,sample_03,AIM_eps0.3,20000,20000,0.0204666666666666,0.0413879625517529,0.9048291177356218,0.0669291666666666,66.49594786059365,27.245601408072705,0.0232307985749591,0.0421584997331744,0.8114566666666667,0.9313582024000112,0.740297363176946,0.7768509970785716,0.952946402676467,0.9042587079659526,2.9101999999999992
adult,size_20000,sample_03,AIM_eps1,20000,20000,0.0131444444444444,0.0334217054266257,0.9442750677506776,0.0430486111111111,21.74288208868092,21.099465526525144,0.0227609481570377,0.0419359468725398,0.8012800000000001,0.8088698133186281,0.7656539756239631,0.7768509970785716,0.9855866548472296,0.677009734501938,3.9247
adult,size_20000,sample_03,AIM_eps10,20000,20000,0.003411111111111,0.0069826914759289,1.0,0.0137777777777777,58.48717303764403,4.616836344150385,0.0159731227484952,0.0335497566996644,0.8240233333333333,0.975621684045262,0.7646928091328,0.7768509970785716,0.9843493950707038,0.9073631034210784,2.5524999999999998
adult,size_20000,sample_03,AIM_eps3,20000,20000,0.0042166666666666,0.0127253914265902,0.989159891598916,0.0198666666666666,59.20225735195356,3.999159059850789,0.0161992502212898,0.0327933824161262,0.8235666666666668,0.9711738060178956,0.7620870628021044,0.7768509970785716,0.980995152957146,0.9084541144318066,2.5564
adult,size_20000,sample_03,CellSuppression,20000,11021,0.0820254599804413,0.1021878632648038,0.7720001505570612,0.1375366884180705,7.272636688134468,13.378098821904713,0.0154301084897696,0.025018946047839,0.9365469304055896,0.8567388969258263,0.7796816190222188,0.7768509970785716,1.003643712698996,0.6218865627868532,2.060463741947192
adult,size_20000,sample_03,CTGAN,20000,20000,0.0816388888888888,0.0812095444294879,1.0,0.1354458333333333,20.22895284891839,20.828129580528245,0.0145701911727552,0.0386369290795486,0.8968466666666668,0.8548468860181274,0.7661232764078441,0.7768509970785716,0.986190761407671,0.6124330102887654,2.5326
adult,size_20000,sample_03,MST_eps0.1,20000,20000,0.0562166666666666,0.0942556004639244,1.0,0.1301486111111111,35.85442168122495,53.40640090766178,0.0235263447107298,0.0729803112909542,0.9128566666666666,0.7374909301458843,0.472981728783531,0.7768509970785716,0.6088448499150328,0.6285400971749459,4.028300000000001
adult,size_20000,sample_03,ARF,20000,20000,0.0863999999999999,0.0852878209506064,1.0,0.1720902777777778,19.39581961559957,1.3779997714237548,0.0115940284243914,0.0159759128783581,0.90181,0.8613064824134504,0.7616206149519213,0.7768509970785716,0.9803947188302968,0.5846539839634503,2.4085
adult,size_20000,sample_03,MST_eps10,20000,20000,0.0012277777777777,0.0040976213188589,1.0,0.0383986111111111,138.83324015753217,5.062771475869752,0.0420197430974021,0.0594750427416142,0.7907866666666667,0.8192417826613132,0.5818669584487741,0.7768509970785716,0.7490071591103624,0.96645242922564,7.483599999999999
adult,size_20000,sample_03,MST_eps1,20000,20000,0.0093555555555555,0.0210458591715577,0.9841269841269842,0.0537124999999999,21.435300504534396,20.624915435988523,0.0221337757670375,0.0613958853510385,0.8050566666666668,0.806282198665402,0.6302644372286157,0.7768509970785716,0.8113067235771847,0.6830752034048899,3.8624
adult,size_20000,sample_03,MST_eps0.3,20000,20000,0.0171277777777777,0.0346464829018221,1.0,0.0656166666666666,67.99344073376994,18.72213707931235,0.0231326972304312,0.0696755160836893,0.8118933333333335,0.9329236536130698,0.5975567916967539,0.7768509970785716,0.7692038677519981,0.908453295143782,2.7784000000000004
adult,size_20000,sample_03,MST_eps100,20000,20000,0.0004,0.0012838260824539,1.0,0.0381069444444444,139.087229663091,5.385330647413573,0.0431533615192054,0.0534988321020823,0.7863866666666666,0.8426243691355656,0.5826421247314713,0.7768509970785716,0.7500049904647823,0.966455530805733,7.529100000000001
adult,size_20000,sample_03,MST_eps1000,20000,20000,0.0003777777777777,0.0009987010559827,1.0,0.0369916666666666,177.94729433047613,6.631980411770179,0.0508965957306694,0.053852986451196,0.7852466666666669,0.8369290723963432,0.5845670187934731,0.7768509970785716,0.752482806762879,0.9700348993941068,7.5237
adult,size_20000,sample_03,MST_eps3,20000,20000,0.0023222222222222,0.0075535183431421,1.0,0.0392277777777777,58.75261054906662,3.632839774312752,0.0157371427905956,0.0555421811870429,0.8249166666666666,0.9583393680104494,0.6483372825555315,0.7768509970785716,0.8345709600814232,0.9096092652584588,2.5182000000000007
adult,size_20000,sample_03,MST_eps30,20000,20000,0.0005277777777777,0.0017622071839425,1.0,0.0369222222222222,58.05206263476703,2.990057792713735,0.0153628438488284,0.0524647314578477,0.8260266666666667,0.960706804895868,0.6485906515217079,0.7768509970785716,0.8348971088114842,0.9088484295626352,2.487600000000001
adult,size_20000,sample_03,RankSwap,20000,20000,0.0,0.0,1.0,0.0,0.1911122832350397,9.178748932764968,0.0051811998103364,0.011998560395253,0.98655,0.8419986742574815,0.7517652901294334,0.7768509970785716,0.9677084702983628,0.5040676335610209,0.1037
adult,size_20000,sample_03,MST_eps300,20000,20000,0.0004055555555555,0.0011765489913663,1.0,0.0363444444444444,58.23273388425644,3.192051762170969,0.015349203698404,0.0513258749264509,0.8261133333333334,0.9612076756004916,0.6477561987869291,0.7768509970785716,0.8338229610819847,0.9079787928365478,2.484
adult,size_20000,sample_03,Synthpop,20000,20000,0.0073444444444444,0.007795992036321,1.0,0.0199875,1.6492827397842331,1.0056088938634091,0.0013577948709806,0.0065187869962344,0.99335,0.9839634199764594,0.76485134712501,0.7768509970785716,0.9845534728060557,0.5021762982597846,0.2172999999999998
adult,size_20000,sample_03,TabDDPM,20000,20000,0.0106555555555555,0.0160371761545356,0.980246913580247,0.0212263888888888,1.3023799385567727,2.077650334073423,0.0023716031076031,0.0125304015789562,0.9901833333333332,0.9817825903634078,0.7750443438914028,0.7768509970785716,0.9976743889192,0.5040791633578668,0.3081
adult,size_20000,sample_04,AIM_eps0.3,20000,20000,0.0173888888888888,0.0361653556865577,0.9152062631737428,0.0634222222222222,48.73654298606611,13.711287448866935,0.0191649281287193,0.0408601638160849,0.8177199999999999,0.9347442740131368,0.7470060182423024,0.7777675611912128,0.96044892512894,0.8993780702345434,2.7805
adult,size_20000,sample_03,TVAE,20000,20000,0.0680333333333333,0.0911791878636654,0.8235729341420398,0.1257388888888888,18.890380310093597,29.907007080088903,0.0205068176399706,0.0353843201637686,0.8905933333333336,0.8349006437978261,0.7434897595739591,0.7768509970785716,0.9570558089958352,0.7475249111902523,3.0365
adult,size_20000,sample_04,AIM_eps1,20000,20000,0.0131611111111111,0.0296315269285196,0.943089430894309,0.0416944444444444,23.105000416331592,22.14839598579449,0.0233373900899922,0.0469603655902957,0.8026066666666668,0.8131166405530743,0.749952554397493,0.7777675611912128,0.9642373785202064,0.6991980242895424,4.0324
adult,size_20000,sample_04,AIM_eps10,20000,20000,0.0016722222222222,0.0060874164195214,0.9918699186991868,0.0117527777777777,132.71132036968467,6.347623524456722,0.0430814322216832,0.0330858947293255,0.79077,0.8338419599002863,0.7475442019295644,0.7777675611912128,0.961140884673214,0.9666599605468654,7.258100000000001
adult,size_20000,sample_04,AIM_eps3,20000,20000,0.0044944444444444,0.014971987201753,0.986449864498645,0.0226166666666666,58.15470340062775,4.51064364502352,0.016420427746941,0.0338257566048382,0.8258833333333334,0.9723333983377498,0.7731152906842461,0.7777675611912128,0.9940184306488132,0.896471200620343,2.5095
adult,size_20000,sample_04,ARF,20000,20000,0.0895944444444444,0.0887189173930812,1.0,0.1784527777777777,22.07531023334456,1.9737339417274304,0.0115354206659858,0.0144408158696511,0.8975133333333335,0.8483723226759771,0.7598035944698465,0.7777675611912128,0.976903167841632,0.5824768236701398,2.3665
adult,size_20000,sample_04,CTGAN,20000,20000,0.0785166666666666,0.0764776056536373,1.0,0.1376611111111111,17.94389789820476,16.448050098650096,0.0157045398142714,0.034665445629016,0.88766,0.853165325312213,0.7471204035809057,0.7777675611912128,0.9605959939246782,0.6020860710043779,2.39
adult,size_20000,sample_04,CellSuppression,20000,11108,0.0812505801624454,0.1003496932285326,0.7816546221017765,0.136075715200256,5.702109597080723,11.550359486038223,0.0148160936868307,0.0219539892822796,0.9370063929900372,0.8424513585685934,0.7847326017137022,0.7777675611912128,1.0089551696022476,0.614818054716812,2.0092140439323014
adult,size_20000,sample_04,MST_eps0.3,20000,20000,0.0181611111111111,0.0403818364579935,1.0,0.0660847222222222,60.79625518556115,19.088937289264305,0.0211156283072409,0.0586287388539701,0.8151199999999998,0.9323560424628118,0.5982028229036127,0.7777675611912128,0.769128018029583,0.8973423020514745,2.732000000000001
adult,size_20000,sample_04,MST_eps0.1,20000,20000,0.0532888888888888,0.0859948291063202,1.0,0.1280555555555555,35.10819245465557,54.11307075826007,0.0240864898290765,0.0740810021545694,0.9146700000000002,0.7402884998461021,0.6598415384890068,0.7777675611912128,0.8483788362085573,0.615611439629112,3.9658
adult,size_20000,sample_04,MST_eps10,20000,20000,0.0011777777777777,0.0043145175642202,1.0,0.0373805555555555,132.8481661977021,5.043435132167748,0.0423554050221932,0.0533834224810696,0.79084,0.823415946013257,0.5812358165506346,0.7777675611912128,0.74731300902508,0.9674218370747202,7.255300000000001
adult,size_20000,sample_04,MST_eps30,20000,20000,0.0004999999999999,0.0011905226478781,1.0,0.0368638888888888,55.90244005467858,2.5770348765854263,0.0152922074123014,0.0507608530247229,0.8284166666666667,0.960640891450615,0.650282630265492,0.7777675611912128,0.8360886499122226,0.8967839278867243,2.4336
adult,size_20000,sample_04,MST_eps1000,20000,20000,0.0002222222222222,0.0010824699866332,1.0,0.035925,172.55313543758402,6.8062132651918335,0.0514793087911843,0.0553047559598128,0.7850633333333333,0.8405368031457277,0.581078383556016,0.7777675611912128,0.7471105925160176,0.964701410593113,7.296100000000001
adult,size_20000,sample_04,MST_eps100,20000,20000,0.0004333333333333,0.0013332841320232,1.0,0.0367680555555555,132.47635770842516,4.909075504204522,0.040630103101218,0.0524260662644364,0.7995866666666667,0.8598976619334926,0.581129778397209,0.7777675611912128,0.7471766724655434,0.9669253785558276,7.100799999999999
adult,size_20000,sample_04,MST_eps1,20000,20000,0.0082277777777777,0.0196095879496228,1.0,0.0500694444444444,23.54435137555279,18.81519799433485,0.0218759724034747,0.0685469141113238,0.8048466666666666,0.8101566489920482,0.5808743332556286,0.7777675611912128,0.746848238683661,0.7026110864179272,3.9352
adult,size_20000,sample_04,MST_eps3,20000,20000,0.0028166666666666,0.0101728175244881,1.0,0.0402263888888888,57.62930233047359,3.3667220384127874,0.0158058654118373,0.0506766325924255,0.8269366666666668,0.9578278595767314,0.649101640838041,0.7777675611912128,0.8345702149886957,0.896546536346603,2.4758000000000013
adult,size_20000,sample_04,MST_eps300,20000,20000,0.0004111111111111,0.0011831804187229,1.0,0.0365124999999999,55.92021240798264,3.009228011995945,0.0153164224456057,0.0480687285469574,0.8284266666666666,0.961016519389503,0.6507895781370467,0.7777675611912128,0.8367404485944834,0.8964331854292027,2.432500000000001
adult,size_20000,sample_04,RankSwap,20000,20000,0.0,0.0,1.0,0.0,0.1712376855426217,9.069816228540631,0.0053940103400451,0.012106406658992,0.9867133333333334,0.8436081138100721,0.752948067904563,0.7777675611912128,0.9680888036196242,0.5050735722041969,0.0974000000000001
adult,size_20000,sample_04,Synthpop,20000,20000,0.0051111111111111,0.0069760915072172,1.0,0.0165944444444444,1.73494500026341,1.5647384413982108,0.0010776055150861,0.0096168186309037,0.9953300000000002,0.9814583224787448,0.776201721931402,0.7777675611912128,0.9979867515209668,0.4932892939696922,0.1724
adult,size_20000,sample_04,TVAE,20000,20000,0.0575055555555555,0.0821775301635666,0.8289929883425818,0.1064722222222222,15.706620191538043,19.776559682452653,0.019604711536999,0.0467594288049086,0.9082433333333332,0.7839938503234587,0.7667495632878355,0.7777675611912128,0.9858338164874276,0.7110230159512684,2.5021000000000004
adult,size_20000,sample_04,TabDDPM,20000,20000,0.0108111111111111,0.0164806662030318,0.9717813051146386,0.0213944444444444,1.846630265932556,1.7369826186415078,0.0021917898359796,0.0092555094019664,0.9901533333333332,0.9809060350427168,0.7764135730312407,0.7777675611912128,0.9982591350843634,0.5019438375813112,0.3340000000000003
nist_arizona_data,size_10000_25feat,sample_00,ARF,10000,10000,0.0679684210526315,0.0650833610131551,0.982456140350877,0.129225730994152,14.843782053319613,7.44647356089431,0.027741562579675,0.0361616838460152,0.928768,0.8667172912371829,0.869143077876512,0.8932404534498884,0.973022520892768,0.5707125376627347,3.2776
nist_arizona_data,size_10000_25feat,sample_00,CellSuppression,10000,9461,0.0068776723279502,0.0118992326968774,0.9675241474472696,0.0122983692981528,1.567450323503966,1.3904981791440516,0.00334962275374,0.0053058874419008,0.9931190258957828,0.9839826522185257,0.9369385728215534,0.8932404534498884,1.048920891455376,0.5192760414669452,0.3429210020082442
nist_arizona_data,size_10000_25feat,sample_00,AIM_eps1,10000,10000,0.0218947368421052,0.0560122518930218,0.8204315396805049,0.0558292397660818,22.5585579320428,27.96176756431228,0.0324726654546542,0.0631098407747167,0.8777359999999998,0.9196245873139656,0.6457062472220212,0.8932404534498884,0.7228806584563826,0.595430994335739,4.0976
nist_arizona_data,size_10000_25feat,sample_00,AIM_eps3,10000,10000,0.0073052631578947,0.0238153838885495,0.931291840428446,0.0255900584795321,177.51152868917893,6.58024158747043,0.0211346961007129,0.0376926185110122,0.8576839999999999,0.9724006845372248,0.86240854372044,0.8932404534498884,0.9654830793803424,0.9902353544870802,2.2521999999999998
nist_arizona_data,size_10000_25feat,sample_00,MST_eps0.1,10000,10000,0.0782578947368421,0.1124314002744157,0.9561403508771928,0.1487029239766082,298.4919783991378,74.26083538953426,0.0935977330629591,0.1394448408451374,0.7785759999999999,0.8309692123122051,0.6447075028038047,0.8932404534498884,0.7217625447231237,0.9131773197934931,5.853399999999999
nist_arizona_data,size_10000_25feat,sample_00,CTGAN,10000,10000,0.0910052631578947,0.1014147077512228,0.99786033008978,0.1494777777777777,50.804723528255465,24.24026920900649,0.0420552278368368,0.062797565268842,0.8934559999999999,0.8298263942016123,0.638003733902318,0.8932404534498884,0.71425754550948,0.6994296221424898,4.885999999999999
nist_arizona_data,size_10000_25feat,sample_00,MST_eps1,10000,10000,0.0143578947368421,0.0330032193958708,1.0,0.044319298245614,179.98773830789415,14.870625966068094,0.0224846565906645,0.0852015818322715,0.851968,0.95403362712086,0.6478616615142362,0.8932404534498884,0.7252936865314648,0.9897421397122846,2.564
nist_arizona_data,size_10000_25feat,sample_00,MST_eps10,10000,10000,0.0025578947368421,0.010174068045459,0.9912280701754388,0.0255134502923976,169.07844585671566,3.354894682377505,0.019496306602645,0.0454445010144098,0.861308,0.9729808874746398,0.6478616615142362,0.8932404534498884,0.7252936865314648,0.9900894617827036,2.0582
nist_arizona_data,size_10000_25feat,sample_00,MST_eps100,10000,10000,0.0012368421052631,0.004628642752124,0.9807617870006988,0.0233637426900584,166.95055877415425,3.366585829707458,0.0190900687527949,0.0415216612313565,0.862312,0.9754226251358828,0.6478616615142362,0.8932404534498884,0.7252936865314648,0.9903134891054242,2.0012
nist_arizona_data,size_10000_25feat,sample_00,MST_eps1000,10000,10000,0.0010631578947368,0.0039352860713279,0.9793595326416142,0.0234204678362573,167.44676791992578,3.049180429385019,0.0191342384422773,0.042295356118475,0.862448,0.9755582827637048,0.6478616615142362,0.8932404534498884,0.7252936865314648,0.990201817732074,1.9938
nist_arizona_data,size_10000_25feat,sample_00,Synthpop,10000,10000,0.0056315789473684,0.009440049074003,0.9904906546243032,0.0321497076023391,2.590235411905006,2.380366323529256,0.0015111003994893,0.0100382235531454,0.99476,0.9619673777445048,0.900833634496778,0.8932404534498884,1.0085007132365231,0.4935494479279963,0.2788000000000002
nist_arizona_data,size_10000_25feat,sample_00,RankSwap,10000,10000,0.0,0.0,1.0,0.0,0.2797767663984347,10.863352358875892,0.0016775113301765,0.0349300921973198,0.996348,0.9515490810284004,0.9400330850781315,0.8932404534498884,1.0523852579025963,0.4533708748737194,0.0068
nist_arizona_data,size_10000_25feat,sample_00,TVAE,10000,10000,0.0786263157894736,0.0994510112522141,0.7046748146393326,0.1379783625730994,18.51487074931244,13.604922685089036,0.0236107153831636,0.0414640512222165,0.91798,0.8600817320527778,0.8391369396993532,0.8932404534498884,0.9394300676424598,0.6190496746232522,4.042599999999999
nist_arizona_data,size_10000_25feat,sample_00,TabDDPM,10000,10000,0.0123526315789473,0.0204618953862621,0.9856593731519812,0.0243567251461988,1.759047666912145,2.5170859625944133,0.0032368214094805,0.0202995542368832,0.987904,0.9754551778107444,0.8969588699428334,0.8932404534498884,1.0041628392200188,0.5061368609055935,0.6254000000000005
nist_arizona_data,size_10000_25feat,sample_01,AIM_eps3,10000,10000,0.0070526315789473,0.0255564652933096,0.9122895630599768,0.0252216374269005,71.44298618023342,5.762201172935777,0.0211801965845437,0.0374063161961803,0.8563719999999999,0.960539508761762,0.8773185575861066,0.8977802698247741,0.9772085519986063,0.8680181450598083,2.4824
nist_arizona_data,size_10000_25feat,sample_01,AIM_eps1,10000,10000,0.0211421052631578,0.0542294431523644,0.7973050675712687,0.0540485380116959,23.83790730993677,26.89203076615754,0.0296479553960694,0.0692506768444906,0.8768680000000001,0.9137660664122208,0.8654023815240349,0.8977802698247741,0.96393562045705,0.5877529365874126,4.2022
nist_arizona_data,size_10000_25feat,sample_01,CellSuppression,10000,9443,0.0077408796267912,0.0120081490958611,0.9720558242837768,0.0137558419151412,1.6520820041112998,1.086855324748494,0.0038454351197956,0.0074384311835905,0.9923968077941332,0.982432796042042,0.93038958425237,0.8977802698247741,1.036322155231066,0.5165480034651534,0.3792144233823997
nist_arizona_data,size_10000_25feat,sample_01,MST_eps0.1,10000,10000,0.063757894736842,0.0944285355614798,0.9126794258373204,0.1318502923976608,215.3798798002536,70.2734121307588,0.1005391120135222,0.1725324041877497,0.789592,0.8437593565619728,0.6271250570562956,0.8977802698247741,0.6985284462854625,0.8855386532153885,5.5042
nist_arizona_data,size_10000_25feat,sample_01,ARF,10000,10000,0.0654736842105263,0.0643264946869646,0.9799043062200956,0.1250116959064327,10.104359355179849,7.644063277621337,0.0268570135042132,0.038110827775099,0.931348,0.8719235626389559,0.8228731058378062,0.8977802698247741,0.9165640339888016,0.5596501691868858,3.1344
nist_arizona_data,size_10000_25feat,sample_01,CTGAN,10000,10000,0.0813105263157894,0.0889159854595481,0.9995034756703078,0.1309730994152046,44.54149879625187,21.139784281189787,0.0323254875723198,0.0434440286393912,0.901516,0.8403112326173484,0.6358845785987909,0.8977802698247741,0.7082853120085523,0.6389833409757223,4.388
nist_arizona_data,size_10000_25feat,sample_01,MST_eps100,10000,10000,0.0012842105263157,0.0046593673367491,0.9904689655306308,0.023766081871345,77.31881641563375,2.913327037194157,0.0194617459328231,0.0433993703974874,0.8610599999999999,0.9633343490733964,0.6475372576963976,0.8977802698247741,0.7212647452707502,0.8654459799656485,2.253399999999999
nist_arizona_data,size_10000_25feat,sample_01,MST_eps1,10000,10000,0.0183473684210526,0.0377684659200169,1.0,0.0516935672514619,90.7566503988449,10.1386592614487,0.0242358490376962,0.0613953094914127,0.847616,0.9369411172627148,0.6475372576963976,0.8977802698247741,0.7212647452707502,0.8696317838182143,2.9526000000000003
nist_arizona_data,size_10000_25feat,sample_01,MST_eps10,10000,10000,0.0028052631578947,0.0099187932798847,1.0,0.0264497076023391,77.75308862846438,3.171057010240292,0.0196229223231029,0.044517033246223,0.8598680000000001,0.9606600741688444,0.6474353339178893,0.8977802698247741,0.7211512166246854,0.8804457260786109,2.3147999999999995
nist_arizona_data,size_10000_25feat,sample_01,MST_eps1000,10000,10000,0.0012421052631578,0.004129433991695,0.9930209938058226,0.0239485380116959,76.65446055713102,3.205178748898672,0.01944636946655,0.040658227661036,0.8610639999999999,0.963213544308474,0.6475372576963976,0.8977802698247741,0.7212647452707502,0.8553237140420008,2.2524
nist_arizona_data,size_10000_25feat,sample_01,MWEMPGM_eps1,10000,10000,0.0903631578947368,0.1180476248076389,0.57175289019957,0.1593713450292397,88.7354525253751,39.407519164738304,0.1932453800272829,,0.7908479999999999,0.7180211811173637,0.6306022174648568,0.8977802698247741,0.702401510246706,0.9810848602805836,6.0978
nist_arizona_data,size_10000_25feat,sample_01,PrivBayes_eps1,10000,10000,0.3484631578947368,0.3063418711689767,1.0,0.5339461988304094,1052.680453351382,136.56702188667808,0.2154415242617093,0.1810634110944195,0.577748,0.4843974147226394,0.6697973965019419,0.8977802698247741,0.7460593855087335,0.9803175436665656,17.1584
nist_arizona_data,size_10000_25feat,sample_01,MWEMPGM_eps1000,10000,10000,0.0935473684210526,0.1238249839850963,0.5170614539916523,0.1653017543859649,90.74431964887162,44.2140102565869,0.1982376648137368,,0.787224,0.655793460383714,0.6353680726653921,0.8977802698247741,0.7077099975906468,0.9838346432960716,6.344600000000002
nist_arizona_data,size_10000_25feat,sample_01,PrivSyn_eps1,10000,10000,0.0346736842105263,0.0554189161991024,0.907628516319294,0.0777894736842105,30.961400585083037,16.871137508006413,0.0158893792561227,0.0728386067230898,0.941124,0.9098157014985896,0.6497936746519667,0.8977802698247741,0.723778074011822,0.6066393693164679,3.684
nist_arizona_data,size_10000_25feat,sample_01,PrivBayes_eps1000,10000,10000,0.0182631578947368,0.034307915308742,0.9985104270109236,0.0561222222222222,112.01835143301832,20.690661947153902,0.0345778603931042,0.1001977282699063,0.8474239999999998,0.9230897234599188,0.5970030932531633,0.8977802698247741,0.6649768470665842,0.8378943418781545,3.0062000000000006
nist_arizona_data,size_10000_25feat,sample_01,RankSwap,10000,10000,0.0,0.0,1.0,0.0,1.7823085638804606,10.41409970599165,0.0023367139867139,0.0340441147892182,0.996356,0.9452302304636028,0.9247010625496048,0.8977802698247741,1.0299859481508615,0.4522312037145315,0.0468
nist_arizona_data,size_10000_25feat,sample_01,PrivSyn_eps1000,10000,10000,0.0077842105263157,0.0127896729789654,0.968653928851898,0.0258222222222222,0.988682766600416,1.9347053212227991,0.0052926766656126,0.0203600474031639,0.96676,0.9579293321482542,0.7395966515170405,0.8977802698247741,0.823805864634352,0.508875822356757,2.4711999999999987
nist_arizona_data,size_10000_25feat,sample_01,PrivateGSD_eps1,10000,10000,0.0221999999999999,0.0449962951750818,0.9988681380871532,0.0530146198830409,99.25412827613935,17.941432629919703,0.0257180280457085,0.1103844872226813,0.84474,0.934030387819433,0.783567430563218,0.8977802698247741,0.8727830815761566,0.8343637793822446,3.1024000000000003
nist_arizona_data,size_10000_25feat,sample_01,PrivateGSD_eps1000,10000,10000,0.0001368421052631,0.0006799272211603,1.0,0.0028777777777777,76.5000419162222,3.5299544047938296,0.0193394151745957,0.0037838236759635,0.8619160000000001,0.9806124044081008,0.8732851569809222,0.8977802698247741,0.972715915280802,0.8613046099784155,2.2094
nist_arizona_data,size_10000_25feat,sample_01,Synthpop,10000,10000,0.0068736842105263,0.0106682388434741,0.96551917612878,0.033391812865497,2.077910694435622,1.2053794429587146,0.0030432327883285,0.0084764932946931,0.99336,0.9693740876676326,0.871064627135007,0.8977802698247741,0.9702425596944722,0.4980803159039133,0.3525999999999998
nist_arizona_data,size_10000_25feat,sample_01,TabDDPM,10000,10000,0.0115263157894736,0.0187714936106778,0.9904306220095694,0.0230935672514619,2.582333270789917,2.914911009467254,0.0035768005969158,0.0207615554485716,0.988552,0.9770776277804524,0.9193951553202822,0.8977802698247741,1.0240759193753717,0.5061859436130659,0.6134
nist_arizona_data,size_10000_25feat,sample_01,TVAE,10000,10000,0.0683105263157894,0.0925946961768313,0.718113758831957,0.1252801169590643,14.705929494078696,11.648916089691834,0.0158799244263078,0.0294318535877825,0.93104,0.853224870326972,0.7783994793826263,0.8977802698247741,0.8670267162897768,0.5807935306246442,3.5214
nist_arizona_data,size_10000_25feat,sample_02,AIM_eps1,10000,10000,0.0202578947368421,0.0530029705306169,0.8287628917035,0.0547695906432748,22.75833785828997,28.57243088848676,0.0308412344663971,0.0617861502475238,0.878968,0.915545346243812,0.6899694716671553,0.9170101134287846,0.7524120633872349,0.57852690205765,5.2756
nist_arizona_data,size_10000_25feat,sample_02,AIM_eps3,10000,10000,0.0064631578947368,0.023407297621908,0.9109440856905848,0.0237152046783625,89.19437904359393,4.002863548941419,0.0194723429335041,0.047183241046356,0.856584,0.9617774189738412,0.8878806742003448,0.9170101134287846,0.9682343314444531,0.8314151023277901,2.5425999999999997
nist_arizona_data,size_10000_25feat,sample_02,CellSuppression,10000,9443,0.0071617734105463,0.0118618441031066,0.961518298215546,0.0129194242710804,1.609950652814354,1.237410742928942,0.0040096065742586,0.0070271833008995,0.9928066495817006,0.9807981805254942,0.9489303986478173,0.9170101134287846,1.0348090873242377,0.5159069728479192,0.3605449115747117
nist_arizona_data,size_10000_25feat,sample_02,ARF,10000,10000,0.0661368421052631,0.0636426529043479,0.9789473684210528,0.1260695906432748,10.809779881437231,5.756369508466851,0.0232870307920372,0.0302749095918445,0.931992,0.8739897939268705,0.9050056121228964,0.9170101134287846,0.986909085048481,0.5548526978299713,3.1024000000000007
nist_arizona_data,size_10000_25feat,sample_02,CTGAN,10000,10000,0.0800947368421052,0.0868392507293325,0.9983604034787036,0.1364450292397661,33.50177747131974,16.27827365307847,0.0357748995286282,0.0436281494157455,0.907408,0.8379766295979397,0.6446089467130491,0.9170101134287846,0.7029463876167109,0.6477990249571751,4.0574
nist_arizona_data,size_10000_25feat,sample_02,MST_eps0.1,10000,10000,0.071578947368421,0.1046159649257661,1.0,0.1422421052631579,234.8657110874941,82.3557902468661,0.1015654927916538,0.1678188871328632,0.7879400000000001,0.8360305278216785,0.6466927690087383,0.9170101134287846,0.705218796900912,0.882732949283223,5.934199999999999
nist_arizona_data,size_10000_25feat,sample_02,MST_eps1,10000,10000,0.0169052631578947,0.0368922309842862,1.0,0.0487233918128655,104.5124833638892,13.264219335726066,0.0218453579131856,0.0543645800694908,0.848512,0.9408698854982628,0.8881946396092433,0.9170101134287846,0.9685767108841852,0.9649594713808544,2.965
nist_arizona_data,size_10000_25feat,sample_02,MST_eps10,10000,10000,0.002878947368421,0.0104485243972799,0.9842105263157894,0.0258157894736842,91.31870696361428,3.8880595342922986,0.0189999602786214,0.0426139193198516,0.8594760000000001,0.9617033186836704,0.6466927690087383,0.9170101134287846,0.705218796900912,0.9024904056429074,2.412599999999999
nist_arizona_data,size_10000_25feat,sample_02,MST_eps100,10000,10000,0.0011736842105263,0.0044359011312923,0.990491932017765,0.0233543859649122,89.33702207443628,3.4102437081650927,0.0186826665546611,0.0389711362658682,0.8607680000000001,0.96443738826002,0.880747475797048,0.9170101134287846,0.9604555749203324,0.8717870111918667,2.347599999999999
nist_arizona_data,size_10000_25feat,sample_02,RankSwap,10000,10000,0.0,0.0,1.0,0.0,3.595208473393948,11.513801308452065,0.0019171212121212,0.0352825947902018,0.996128,0.945136935130245,0.9411563020982652,0.9170101134287846,1.0263314310423064,0.4489873086512213,0.0085999999999999
nist_arizona_data,size_10000_25feat,sample_02,MST_eps1000,10000,10000,0.0012421052631579,0.0045980005454084,0.991362138585702,0.0233748538011695,89.70297732007523,2.623775483998242,0.0187375316128594,0.0434572278345927,0.8607039999999999,0.9641559026374686,0.9008051688160316,0.9170101134287846,0.9823284994639871,0.9181330371561548,2.348799999999999
nist_arizona_data,size_10000_25feat,sample_02,Synthpop,10000,10000,0.0050684210526315,0.0094922947991651,0.989043356450406,0.0326350877192982,2.135387686113308,1.195017851816491,0.0021210245034003,0.0073670228336518,0.994928,0.9643854910958254,0.8890691731428971,0.9170101134287846,0.9695303901520052,0.5066497222804783,0.2734000000000002
nist_arizona_data,size_10000_25feat,sample_03,AIM_eps1,10000,10000,0.0208052631578947,0.0543963260241317,0.7966855105769871,0.0539578947368421,23.897514246081727,30.07819123732702,0.0316185490094699,0.073551626004177,0.8765320000000001,0.9116292093498954,0.648571872463069,0.8936379317005253,0.7257658268335916,0.5836004166708453,5.351000000000001
nist_arizona_data,size_10000_25feat,sample_02,TabDDPM,10000,10000,0.0130105263157894,0.0211067818538366,0.9836321573163678,0.0251807017543859,1.196943280135817,2.1592309384287853,0.0037137310355571,0.0240191872928265,0.987176,0.9715005203176792,0.9228298399906402,0.9170101134287846,1.0063464146970642,0.5042495095309767,0.6646000000000004
nist_arizona_data,size_10000_25feat,sample_03,AIM_eps3,10000,10000,0.0072421052631578,0.0242483856292751,0.9003941951543257,0.0255526315789473,90.52696989605803,17.393958166849508,0.0205033720108699,0.0427882213225668,0.8552040000000001,0.9616139611336026,0.8694328332146523,0.8936379317005253,0.972913975868164,0.9485865312096988,2.5080000000000005
nist_arizona_data,size_10000_25feat,sample_02,TVAE,10000,10000,0.0703736842105263,0.0936110865475297,0.6890751932760626,0.1264871345029239,8.971778945666847,6.225696937995826,0.0134325993517641,0.0427564000341321,0.9284599999999998,0.8584534233324801,0.8199981404551834,0.9170101134287846,0.894208393514565,0.5741899072005489,3.648
nist_arizona_data,size_10000_25feat,sample_03,ARF,10000,10000,0.068278947368421,0.0650403498575687,0.9736842105263158,0.1296736842105263,12.969224141517104,6.391754518482351,0.0276992137480064,0.0394234428169532,0.92854,0.8696987472629096,0.8574592286082185,0.8936379317005253,0.9595152556702544,0.5634982773063213,3.2806000000000006
nist_arizona_data,size_10000_25feat,sample_03,MST_eps1,10000,10000,0.0172947368421052,0.0356346243180347,1.0,0.0471380116959064,97.99350761138732,22.74425107142313,0.0223445592303905,0.0606199567425041,0.8472719999999999,0.9405115010814374,0.6458538423769938,0.8936379317005253,0.7227242929087739,0.8381436428936331,2.9460000000000006
nist_arizona_data,size_10000_25feat,sample_03,CellSuppression,10000,9459,0.0071269640164477,0.0119888770058252,0.9660611279730984,0.0128027845011619,1.8510078404851704,1.125915806227882,0.0039805856427453,0.0059524178317977,0.9927683383021462,0.9815354470867138,0.9361060438601916,0.8936379317005253,1.0475227276600718,0.5175778444320042,0.3609865524896926
nist_arizona_data,size_10000_25feat,sample_03,MST_eps0.1,10000,10000,0.0680684210526315,0.100812686183883,1.0,0.1407274853801169,86.61904636416952,38.05417279028243,0.0743943113938088,0.1470198831313126,0.7971640000000001,0.8416441695883837,0.6442047372148481,0.8936379317005253,0.7208789088852656,0.8562716045554355,5.2416
nist_arizona_data,size_10000_25feat,sample_03,CTGAN,10000,10000,0.0783631578947368,0.086195482408732,0.9977991268163604,0.1311508771929824,39.97211997930573,24.06850795939934,0.0496461779452689,0.067880382225952,0.902396,0.8280319904443513,0.63947194385126,0.8936379317005253,0.7155828116682951,0.6397949697345695,4.4092
nist_arizona_data,size_10000_25feat,sample_03,MST_eps10,10000,10000,0.002778947368421,0.0108296917030793,0.9994216310005783,0.0255602339181286,72.96555642414377,5.593837341383521,0.0185625952809265,0.0478897477116639,0.85858,0.9604644229738752,0.6477401100773433,0.8936379317005253,0.7248350668958954,0.8837979646211713,2.349199999999999
nist_arizona_data,size_10000_25feat,sample_03,MST_eps100,10000,10000,0.0012421052631578,0.0045945286476407,0.9811556631538,0.0230754385964912,71.6401378082237,3.2829144862627926,0.0183213021383,0.0445527933411181,0.85972,0.9626395134998054,0.6478178911150966,0.8936379317005253,0.7249221055443069,0.901778587944554,2.291599999999999
nist_arizona_data,size_10000_25feat,sample_03,MST_eps1000,10000,10000,0.0011105263157894,0.0040730582706479,0.9908670160766108,0.0229216374269005,71.41333634709919,2.8754959516577387,0.0182498994602307,0.0429479242339533,0.8598160000000001,0.9628959685608178,0.6478178911150966,0.8936379317005253,0.7249221055443069,0.9006166214266975,2.287399999999999
nist_arizona_data,size_10000_25feat,sample_03,RankSwap,10000,10000,0.0,0.0,1.0,0.0,2.99979724691437,10.94857947789218,0.0019695769230769,0.0340058234976906,0.996368,0.945981187745891,0.9413001629238296,0.8936379317005253,1.0533350582234946,0.4488910861698348,0.043
nist_arizona_data,size_10000_25feat,sample_03,Synthpop,10000,10000,0.005378947368421,0.0097571370096483,0.977786663732169,0.0321923976608187,1.0737697643025823,0.8632429414074759,0.0012646524061749,0.0103580897696412,0.994936,0.965449047755759,0.8730382648914468,0.8936379317005253,0.9769485311936414,0.5006599089367959,0.2767999999999996
nist_arizona_data,size_10000_25feat,sample_04,CellSuppression,10000,9426,0.0075201570125185,0.0133582051719964,0.9638080193294164,0.0135559069538901,1.708028750723685,1.1884820252786754,0.0045135554923962,0.0071599533581927,0.9923041604073838,0.9800460443798512,0.953575702960571,0.9023778580165076,1.0567365925300145,0.5201285826604737,0.38162817738171
nist_arizona_data,size_10000_25feat,sample_03,TabDDPM,10000,10000,0.0120947368421052,0.0202026100353664,0.9824289706567304,0.0237315789473684,2.3824795328465145,3.454805134514201,0.0033335192269756,0.0208751741561928,0.98776,0.9763064539794284,0.9196183354726748,0.8936379317005253,1.0290726285754273,0.5044609240868189,0.6357999999999999
nist_arizona_data,size_10000_25feat,sample_03,TVAE,10000,10000,0.0698263157894736,0.0940196169937423,0.6571933577988538,0.1296263157894736,17.650483339285074,12.021700485565727,0.0199975851886995,0.0322322809845076,0.92698,0.8588055263087206,0.8147790328963538,0.8936379317005253,0.9117552018575528,0.6231505694897709,3.6038
nist_arizona_data,size_10000_25feat,sample_04,AIM_eps3,10000,10000,0.0069,0.0257683381249622,0.897474365280563,0.0253479532163742,72.46975188275155,5.480117170607637,0.0217621152529267,0.0372673330116097,0.8561919999999997,0.9602556500080432,0.873592422735582,0.9023778580165076,0.9681004635452736,0.8137142554068003,2.5582000000000003
nist_arizona_data,size_10000_25feat,sample_04,AIM_eps1,10000,10000,0.0202473684210526,0.0543304536430089,0.8209311921067947,0.0544883040935672,22.25754212938733,26.174030334761987,0.0306940945883087,0.0510867927906823,0.8785719999999999,0.905560163513566,0.7331881911313256,0.9023778580165076,0.8125068501366779,0.5866814531112703,3.9378000000000006
nist_arizona_data,size_10000_25feat,sample_04,ARF,10000,10000,0.0674315789473684,0.0639982581348516,0.9763157894736842,0.1281444444444444,11.292132112371709,7.255599946614363,0.0273318683365015,0.0380930823781878,0.930148,0.8664340062738787,0.8751864378942904,0.9023778580165076,0.9698669243957596,0.5624525517454516,3.2172
nist_arizona_data,size_10000_25feat,sample_04,CTGAN,10000,10000,0.0726947368421052,0.0845380308085128,0.9989297470851825,0.1194298245614035,26.2439364607069,16.226356816858797,0.0398476970816581,0.0491261377427798,0.910464,0.8657148465564306,0.6492203170986443,0.9023778580165076,0.7194550611577863,0.6651041372222939,4.334199999999999
nist_arizona_data,size_10000_25feat,sample_04,MST_eps10,10000,10000,0.0026578947368421,0.0094608304601776,0.9994216310005783,0.0255619883040935,71.92873791687009,3.391449778172794,0.0200441221806492,0.0490324216860272,0.8596239999999998,0.9614561894578492,0.6474355456995986,0.9023778580165076,0.7174772074427462,0.9339538832727484,2.3992000000000004
nist_arizona_data,size_10000_25feat,sample_04,MST_eps1,10000,10000,0.0174052631578947,0.0356945240799312,1.0,0.0482,77.38412995343657,9.78868876890488,0.0224909506386122,0.0444983094749397,0.848564,0.9406582089297932,0.679966582061852,0.9023778580165076,0.7535275560518688,0.9385888889197896,2.978800000000001
nist_arizona_data,size_10000_25feat,sample_04,MST_eps0.1,10000,10000,0.0699947368421052,0.0944486598630025,0.923308270676692,0.1348923976608187,135.45389420321106,65.76696770021432,0.0774066805253408,,0.793344,0.7927068362067587,0.6414411224221682,0.9023778580165076,0.7108342881562045,0.806156676738088,5.5958
nist_arizona_data,size_10000_25feat,sample_04,MST_eps100,10000,10000,0.0012157894736842,0.0043273665678923,0.995632503256704,0.0234906432748537,72.415159444328,3.052505362802986,0.0199413765480754,0.0426842089973968,0.8606919999999999,0.9638252281083984,0.6474355456995986,0.9023778580165076,0.7174772074427462,0.894284052855733,2.338999999999999
nist_arizona_data,size_10000_25feat,sample_04,RankSwap,10000,10000,0.0,0.0,1.0,0.0,2.593981965719809,10.28492409249512,0.0025296679417207,0.0343012515066311,0.996264,0.9465898020456672,0.939027209095015,0.9023778580165076,1.0406141957594173,0.4503752141728557,0.0103999999999999
nist_arizona_data,size_10000_25feat,sample_04,MST_eps1000,10000,10000,0.0012736842105263,0.0038396206989786,0.9917724307173398,0.023678947368421,71.77428088877967,3.589964236561041,0.0198990399929639,0.0433109648976977,0.860676,0.9637162258775576,0.6473836521910435,0.9023778580165076,0.7174196999273653,0.953380822596518,2.341999999999999
nist_arizona_data,size_10000_25feat,sample_04,Synthpop,10000,10000,0.0056421052631578,0.0096414678898043,0.9792978582329298,0.0327695906432748,0.7055691637652937,0.5879502576549174,0.0016136446740399,0.0091869834910374,0.994536,0.9683859920793908,0.9071975851748868,0.9023778580165076,1.005341140648596,0.4931245922052515,0.3009999999999997
nist_arizona_data,size_10000_25feat,sample_04,TVAE,10000,10000,0.0690210526315789,0.0926493356876491,0.6969427522796928,0.1275994152046783,4.9935772891617205,5.600848559510147,0.0146490749866219,0.048901957787807,0.9257,0.8570621177219715,0.7881096825451087,0.9023778580165076,0.8733699253105505,0.5867352864958851,3.7412
nist_arizona_data,size_10000_25feat,sample_04,TabDDPM,10000,10000,0.0116684210526315,0.0192449055422289,0.978528050896472,0.0230520467836257,1.3531517188137978,2.54050390933198,0.0035597629622686,0.0225399743053118,0.988368,0.9715738339757004,0.9294826113828708,0.9023778580165076,1.030037032738079,0.5089578250762169,0.5972000000000002
nist_sbo,size_1000,sample_00,CellSuppression,1000,262,0.0347528549618311,0.0492063302019504,0.9525968253968252,,10.648252258792738,26.540864375657847,0.0119371080446355,0.0855117702662976,0.9648703464474456,0.9315203091584624,0.4517543859649123,0.4517542984622646,1.0000001934738594,0.6363870495176848,9.54126717557252
nist_sbo,size_1000,sample_00,MST_eps0.1,1000,1000,0.4973839999999995,0.4036079673011409,0.9992727272727272,,1249.7407841673023,300.5024329631008,0.2721630318768032,0.2921037008135534,0.4944461538461537,0.313977517173039,0.2919230149056715,0.4517542984622646,0.6461986434544932,0.998959857881654,129.358
nist_sbo,size_1000,sample_00,ARF,1000,1000,0.0202479999999999,0.0291382711412875,0.992,,32.482215618762496,11.200725503664655,0.0430686372766942,0.0555312234057949,0.971776923076923,0.9465270535340454,0.4569869216680625,0.4517542984622646,1.0115828961062483,0.6182780215975088,7.449999999999988
nist_sbo,size_1000,sample_00,MST_eps100,1000,1000,0.0026719999999999,0.005600080289561,0.9946666666666666,,46.21167608883555,22.84342926511406,0.0271310827881396,0.1760225374290578,0.9738307692307692,0.9607909227564524,0.455989554999456,0.4517542984622646,1.0093751325680138,0.8162169920185421,121.512
nist_sbo,size_1000,sample_00,CTGAN,1000,1000,0.1351039999999998,0.1525772017525066,0.997777777777778,,12.187532740754392,11.685055911253333,0.0140130719112785,0.3170956511362102,0.8616923076923078,0.8008118690213857,0.4517543859649123,0.4517542984622646,1.0000001934738594,0.7638398499918703,36.24799999999999
nist_sbo,size_1000,sample_00,MST_eps10,1000,1000,0.0174159999999999,0.0332800189937584,1.0,,21.708227125020677,41.77746298093347,0.0289399748126192,0.121181581759403,0.9652923076923076,0.9299530223126062,0.4584255162241888,0.4517542984622646,1.0147673584582495,0.6056918438641479,121.612
nist_sbo,size_1000,sample_00,MST_eps1,1000,1000,0.0674479999999999,0.0939739647626889,0.9346666666666668,,122.46781102001368,55.46775367796324,0.057184948444511,0.3103797449716386,0.9092692307692308,0.8708492666994803,0.4687929258241758,0.4517542984622646,1.037716580265285,0.9544306853831948,124.672
nist_sbo,size_1000,sample_00,MST_eps1000,1000,1000,0.0017839999999999,0.0037216218910433,0.9991111111111112,,394.41949839631513,23.99066096114778,0.0655905232813575,0.1320228569827133,0.9712230769230767,0.9633939040805112,0.4514536478332419,0.4517542984622646,0.9993344817526262,0.9949769769409768,121.996
nist_sbo,size_1000,sample_00,RankSwap,1000,1000,0.0,0.0,1.0,,0.0285211533216683,17.235850195319863,0.0031971992948924,0.0691424350128596,0.9986846153846154,0.9896204278860984,0.5731014874483467,0.4517542984622646,1.1,0.4802360127475662,0.004
nist_sbo,size_1000,sample_00,Synthpop,1000,1000,0.0127919999999999,0.0175524644190682,0.9973333333333332,,5.976937805685428,13.31150859131259,0.0064013053987523,0.0702741176106112,0.9866307692307692,0.9696494489459686,0.4514536478332419,0.4517542984622646,0.9993344817526262,0.4996059068185086,3.615999999999992
nist_sbo,size_1000,sample_00,TabDDPM,1000,1000,0.4470559999999995,0.409265152294981,0.9022978354978354,,37.24057222125362,71.30062859856515,0.1035896968006264,0.3239802904139833,0.5528615384615385,0.345333941389139,0.4622611496349851,0.4517542984622646,1.023257888427756,0.9956997781079348,118.86600000000004
nist_sbo,size_1000,sample_00,TVAE,1000,1000,0.1323359999999998,0.1798120401021072,0.5577056277056276,,54.6912886932123,66.00825371981503,0.0498005679323211,0.1559882670736943,0.8637076923076924,0.767736321844321,0.4517543859649123,0.4517542984622646,1.0000001934738594,0.982289386903582,35.97200000000001
nist_sbo,size_1000,sample_01,ARF,1000,1000,0.0176559999999999,0.0226891217754853,0.9928666666666668,,57.072474517289606,25.42251767176333,0.0444570937257109,0.0746980304035882,0.974646153846154,0.9512615992663068,0.4539946456249119,0.4475108640432149,1.0144885454213737,0.6222225444231881,6.951999999999988
nist_sbo,size_1000,sample_01,CTGAN,1000,1000,0.1146959999999998,0.1390727626437217,0.9959333333333334,,39.5653623053114,45.55560691817612,0.0194426119781144,0.258109515691295,0.8771692307692307,0.8203861004676856,0.4487320837927233,0.4475108640432149,1.0027289162059707,0.8242394180697753,32.27
nist_sbo,size_1000,sample_01,CellSuppression,1000,260,0.0349723076923069,0.0585072411068522,0.9043428571428572,,6.621786294179508,17.67307199301901,0.011848410016835,0.0796902933004932,0.9641278106508876,0.9341816809406492,0.4487320837927233,0.4475108640432149,1.0027289162059707,0.5686996029926848,9.63861538461538
nist_sbo,size_1000,sample_01,MST_eps0.1,1000,1000,0.4931519999999995,0.4056293605608597,0.9888888888888888,,1563.51047168364,275.9824709351659,0.2780447858754208,0.2552406982966738,0.4977230769230769,0.3119479781166985,0.4720028931348321,0.4475108640432149,1.0547294623528496,0.9979891689715288,129.258
nist_sbo,size_1000,sample_01,MST_eps1,1000,1000,0.0786799999999999,0.1062305006337665,0.964,,153.47742859352346,69.70393332671446,0.1234268193434343,,0.8959,0.8316411874337513,0.48237315388936,0.4475108640432149,1.077902666816572,0.9605515587335732,125.836
nist_sbo,size_1000,sample_01,MST_eps10,1000,1000,0.0166319999999999,0.0323973740979028,0.9946666666666668,,25.950610509259253,52.2380689607835,0.0291507564814814,0.0907885435076284,0.9649615384615384,0.9271546878094769,0.4487320837927233,0.4475108640432149,1.0027289162059707,0.587403060034374,121.73
nist_sbo,size_1000,sample_01,MST_eps100,1000,1000,0.0030879999999999,0.0077066812192814,0.9893333333333334,,99.70047637307898,17.918874675700696,0.0288663743602693,0.1919346432168134,0.9713923076923076,0.964592883337378,0.4487320837927233,0.4475108640432149,1.0027289162059707,0.9587240492546996,121.988
nist_sbo,size_1000,sample_01,MST_eps1000,1000,1000,0.0017199999999999,0.0034075226958426,0.999,,264.8008854311735,14.105973013702746,0.0448415344191919,0.1960647091122012,0.9711461538461538,0.9666467115628432,0.4634151910584421,0.4475108640432149,1.0355395325333094,0.97941205127733,122.132
nist_sbo,size_1000,sample_01,RankSwap,1000,1000,0.0,0.0,1.0,,0.0250086891012942,20.78332380328987,0.0038887037052497,0.0614844918668852,0.9987230769230768,0.9892809275540448,0.6279761904761905,0.4475108640432149,1.1,0.4734264888326135,0.012
nist_sbo,size_1000,sample_01,Synthpop,1000,1000,0.0121119999999999,0.0175798011769498,0.9928666666666668,,7.409391053346565,19.3865358076924,0.006907863063973,0.0614401695959797,0.9874384615384616,0.9711730231546832,0.4484280198565913,0.4475108640432149,1.0020494602184291,0.4806612820225235,3.409999999999995
nist_sbo,size_1000,sample_01,TabDDPM,1000,1000,0.4696159999999996,0.4286915371209994,0.8973610389610389,,341.8170603467438,120.93593296919462,0.144420972996633,0.449635718306541,0.5303461538461538,0.3276670031494893,0.4543499036438703,0.4475108640432149,1.0152823988167283,0.9986270098837756,124.42599999999996
nist_sbo,size_1000,sample_01,TVAE,1000,1000,0.1068079999999998,0.153257162798708,0.6065535353535353,,47.19372667426606,60.63410030498749,0.0408239626851851,0.1510375797655774,0.8897461538461539,0.8101065965535089,0.4487320837927233,0.4475108640432149,1.0027289162059707,0.9174249504400016,29.465999999999998
nist_sbo,size_1000,sample_02,ARF,1000,1000,0.0228319999999999,0.0372870545476557,0.9965333333333332,,32.56307601927634,9.960149223441109,0.0383372518785936,0.0763608200553342,0.9702846153846152,0.9457000829934076,0.4649607444024425,0.4511518586069132,1.030608065619209,0.5954789372458538,8.195999999999998
nist_sbo,size_1000,sample_02,CellSuppression,1000,291,0.0333893333333325,0.0532355011125786,0.9272200501253132,,3.563431527647308,21.97654505323124,0.0111456173653926,0.1113277044120136,0.965848215701824,0.9358994867655918,0.4520547945205479,0.4511518586069132,1.0020014010719642,0.6221954561512559,9.271752577319594
nist_sbo,size_1000,sample_02,MST_eps0.1,1000,1000,0.4994319999999995,0.4107074868457183,0.9946666666666668,,1487.298847743748,294.4577343570431,0.2912995246438746,0.221889056720104,0.491,0.3042787781414907,0.5090173332627158,0.4511518586069132,1.1,0.9998621015865806,129.67000000000002
nist_sbo,size_1000,sample_02,CTGAN,1000,1000,0.0736479999999999,0.0931643474161563,0.996368253968254,,20.40477599131944,25.401754233012973,0.0273999541351241,0.2109735892499599,0.9176230769230768,0.8726279227255516,0.4520547945205479,0.4511518586069132,1.0020014010719642,0.7679338092655602,21.512
nist_sbo,size_1000,sample_02,MST_eps10,1000,1000,0.0126479999999999,0.0273891125404183,0.9946666666666668,,140.5562561871202,59.74541818048509,0.0293450925559625,0.1957767662039762,0.9611384615384616,0.9582559470684532,0.4520547945205479,0.4511518586069132,1.0020014010719642,0.9245325687486412,122.786
nist_sbo,size_1000,sample_02,MST_eps1,1000,1000,0.0791999999999999,0.1064167460462102,0.932,,220.81242392384155,100.11788066549694,0.0668907705698005,0.2138798474528622,0.8971461538461538,0.8481973286538742,0.4553246504501054,0.4511518586069132,1.009249195504042,0.9332190257906392,125.97
nist_sbo,size_1000,sample_02,MST_eps100,1000,1000,0.0027599999999999,0.0064029061883675,0.9964444444444444,,102.23438317682655,19.837935236984343,0.0214035304802604,0.0595722905453903,0.9706461538461538,0.9734538030467828,0.4517543859649123,0.4511518586069132,1.001335530922395,0.9286334220429991,122.504
nist_sbo,size_1000,sample_02,MST_eps1000,1000,1000,0.0018559999999999,0.0035685804045605,0.9991111111111112,,92.14374531043796,10.147872264960323,0.0202620382539682,0.062576810261154,0.9715153846153846,0.9749148617708638,0.457319404531383,0.4511518586069132,1.013670664778257,0.930288068003628,122.456
nist_sbo,size_1000,sample_02,RankSwap,1000,1000,0.0,0.0,1.0,,0.013058505329775,19.80100534724424,0.0037831681929181,0.1127566328623105,0.9987384615384616,0.9869553031408096,0.5879413383333472,0.4511518586069132,1.1,0.4909762534468078,0.002
nist_sbo,size_1000,sample_02,Synthpop,1000,1000,0.0134319999999999,0.0232309824483582,0.993777777777778,,3.818358211871282,10.061974953439307,0.0054574147334147,0.0210435644602486,0.986253846153846,0.9675701588762908,0.463850175565824,0.4511518586069132,1.0281464358704109,0.4804075262617637,3.7639999999999945
nist_sbo,size_1000,sample_02,TabDDPM,1000,1000,0.4688639999999995,0.4310134001456357,0.8948724082934609,,56.51744273643543,77.74944573348435,0.0917390756369556,0.376758358162358,0.5318307692307692,0.3315988322253057,0.4505494505494505,0.4511518586069132,0.9986647330697266,0.9953187259655404,123.99200000000005
nist_sbo,size_1000,sample_02,TVAE,1000,1000,0.1028799999999999,0.1477265970428778,0.6470552897395001,,40.84228685116783,53.45880851445508,0.0386944131990232,0.1739503056727222,0.8937846153846154,0.813413744600076,0.4520547945205479,0.4511518586069132,1.0020014010719642,0.930415031384264,28.620000000000022
nist_sbo,size_1000,sample_03,ARF,1000,1000,0.0165439999999999,0.0211390998600086,0.9973333333333332,,30.117553995726777,12.19681732286069,0.0420673713078315,0.0743642413213646,0.975746153846154,0.9518436706968864,0.4602263509826534,0.4669201555836835,0.9856639200095598,0.6051921263659948,6.757999999999995
nist_sbo,size_1000,sample_03,CTGAN,1000,1000,0.0892239999999999,0.1158601669341152,1.0,,31.724094661612405,32.97726878743643,0.0266665820922912,0.3149917219533656,0.9014076923076924,0.8515062661169033,0.4616719446875442,0.4669201555836835,0.9887599390768328,0.7620419866018757,25.68800000000001
nist_sbo,size_1000,sample_03,CellSuppression,1000,271,0.0381874243542426,0.0613463651153151,0.9375672514619884,,19.86172440030295,25.186415661336877,0.0093963741084357,0.0725777443833618,0.960994294635254,0.9329701387147408,0.4847740302285757,0.4669201555836835,1.0382375323223083,0.6039595906362373,10.315926199261993
nist_sbo,size_1000,sample_03,MST_eps0.1,1000,1000,0.4952719999999995,0.4064961723871208,0.984,,1179.8083454729317,277.19731125763195,0.2727392181064229,0.2953468943590784,0.4968153846153847,0.3115141640462975,0.4910755148741418,0.4669201555836835,1.0517333828844655,0.9987043381156055,129.164
nist_sbo,size_1000,sample_03,MST_eps1,1000,1000,0.0718559999999999,0.0980578824129345,0.9533333333333334,,237.3189486258322,127.65971035884014,0.1304561593772544,0.3168308159261317,0.9046307692307692,0.8497126828766093,0.4508511806699615,0.4669201555836835,0.9655851759275776,0.9528175205469266,125.448
nist_sbo,size_1000,sample_03,MST_eps10,1000,1000,0.0126719999999999,0.0265010409289713,0.9893333333333334,,132.28457597079267,77.20688081886088,0.0328778055994202,0.2348397601194047,0.9623153846153846,0.9567402267381518,0.4508511806699615,0.4669201555836835,0.9655851759275776,0.9393936473021546,121.974
nist_sbo,size_1000,sample_03,MST_eps100,1000,1000,0.0027599999999999,0.0055271153760088,0.9973333333333334,,82.64195264352539,15.624860949182734,0.020692429421894,0.2128690375456339,0.971846153846154,0.9734092611582912,0.4499449944994499,0.4669201555836835,0.9636444026294434,0.9382506078753224,121.492
nist_sbo,size_1000,sample_03,MST_eps1000,1000,1000,0.0021679999999999,0.0042542551323061,0.9973333333333332,,77.66793776808841,11.26187703231962,0.0194339349711588,0.1549133512570759,0.9724153846153846,0.9734774517881593,0.4505494505494505,0.4669201555836835,0.9649389624008364,0.9407136542595356,121.478
nist_sbo,size_1000,sample_03,RankSwap,1000,1000,0.0,0.0,1.0,,0.0172631246982494,15.379343314805269,0.003432163958695,0.0408355524025425,0.998792307692308,0.9870322984183646,0.5842108838915687,0.4669201555836835,1.1,0.46500914609742,0.002
nist_sbo,size_1000,sample_03,Synthpop,1000,1000,0.0132159999999999,0.0187530559561454,0.996,,6.698996353983841,13.456665261588515,0.0028956421708675,0.042973918444654,0.9862307692307692,0.9697941717838732,0.4556571060807011,0.4669201555836835,0.9758779965570544,0.4939428378406278,3.7399999999999927
nist_sbo,size_1000,sample_03,TabDDPM,1000,1000,0.4649439999999995,0.4257768947182129,0.911356102377155,,117.39976241385364,79.74548311678997,0.1194178412808296,0.685467885100838,0.535323076923077,0.3228490948806792,0.5473421926910299,0.4669201555836835,1.1,0.9991904835730696,122.998
nist_sbo,size_1000,sample_03,TVAE,1000,1000,0.1052319999999999,0.15915929321647,0.5370997341839446,,38.50400119826026,52.56182694441704,0.0363574199312901,0.1547226454281348,0.8927076923076922,0.8102717217379677,0.4508511806699615,0.4669201555836835,0.9655851759275776,0.943539725732098,29.063999999999982
nist_sbo,size_1000,sample_04,ARF,1000,1000,0.0186159999999999,0.024747080897777,0.9912,,29.976077269578795,13.250651571812671,0.0391388826912411,0.0833214928720042,0.973623076923077,0.949871006861734,0.4544462629569012,0.467233276863736,0.9726324843771194,0.5898430933495938,7.071999999999993
cdc_diabetes,size_1000,sample_00,AIM_eps0.1,1000,1000,0.2662105263157892,0.254120608608514,0.7321187584345479,0.4432748538011696,305.76790036593115,57.3286315929725,0.4220681238615665,0.1876934084495871,0.6694545454545453,0.4807465795988122,0.4423582740390253,0.5406517571066652,0.8181944627804714,0.9995680257049412,14.497999999999998
nist_sbo,size_1000,sample_04,CTGAN,1000,1000,0.0692319999999999,0.0909453665768105,0.9996,,36.59355638272271,31.63491458522789,0.0289746998423423,0.2471619165879458,0.9184153846153846,0.8758641849036446,0.4553376906318083,0.467233276863736,0.974540370049775,0.8730860205118894,21.182
cdc_diabetes,size_1000,sample_00,AIM_eps0.3,1000,1000,0.1414210526315787,0.1427033209421079,0.8799932523616735,0.2369707602339181,41.47541088770837,48.96851811761916,0.0988364298724954,0.1608597421469042,0.7975909090909089,0.725609135873505,0.5910209813953129,0.5406517571066652,1.0931638961998118,0.9017040633087818,7.236000000000001
cdc_diabetes,size_1000,sample_00,AIM_eps1,1000,1000,0.0525789473684209,0.0644087696250425,0.9192982456140352,0.0986140350877193,63.07318528782256,84.6695415581669,0.0945535519125683,0.1638719203753503,0.9196363636363636,0.8443558100408527,0.4638069705093833,0.5406517571066652,0.8578663887188518,0.792907201135789,4.58
cdc_diabetes,size_1000,sample_00,AIM_eps10,1000,1000,0.0069473684210526,0.0101512785870019,1.0,0.0282339181286549,22.57922522910168,7.341588690978491,0.0430582877959927,0.158440011248785,0.921,0.9445166233035794,0.4707265057052569,0.5406517571066652,0.8706648955277894,0.567257984639438,3.1819999999999995
nist_sbo,size_1000,sample_04,CellSuppression,1000,275,0.0408443636363626,0.0710932508738707,0.8702666666666665,,5.495154983877329,9.599539131143729,0.0084374575552825,0.0845119210174873,0.9589944055944056,0.9295216115828486,0.4553376906318083,0.467233276863736,0.974540370049775,0.6369437369827894,11.060363636363649
nist_sbo,size_1000,sample_04,MST_eps10,1000,1000,0.0126479999999999,0.0256950793757245,0.9973333333333332,,127.44865983954176,40.29764144206162,0.0275524664414414,0.2415932426556179,0.9607846153846156,0.9589901054009208,0.4550408719346049,0.467233276863736,0.9739051013053648,0.9498460536384687,122.108
nist_sbo,size_1000,sample_04,MST_eps0.1,1000,1000,0.4987119999999996,0.4095631453570589,0.9906666666666666,,1512.5051301224428,301.4078741924182,0.2759765007657657,0.2525451534149144,0.4922153846153846,0.3067870333014817,0.4860710128935713,0.467233276863736,1.040317624746787,0.9992327296997237,129.296
nist_sbo,size_1000,sample_04,MST_eps100,1000,1000,0.0027519999999999,0.006195835296731,0.9973333333333332,,97.21509542166304,19.86172300275129,0.0207600703153153,0.234305443585866,0.9703,0.9737156198905272,0.4553376906318083,0.467233276863736,0.974540370049775,0.9465781078411672,121.718
nist_sbo,size_1000,sample_04,MST_eps1,1000,1000,0.0830879999999999,0.1109007793093068,0.9533333333333333,,171.46389041717012,76.88231365681402,0.1198366436486486,0.2598005083291783,0.892023076923077,0.836307334222821,0.4553376906318083,0.467233276863736,0.974540370049775,0.9653028709780072,125.658
cdc_diabetes,size_1000,sample_00,AIM_eps3,1000,1000,0.012578947368421,0.0143639843700298,1.0,0.0385964912280701,4.560288010385913,15.222747304627774,0.0330994535519125,0.1696224968255966,0.9236363636363636,0.9485565638734268,0.4638069705093833,0.5406517571066652,0.8578663887188518,0.4900950653050057,1.7660000000000005
cdc_diabetes,size_1000,sample_00,AIM_eps30,1000,1000,0.0046315789473684,0.0053163364788919,1.0,0.0185146198830409,16.874919885518104,4.102673599262932,0.0282934426229508,0.073714956726327,0.9310454545454546,0.9712399461684436,0.5593043157430847,0.5406517571066652,1.0345001348609129,0.5095609176636312,1.328
nist_sbo,size_1000,sample_04,MST_eps1000,1000,1000,0.0018959999999999,0.0039328838791796,0.9973333333333332,,90.80914781381024,17.381483304220062,0.0200362451801801,0.15979276428199,0.9711230769230768,0.9749313102180788,0.4550408719346049,0.467233276863736,0.9739051013053648,0.9437567163826356,121.676
cdc_diabetes,size_1000,sample_00,ARF,1000,1000,0.0273684210526315,0.0264790129074588,0.9912280701754386,0.0503742690058479,4.43120602726794,14.291087402496874,0.0315014571948998,0.0216696493845086,0.960909090909091,0.9180627511944728,0.4930875576036866,0.5406517571066652,0.9120243318014464,0.5142693222794282,1.6680000000000004
cdc_diabetes,size_1000,sample_00,CTGAN,1000,1000,0.094736842105263,0.077081912071232,0.9912280701754386,0.1589415204678362,15.4620835538973,13.542535760037111,0.0411617486338797,0.2071956653903939,0.8871818181818182,0.8204208073675948,0.4832233478947857,0.5406517571066652,0.8937792977709174,0.8105445990127077,4.742
cdc_diabetes,size_1000,sample_00,MST_eps0.3,1000,1000,0.1259473684210524,0.114769840924966,1.0,0.2140935672514619,63.03152042981616,73.44470956887554,0.1035630236794171,0.1902938431933832,0.8504545454545454,0.7082275291567529,0.3443489811822827,0.5406517571066652,0.636914569484428,0.9463377441205568,6.830000000000002
cdc_diabetes,size_1000,sample_00,MST_eps0.1,1000,1000,0.2664210526315786,0.2173208046357241,1.0,0.4049122807017543,212.3880025285368,58.20496947965007,0.3184134790528233,0.1775579482917197,0.6851818181818182,0.5421630436258114,0.3854890659433802,0.5406517571066652,0.7130080699913942,0.9862779828613926,13.914
cdc_diabetes,size_1000,sample_00,CellSuppression,1000,390,0.0812226720647768,0.0809421503075295,0.9418016194331984,0.137422702054281,27.04222498711929,18.09800080945752,0.0348766148241558,0.0535129416117045,0.9221794871794872,0.8680991778128221,0.6649706457925636,0.5406517571066652,1.1,0.7510990262487268,3.5066153846153845
nist_sbo,size_1000,sample_04,RankSwap,1000,1000,0.0,0.0,1.0,,0.0287381110502612,20.40744121902031,0.0032858673993381,0.0824520040895868,0.998646153846154,0.9907257889063268,0.6780563186813187,0.467233276863736,1.1,0.4881872755854522,0.0
cdc_diabetes,size_1000,sample_00,MST_eps1,1000,1000,0.0595789473684209,0.0602366480399069,1.0,0.1132163742690058,64.84465562211597,84.74800804179762,0.0964888888888888,0.0654380333487053,0.9103181818181816,0.857791527921978,0.4638069705093833,0.5406517571066652,0.8578663887188518,0.8466572072783074,4.808
cdc_diabetes,size_1000,sample_00,MST_eps100,1000,1000,0.0013684210526315,0.0016940600896322,1.0,0.0265029239766081,26.296909442705516,6.843819456858109,0.0498174863387978,0.0777307038469475,0.9150454545454544,0.9038805365551064,0.4638069705093833,0.5406517571066652,0.8578663887188518,0.5250977902431752,3.294
cdc_diabetes,size_1000,sample_00,MST_eps10,1000,1000,0.0064210526315789,0.0079289923791446,1.0,0.0322865497076023,31.48047060086508,1.3895881603794968,0.0455127504553734,0.1144880060910212,0.9219545454545456,0.9442782164106645,0.477726574500768,0.5406517571066652,0.8836123588481302,0.593019814873405,3.1099999999999994
cdc_diabetes,size_1000,sample_00,MST_eps1000,1000,1000,0.0007368421052631,0.0013695215031304,1.0,0.024953216374269,25.873947103257795,10.067746023744832,0.0491187613843351,0.0827668268293227,0.9156363636363636,0.9342461028560868,0.4626544868350349,0.5406517571066652,0.855734732511346,0.5146280228548125,3.2479999999999998
cdc_diabetes,size_1000,sample_00,MST_eps3,1000,1000,0.0166842105263157,0.0212435743210043,1.0,0.0471578947368421,40.537753280659786,18.92855458635353,0.0647185792349726,0.1351931975349299,0.9116363636363636,0.9227758017476088,0.4638069705093833,0.5406517571066652,0.8578663887188518,0.6151079150935295,3.744
cdc_diabetes,size_1000,sample_00,MST_eps30,1000,1000,0.0022105263157894,0.003257529001306,1.0,0.0268771929824561,26.365734781886257,4.693844578667228,0.0408265938069216,0.057293460635038,0.9255,0.9480305619439284,0.4632313472893183,0.5406517571066652,0.8568017048213296,0.5489545577657643,2.9419999999999997
cdc_diabetes,size_1000,sample_00,MST_eps300,1000,1000,0.0011052631578947,0.0020943331384429,1.0,0.0256900584795321,26.36168351038217,10.102361488174449,0.0493721311475409,0.0601020123308226,0.9152727272727272,0.9339647055476352,0.4638069705093833,0.5406517571066652,0.8578663887188518,0.5294156701881793,3.274
cdc_diabetes,size_1000,sample_00,MWEMPGM_eps0.1,1000,1000,0.244473684210526,0.2112972643304624,0.9668016194331984,0.3734561403508772,90.15100334265811,35.74081620368668,0.1783570127504553,0.1806491035014461,0.7029545454545455,0.5890910231374364,0.3474402616889243,0.5406517571066652,0.6426322620017206,0.9873143269683524,11.998
cdc_diabetes,size_1000,sample_00,MWEMPGM_eps1,1000,1000,0.0362105263157894,0.0414569294480969,1.0,0.073625730994152,14.542221471968444,26.565281397632997,0.0478622950819672,0.1792749818950978,0.9025,0.9066713745764388,0.4638069705093833,0.5406517571066652,0.8578663887188518,0.6237345669562316,2.772
cdc_diabetes,size_1000,sample_00,MWEMPGM_eps0.3,1000,1000,0.1199473684210525,0.1214066567444277,0.9271255060728746,0.2122163742690058,49.71898660399783,48.555406404705394,0.1009932604735883,0.21538116114874,0.826409090909091,0.7603719838020645,0.5105587038536227,0.5406517571066652,0.9443393035314978,0.8553460853275637,6.721999999999999
cdc_diabetes,size_1000,sample_00,MWEMPGM_eps10,1000,1000,0.0078421052631578,0.011790942549362,1.0,0.03253216374269,7.700194073867873,26.048403901201077,0.0437967213114754,0.1924900502507844,0.9283181818181816,0.9468972507559472,0.5184169050259764,0.5406517571066652,0.9588739851775058,0.5143418129967553,1.6479999999999997
cdc_diabetes,size_1000,sample_00,MWEMPGM_eps100,1000,1000,0.0046842105263157,0.0071595773183341,1.0,0.0259590643274853,9.284672683669244,27.306966087490466,0.0454027322404371,0.1944333657157482,0.9311818181818182,0.952166017105742,0.5409132193873338,0.5406517571066652,1.000483605531996,0.4842330417306591,1.5259999999999998
cdc_diabetes,size_1000,sample_00,MWEMPGM_eps1000,1000,1000,0.0042105263157894,0.0061043492461939,1.0,0.029251461988304,10.156768662008725,28.76492763376128,0.0466823315118397,0.1507736375911249,0.9315454545454545,0.9398737642580663,0.4769478009066238,0.5406517571066652,0.882171924069618,0.4931008493163462,1.5099999999999998
cdc_diabetes,size_1000,sample_00,MWEMPGM_eps3,1000,1000,0.0207894736842105,0.0293932646525146,0.9736842105263158,0.0522923976608187,8.583389818562525,30.70235116382405,0.0449493624772313,0.1721343675049374,0.9169090909090908,0.9305705560551626,0.463519313304721,0.5406517571066652,0.8573343323612649,0.5771570513168398,2.1379999999999995
cdc_diabetes,size_1000,sample_00,MWEMPGM_eps30,1000,1000,0.0053684210526315,0.0079861585247594,1.0,0.0289707602339181,8.730947510101084,25.74948469018286,0.0447703096539162,0.1817840729289184,0.9305,0.9499278090502452,0.4901804317950082,0.5406517571066652,0.9066472553933376,0.4975495806536428,1.5439999999999996
cdc_diabetes,size_1000,sample_00,MWEMPGM_eps300,1000,1000,0.0046842105263157,0.0068418037448604,1.0,0.0276959064327485,9.068082446867631,27.238193864125,0.0451901639344262,0.1985344558357695,0.9311363636363637,0.950096096607127,0.4676769790485001,0.5406517571066652,0.8650244317429078,0.4863109949603628,1.5239999999999998
cdc_diabetes,size_1000,sample_00,PrivBayes_eps1,1000,1000,0.102157894736842,0.0990330492475946,1.0,0.1758713450292397,120.621342966795,55.92033644566258,0.2011972677595628,0.2283743243452315,0.8303636363636364,0.7562616385865026,0.5490254439844504,0.5406517571066652,1.0154881338424733,0.9291470355828128,6.492
cdc_diabetes,size_1000,sample_00,PrivBayes_eps0.1,1000,1000,0.2618947368421049,0.2213059527688813,1.0,0.4135847953216373,224.0005662214888,65.18251327279431,0.335099635701275,0.1611969902892505,0.6880454545454545,0.5287065130500698,0.3320964749536177,0.5406517571066652,0.6142520957842244,0.994191463586008,13.583999999999998
cdc_diabetes,size_1000,sample_00,PrivBayes_eps0.3,1000,1000,0.1939473684210524,0.1793150725837975,0.9736842105263158,0.3163567251461988,170.4133258544713,63.60536087486158,0.2632459016393443,0.2242075409459925,0.7502727272727273,0.617591725924593,0.4960226653590498,0.5406517571066652,0.9174531641620912,0.980153329499682,10.728
cdc_diabetes,size_1000,sample_00,PrivBayes_eps10,1000,1000,0.0254736842105262,0.0263460073133944,1.0,0.0585847953216374,34.68856573085777,51.860263000218566,0.1006389799635701,0.1705337021307474,0.8990909090909089,0.9028709932762072,0.4620763851533082,0.5406517571066652,0.854665464402955,0.720126880940389,2.3340000000000005
cdc_diabetes,size_1000,sample_00,PrivBayes_eps100,1000,1000,0.0332631578947368,0.0360012977492784,1.0,0.0641871345029239,65.34022664244287,27.26274659527654,0.0942657559198542,0.1660218545578636,0.9046363636363636,0.9078050528924811,0.4858492571874794,0.5406517571066652,0.8986362306444193,0.6582989365802118,3.055999999999999
cdc_diabetes,size_1000,sample_00,PrivBayes_eps1000,1000,1000,0.0155263157894736,0.014916012957243,1.0,0.0364035087719298,9.948078854062448,9.553275567268,0.0257471766848816,0.136026626009609,0.921181818181818,0.9585712556752624,0.5345125681606597,0.5406517571066652,0.9886448365992108,0.4944125762489036,1.7440000000000004
cdc_diabetes,size_1000,sample_00,PrivBayes_eps3,1000,1000,0.0781052631578946,0.0762774806694372,1.0,0.1398362573099415,90.06961797320258,41.33327470373081,0.1372098360655737,0.2068424447745519,0.8595454545454544,0.8220291616140181,0.5145558781922419,0.5406517571066652,0.9517325548903226,0.8151774169018958,5.126000000000001
cdc_diabetes,size_1000,sample_00,PrivBayes_eps30,1000,1000,0.0682631578947367,0.0659718853817655,1.0,0.1230818713450292,77.26995273671044,47.71708782216812,0.1266409836065573,0.0725079814696466,0.8690000000000001,0.8494599048822317,0.5350443700515436,0.5406517571066652,0.9896284677144253,0.7190971878533691,4.406
nist_sbo,size_1000,sample_04,Synthpop,1000,1000,0.0120239999999999,0.0186050650406029,0.9953333333333334,,4.988835350069497,14.85269041650676,0.0039946587612612,0.0596304425496256,0.9875846153846156,0.973406421918575,0.4906207782428631,0.467233276863736,1.0500552987816028,0.4794769864720055,3.491999999999995
cdc_diabetes,size_1000,sample_00,PrivBayes_eps300,1000,1000,0.0178947368421052,0.0195427865177616,1.0,0.0419941520467836,22.40826897874875,13.519302012421957,0.0362508196721311,0.2041018584719845,0.9197272727272724,0.9487222823042945,0.5656755525176578,0.5406517571066652,1.0462844982512969,0.5303424299666051,1.9240000000000008
cdc_diabetes,size_1000,sample_00,PrivSyn_eps0.1,1000,1000,0.3191578947368418,0.2672268010592504,0.8493252361673415,0.5658947368421052,121.12288358585516,48.10707965884646,0.2908845173041894,0.5005842834548934,0.6362727272727272,0.3961910111463968,0.5527838642620372,0.5406517571066652,1.02243978104881,0.9989509028548068,16.16
cdc_diabetes,size_1000,sample_00,PrivSyn_eps1,1000,1000,0.0605789473684209,0.0663023140619882,0.9618758434547908,0.1510643274853801,56.57995225377888,47.10018403568788,0.0940404371584699,0.1465154123159424,0.9203636363636364,0.8128451380152645,0.477726574500768,0.5406517571066652,0.8836123588481302,0.7769015531508563,4.464
cdc_diabetes,size_1000,sample_00,PrivSyn_eps0.3,1000,1000,0.165736842105263,0.1605248680107689,0.8828609986504724,0.3154678362573099,49.675409800729646,46.10809481896621,0.1298182149362477,0.1996759995367257,0.8170454545454544,0.6422618441588525,0.4638069705093833,0.5406517571066652,0.8578663887188518,0.9280958504313596,8.946000000000002
cdc_diabetes,size_1000,sample_00,PrivSyn_eps10,1000,1000,0.0303684210526315,0.0277027757183556,1.0,0.0716023391812865,4.962275779466015,3.4330595387841085,0.0157555555555555,0.0950559995476977,0.9634545454545452,0.9039541818211188,0.5388068420567165,0.5406517571066652,0.996587609074868,0.5303356529462876,2.446
cdc_diabetes,size_1000,sample_00,PrivSyn_eps100,1000,1000,0.0279473684210525,0.0264812951191715,0.9912280701754386,0.0706549707602339,17.265763938364636,22.053886942948644,0.02831985428051,0.2156985866026698,0.963909090909091,0.915023602251498,0.4887581173245733,0.5406517571066652,0.9040165149000792,0.5644775973038367,2.2660000000000005
cdc_diabetes,size_1000,sample_00,PrivSyn_eps1000,1000,1000,0.0252105263157894,0.0235679497170915,1.0,0.0643274853801169,13.438676348731896,12.778459696889314,0.0229785063752276,0.1215289255424749,0.9635,0.912202193124183,0.5157482024239307,0.5406517571066652,0.953937900967156,0.5000127395381931,2.198
cdc_diabetes,size_1000,sample_00,PrivSyn_eps3,1000,1000,0.032157894736842,0.0354837946501618,0.9831309041835358,0.091438596491228,3.3764611272145286,6.586822570204943,0.0147814207650273,0.1359872173073071,0.961818181818182,0.8849741089785241,0.4980946184589646,0.5406517571066652,0.9212854888929304,0.5575669355856729,2.4120000000000004
cdc_diabetes,size_1000,sample_00,PrivSyn_eps30,1000,1000,0.0167368421052631,0.0179183100079275,1.0,0.0550116959064327,7.544641895747656,9.963784636921735,0.0228668488160291,0.0645212073717477,0.973318181818182,0.8932823298222613,0.491139846743295,0.5406517571066652,0.9084218079320064,0.5061515274422793,1.982
cdc_diabetes,size_1000,sample_00,PrivSyn_eps300,1000,1000,0.021578947368421,0.020002105238569,0.9912280701754386,0.0644093567251462,10.147787632184247,5.168849510782458,0.0192918032786885,0.0682312639540579,0.9663181818181816,0.9016694939570082,0.4819333372249139,0.5406517571066652,0.8913932689590685,0.5061171923393427,2.118
cdc_diabetes,size_1000,sample_00,PrivateGSD_eps0.1,1000,1000,0.2123157894736839,0.183370346581262,1.0,0.3328245614035087,187.72635815218533,64.43212162650882,0.2922693989071038,0.2575971804736277,0.7345909090909092,0.5980718797804744,0.5180965231711763,0.5406517571066652,0.9582814006708812,0.96369772516578,11.702
cdc_diabetes,size_1000,sample_00,PrivateGSD_eps0.3,1000,1000,0.1221578947368419,0.118653900844758,1.0,0.2116432748538012,96.8431574783931,54.47763152306708,0.1503850637522768,0.0335327548729094,0.8230454545454545,0.7596220816783145,0.571830985915493,0.5406517571066652,1.0576697075210086,0.8202209960225461,6.926
cdc_diabetes,size_1000,sample_00,PrivateGSD_eps1,1000,1000,0.0392105263157894,0.0446963637789286,1.0,0.0900292397660818,34.87315405500265,33.484947167481735,0.0635542805100182,0.1409788070008402,0.8987272727272728,0.894803167919908,0.5644599303135889,0.5406517571066652,1.044036059791854,0.6294415200656772,2.9619999999999997
cdc_diabetes,size_1000,sample_00,PrivateGSD_eps10,1000,1000,0.0059473684210526,0.0083320303092288,1.0,0.0261520467836257,13.672506775609374,11.316220130457044,0.0264291438979963,0.0641740771957632,0.9301363636363637,0.965063804693534,0.5038234779055514,0.5406517571066652,0.9318816986901308,0.4652986589653796,1.37
cdc_diabetes,size_1000,sample_00,PrivateGSD_eps100,1000,1000,0.0007894736842105,0.0014997611356176,1.0,0.0069766081871345,10.800636618324209,5.727704710375735,0.0218014571948998,0.0176912204891139,0.9346363636363636,0.984989018048772,0.5451273106279034,0.5406517571066652,1.0082780706093726,0.4678936997453118,1.154
cdc_diabetes,size_1000,sample_00,PrivateGSD_eps1000,1000,1000,0.0004210526315789,0.0006741145319254,1.0,0.0035964912280701,10.21268408788306,4.3738047861710125,0.0210245901639344,0.0234816134962468,0.9349090909090908,0.9880120241547864,0.5514354066985646,0.5406517571066652,1.0199456477263928,0.4607483533235632,1.138
cdc_diabetes,size_1000,sample_00,PrivateGSD_eps3,1000,1000,0.0164210526315789,0.020747798476033,1.0,0.0511754385964912,19.199127243134235,24.400032064274217,0.0394293260473588,0.1293165450007882,0.9205909090909092,0.9372079012229384,0.5710371819960861,0.5406517571066652,1.056201472360712,0.5566253797628885,1.8340000000000003
cdc_diabetes,size_1000,sample_00,PrivateGSD_eps30,1000,1000,0.0018421052631578,0.0031696586750375,1.0,0.0129181286549707,11.989217256243109,8.607299062719653,0.0237398907103825,0.0402349499358332,0.9337727272727272,0.9781802925328842,0.5489116181484396,0.5406517571066652,1.0152775993634977,0.4937441712450254,1.2180000000000002
cdc_diabetes,size_1000,sample_00,RankSwap,1000,1000,0.0,0.0,1.0,0.0,0.5359858708641532,2.297329538009952,0.0022712204007285,0.0169244162237511,0.9964090909090908,0.9672320925353436,0.7426259337291707,0.5406517571066652,1.1,0.4879304013153431,0.0
cdc_diabetes,size_1000,sample_00,PrivateGSD_eps300,1000,1000,0.0004736842105263,0.0005534089477471,1.0,0.0037543859649122,10.18933681043568,4.403495422794327,0.0211357012750455,0.0223287754340035,0.9348636363636365,0.9881104192071384,0.5315315315315315,0.5406517571066652,0.9831310533008264,0.4625251026502577,1.142
cdc_diabetes,size_1000,sample_00,Synthpop,1000,1000,0.0137894736842105,0.0138723762428143,0.9912280701754386,0.0298421052631579,5.446066307218639,3.24371245613742,0.0083395264116575,0.0446868752827499,0.9841818181818184,0.9665539813293328,0.6003633060853769,0.5406517571066652,1.1,0.4847521632869855,0.7060000000000002
cdc_diabetes,size_1000,sample_00,TVAE,1000,1000,0.1226315789473683,0.1464393304226098,0.8314777327935223,0.2081871345029239,54.33328841727213,49.65366649892255,0.0783302367941712,0.0801581378336025,0.8584999999999998,0.7409556830876605,0.5170207951256253,0.5406517571066652,0.9562917131664718,0.8836660337307691,6.092
cdc_diabetes,size_1000,sample_00,TabDDPM,1000,1000,0.016578947368421,0.017141895140485,0.9912280701754386,0.0312280701754385,4.217469863056244,7.185403613910103,0.0107204007285974,0.0425336680595656,0.982,0.9648580064844616,0.7441116603663855,0.5406517571066652,1.1,0.4922790973527338,0.8340000000000003
cdc_diabetes,size_1000,sample_01,AIM_eps0.1,1000,1000,0.2515263157894735,0.2400487014277411,0.7677462887989204,0.4158187134502924,266.7805742150856,65.58469336174134,0.4394222222222222,0.2362142150238975,0.6669090909090909,0.5097215527162949,0.4609164420485175,0.5148248646927763,0.8952878416897022,0.9974306632971284,14.997999999999998
cdc_diabetes,size_1000,sample_01,AIM_eps1,1000,1000,0.0485263157894736,0.0540683700785236,0.9520917678812416,0.0944795321637426,61.78930265223602,76.26142780922926,0.0891888888888888,0.2401936663710619,0.9231363636363636,0.8656610800884996,0.4609164420485175,0.5148248646927763,0.8952878416897022,0.767503517975547,4.238
cdc_diabetes,size_1000,sample_01,AIM_eps0.3,1000,1000,0.1436315789473682,0.1575103192994101,0.8011470985155196,0.2450818713450292,101.08152161580917,40.357245379980064,0.1725407407407407,0.2131119450733217,0.7921363636363637,0.6873217839064505,0.4676769790485001,0.5148248646927763,0.908419563683557,0.928376876273875,8.71
cdc_diabetes,size_1000,sample_01,AIM_eps10,1000,1000,0.0069999999999999,0.0087067735552669,1.0,0.0276140350877192,24.023930351462376,10.890368393742548,0.0456962962962963,0.2163261654806004,0.9205909090909088,0.9595130335574852,0.5084754769116319,0.5148248646927763,0.9876668973949032,0.5614492592248791,3.176
cdc_diabetes,size_1000,sample_01,AIM_eps3,1000,1000,0.0152631578947368,0.0173809379747358,1.0,0.0466491228070175,16.81531088687048,19.380084312134095,0.0376629629629629,0.2201328030873472,0.9203181818181818,0.93608571772887,0.4600431965442764,0.5148248646927763,0.8935916425276968,0.5313648510318234,1.502
cdc_diabetes,size_1000,sample_01,AIM_eps30,1000,1000,0.0062105263157894,0.0075167630369083,1.0,0.019766081871345,11.62310196505802,4.36868729103153,0.0239222222222222,0.0745342090373753,0.9285454545454546,0.9634424185560344,0.4978118946839802,0.5148248646927763,0.9669538686410492,0.4800570202109466,1.106
cdc_diabetes,size_1000,sample_01,ARF,1000,1000,0.0283684210526315,0.0268449292145138,0.9912280701754386,0.0537368421052631,3.825106875593685,11.6341240136211,0.0291148148148148,0.050062759984415,0.9612727272727274,0.927298293766335,0.5230994505568318,0.5148248646927763,1.0160726226138788,0.5447281315949385,1.7500000000000002
cdc_diabetes,size_1000,sample_01,CTGAN,1000,1000,0.0648947368421052,0.056745621536658,1.0,0.11253216374269,19.15497378297882,30.756219541087464,0.0520629629629629,0.2190037509091104,0.9215454545454546,0.8635692397127114,0.4609164420485175,0.5148248646927763,0.8952878416897022,0.7093378825949719,3.3899999999999992
cdc_diabetes,size_1000,sample_01,CellSuppression,1000,369,0.0760490657538149,0.0753435662463264,0.9564777327935224,0.1307197102965181,28.41453903461885,25.765775871254064,0.0386479273311251,0.1420051970083503,0.9269881744271988,0.8678331529400376,0.6767463046225278,0.5148248646927763,1.1,0.7405754544769199,3.2733712737127374
cdc_diabetes,size_1000,sample_01,MST_eps0.1,1000,1000,0.2418421052631576,0.2028605378833882,0.9736842105263158,0.3747953216374269,196.38228918095237,46.78208509183347,0.3018185185185185,0.2203663619611606,0.7071818181818181,0.5673958894244946,0.4672890083965399,0.5148248646927763,0.9076659663371732,0.9760816362927456,12.866
cdc_diabetes,size_1000,sample_01,MST_eps0.3,1000,1000,0.1430526315789472,0.1321624527870734,0.9736842105263158,0.2325555555555555,70.8872589346431,73.62043244798161,0.1108851851851852,0.2079339812086684,0.8363636363636363,0.7332774849705064,0.5495227911765871,0.5148248646927763,1.0673975341066269,0.95923063377344,7.374
cdc_diabetes,size_1000,sample_01,MST_eps1,1000,1000,0.0582105263157894,0.0643935210482919,1.0,0.1116842105263157,68.22049640000249,96.93161797378812,0.1167555555555555,0.0878812445198058,0.9128181818181816,0.8531566152953259,0.4582881906825569,0.5148248646927763,0.8901827048835798,0.8225451629903987,4.596
cdc_diabetes,size_1000,sample_01,MST_eps10,1000,1000,0.0056842105263157,0.0083072755788717,1.0,0.0321345029239766,29.0259306526696,6.93175131152526,0.0455999999999999,0.157535168620835,0.9212727272727274,0.9542281266106872,0.5035108872969715,0.5148248646927763,0.9780236381932352,0.5705071023802929,3.1439999999999992
cdc_diabetes,size_1000,sample_01,MST_eps100,1000,1000,0.0014736842105263,0.0018241869147625,1.0,0.0235263157894736,27.048949323001377,5.947943672390469,0.0426407407407407,0.1096852057620919,0.9251363636363636,0.9642487973651812,0.4999562898854794,0.5148248646927763,0.9711191593022966,0.5534687012991665,2.946
cdc_diabetes,size_1000,sample_01,MST_eps1000,1000,1000,0.0010526315789473,0.0012308446135174,1.0,0.0256491228070175,27.22544719709468,4.321987413754563,0.0429592592592592,0.1136923218564492,0.9255909090909092,0.957980352888378,0.4670031435937041,0.5148248646927763,0.9071107002216742,0.5469242776789844,2.936
cdc_diabetes,size_1000,sample_01,MST_eps3,1000,1000,0.0174736842105262,0.021277891398454,1.0,0.057,41.991743157542345,13.541700550302268,0.0664777777777777,0.2180994202730506,0.9095,0.9284842028986598,0.4600431965442764,0.5148248646927763,0.8935916425276968,0.6470766409357694,3.769999999999999
cdc_diabetes,size_1000,sample_01,MST_eps30,1000,1000,0.0027894736842105,0.0033767779922743,1.0,0.0268888888888888,28.01359527611225,6.411900012327874,0.0436259259259259,0.0762910502601182,0.924,0.9608768979420338,0.4909794034551908,0.5148248646927763,0.9536823821685776,0.5498936565811824,3.003999999999999
cdc_diabetes,size_1000,sample_01,MST_eps300,1000,1000,0.0013684210526315,0.0016641570683498,1.0,0.0249181286549707,26.20809451678708,5.846782599362268,0.0429407407407407,0.056741864349282,0.925409090909091,0.9626488623527104,0.4750193655443829,0.5148248646927763,0.9226814748654076,0.5486025757105221,2.951999999999999
cdc_diabetes,size_1000,sample_01,MWEMPGM_eps0.1,1000,1000,0.2024210526315787,0.1811110860143572,0.9365721997300944,0.31546783625731,31.91018175198853,51.60406858594033,0.1298444444444444,0.2384956700088882,0.7419090909090911,0.6672348766016739,0.4609164420485175,0.5148248646927763,0.8952878416897022,0.9729527229122632,9.477999999999996
cdc_diabetes,size_1000,sample_01,MWEMPGM_eps0.3,1000,1000,0.1242105263157893,0.1234541164544551,0.9549595141700404,0.2042222222222222,27.536832493069237,31.18332537310204,0.0870555555555555,0.1455039733710575,0.8229545454545453,0.7742110131599281,0.4609164420485175,0.5148248646927763,0.8952878416897022,0.8306134801792137,6.412000000000001
cdc_diabetes,size_1000,sample_01,MWEMPGM_eps1,1000,1000,0.0436842105263157,0.0483302093367677,0.9894736842105264,0.0870818713450292,25.70318745520085,47.9941469326554,0.0854925925925926,0.2028929985453021,0.8917272727272728,0.8867387900527361,0.4609164420485175,0.5148248646927763,0.8952878416897022,0.658695675769636,2.946
cdc_diabetes,size_1000,sample_01,MWEMPGM_eps10,1000,1000,0.0079999999999999,0.0104564493519573,1.0,0.030953216374269,10.911825751510197,29.4926414489529,0.0484148148148148,0.205286707882899,0.9262727272727272,0.946770865533228,0.4609164420485175,0.5148248646927763,0.8952878416897022,0.4843740901535223,1.414
cdc_diabetes,size_1000,sample_01,MWEMPGM_eps100,1000,1000,0.0038947368421052,0.0044640126045794,1.0,0.0257953216374269,13.079297848781732,31.878888135613757,0.0508074074074074,0.2061924383486001,0.9301818181818184,0.951345070746654,0.4841469122264014,0.5148248646927763,0.940410895696106,0.4910003510190523,1.252
cdc_diabetes,size_1000,sample_01,MWEMPGM_eps1000,1000,1000,0.0034736842105263,0.0044922496360765,1.0,0.0269181286549707,13.093965419914593,31.57765958886533,0.0504999999999999,0.1832682241928747,0.9307272727272728,0.9502298600160636,0.5052158495856183,0.5148248646927763,0.9813353707944432,0.4720890803230628,1.2320000000000002
cdc_diabetes,size_1000,sample_01,MWEMPGM_eps3,1000,1000,0.023157894736842,0.0246227567836998,1.0,0.0558011695906432,9.123966061033876,33.201967313468465,0.0491962962962962,0.2115017951364106,0.9137272727272728,0.9238214169146988,0.5157482024239307,0.5148248646927763,1.0017934985162886,0.5707633601485538,2.038
cdc_diabetes,size_1000,sample_01,MWEMPGM_eps300,1000,1000,0.0038947368421052,0.0053014848989066,0.9912280701754386,0.026906432748538,13.038312137752506,31.22050954778744,0.0505444444444444,0.1929374750154699,0.9305000000000002,0.950604302110289,0.5102658412112984,0.5148248646927763,0.9911445155561532,0.4794418503666673,1.24
cdc_diabetes,size_1000,sample_01,MWEMPGM_eps30,1000,1000,0.0048421052631578,0.0060874593552844,1.0,0.0280818713450292,11.599522249100092,29.64614622475233,0.0488703703703703,0.1899712816459643,0.9292272727272728,0.9489871994698312,0.4868909484024615,0.5148248646927763,0.945740933858044,0.4650788963065311,1.2859999999999998
cdc_diabetes,size_1000,sample_01,PrivBayes_eps0.1,1000,1000,0.2207368421052628,0.1981415701570362,1.0,0.3504561403508772,191.7474682971273,48.0768171304075,0.3044703703703704,0.2886324721952306,0.7264545454545455,0.5806322566740569,0.5482633709780524,0.5148248646927763,1.0649512260810003,0.9871118803614172,11.992
cdc_diabetes,size_1000,sample_01,PrivBayes_eps0.3,1000,1000,0.2002631578947366,0.193233162022558,0.9473684210526316,0.3158362573099414,160.9694419935809,48.22097658394704,0.2716703703703704,0.2688570939804516,0.7386818181818182,0.6139468154070534,0.5661654736217192,0.5148248646927763,1.0997244156993236,0.984025114107292,11.038
cdc_diabetes,size_1000,sample_01,PrivBayes_eps1,1000,1000,0.0951052631578946,0.1001901708532459,0.993421052631579,0.1601754385964912,114.22651650510072,46.05023306684239,0.1876222222222222,0.2218921721167273,0.8379545454545454,0.7795331677135278,0.4609164420485175,0.5148248646927763,0.8952878416897022,0.8760618974335684,6.044000000000001
cdc_diabetes,size_1000,sample_01,PrivBayes_eps100,1000,1000,0.0263157894736841,0.0305509828985493,1.0,0.0561988304093567,33.3148529873906,15.120666502994617,0.0515666666666666,0.0340517670828959,0.9112727272727272,0.9328697937202408,0.5284021467665657,0.5148248646927763,1.02637262281272,0.5759378806617662,2.02
cdc_diabetes,size_1000,sample_01,PrivBayes_eps10,1000,1000,0.042157894736842,0.0430524548901492,1.0,0.0802339181286549,39.95960607223026,27.36675104617155,0.0708592592592592,0.069614294933334,0.8936818181818182,0.901249257825108,0.5433320774965464,0.5148248646927763,1.0553726415588816,0.6582111053168938,2.95
cdc_diabetes,size_1000,sample_01,PrivBayes_eps1000,1000,1000,0.0154736842105263,0.0159190488834749,1.0,0.0400935672514619,22.401545547508668,6.723200747392895,0.0351259259259259,0.0360655506920986,0.9207727272727272,0.9484671068136876,0.5416865933365216,0.5148248646927763,1.052176439757931,0.5308280084223692,1.478
cdc_diabetes,size_1000,sample_01,PrivBayes_eps3,1000,1000,0.0749473684210525,0.0707169996677155,1.0,0.1345380116959064,93.05858150000304,42.91763741186576,0.1631259259259259,0.1586466659387118,0.8558181818181819,0.8118659307406577,0.600402722619215,0.5148248646927763,1.1,0.8503533743594162,4.808000000000001
cdc_diabetes,size_1000,sample_01,PrivBayes_eps30,1000,1000,0.0478421052631578,0.0479281361133945,1.0,0.0896081871345029,60.536940778256245,33.31516582881437,0.0968518518518518,0.0479392143014269,0.8892727272727271,0.8877016934136269,0.5157482024239307,0.5148248646927763,1.0017934985162886,0.65924212140788,3.276
cdc_diabetes,size_1000,sample_01,PrivBayes_eps300,1000,1000,0.0203157894736841,0.0211665724686806,1.0,0.0452748538011695,25.39587811894901,12.493095619031672,0.0416851851851851,0.0293788244761445,0.916,0.9447962413995056,0.5244565217391304,0.5148248646927763,1.018708608703721,0.5435977777061377,1.6940000000000002
cdc_diabetes,size_1000,sample_01,PrivSyn_eps0.1,1000,1000,0.3761578947368417,0.3087968209632602,0.8598515519568151,0.6492280701754386,41.858619237443264,62.464222631930696,0.1975851851851851,1.1177356120697228,0.6074999999999999,0.3181445739475992,0.5307308970099668,0.5148248646927763,1.0308960062051251,1.0,17.886
cdc_diabetes,size_1000,sample_01,PrivSyn_eps0.3,1000,1000,0.2739473684210523,0.246551152424734,0.8723346828609987,0.4864152046783625,70.26411013744601,68.29846234492877,0.1367777777777777,,0.7204545454545456,0.4542202592244926,0.4793938455910287,0.5148248646927763,0.9311785004478969,0.983287408895652,12.95
cdc_diabetes,size_1000,sample_01,PrivSyn_eps1,1000,1000,0.0784736842105262,0.078245838039226,0.9644062078272604,0.1634795321637426,33.596330693735325,13.887464907983048,0.0639185185185185,0.195806880776842,0.9037727272727272,0.7908713838910595,0.4953648325358852,0.5148248646927763,0.9622006752437569,0.7252632233391436,4.712
cdc_diabetes,size_1000,sample_01,PrivSyn_eps10,1000,1000,0.028157894736842,0.0259152990830479,1.0,0.0768245614035087,15.937466503576738,13.650524110954896,0.0273037037037037,0.1926190513875025,0.9657727272727272,0.90145485464467,0.5407296691351314,0.5148248646927763,1.0503177024147463,0.5219806038978505,2.148000000000001
cdc_diabetes,size_1000,sample_01,PrivSyn_eps100,1000,1000,0.0229473684210526,0.0207767026496226,0.9912280701754386,0.0668947368421052,14.653410113342671,6.642230075288456,0.0264629629629629,0.1931441472900402,0.9674545454545456,0.9111267696063418,0.5345688414995347,0.5148248646927763,1.0383508607625342,0.5584465307226991,1.998
cdc_diabetes,size_1000,sample_01,PrivSyn_eps1000,1000,1000,0.0228947368421052,0.0204240513632129,0.9912280701754386,0.0656549707602339,6.126124139476821,13.204621713440812,0.0213296296296296,0.1481554633488618,0.9700909090909092,0.9132067827055268,0.4941598454888255,0.5148248646927763,0.9598600986137904,0.5179620018500816,1.8860000000000003
cdc_diabetes,size_1000,sample_01,PrivSyn_eps3,1000,1000,0.0360526315789473,0.0384137323619511,0.9853238866396762,0.1020350877192982,22.503816265289437,24.87069764317328,0.0451111111111111,0.0985154040085297,0.9501363636363636,0.8760399432640138,0.5615823033081306,0.5148248646927763,1.0908220284468482,0.6234770401841665,2.6660000000000004
cdc_diabetes,size_1000,sample_01,PrivSyn_eps30,1000,1000,0.0233157894736841,0.0232630022875515,0.9912280701754386,0.0640994152046783,2.235491907701276,8.811402851119954,0.0171888888888888,0.2900066320182309,0.967772727272727,0.9010908660258556,0.4895149048213973,0.5148248646927763,0.9508377281241718,0.5411692644254548,1.8840000000000008
cdc_diabetes,size_1000,sample_01,PrivSyn_eps300,1000,1000,0.0243684210526315,0.0221097028928177,0.9912280701754386,0.067625730994152,8.216969315452786,9.198504785212863,0.0199629629629629,0.1345229085798988,0.9680454545454544,0.898208725701862,0.5435738758283838,0.5148248646927763,1.0558423126031011,0.5093813221252038,1.9940000000000004
cdc_diabetes,size_1000,sample_01,PrivateGSD_eps0.1,1000,1000,0.2326315789473682,0.2000034744449573,1.0,0.3745906432748538,142.23000987698924,31.61007620053649,0.1970851851851852,0.2625709768744363,0.7279999999999999,0.5893599287215945,0.5051692993581613,0.5148248646927763,0.9812449512544398,0.9696328739593562,11.904000000000002
cdc_diabetes,size_1000,sample_01,PrivateGSD_eps0.3,1000,1000,0.1001052631578946,0.0995949308772486,1.0,0.1833040935672514,72.39017854439132,28.78496334408757,0.1121629629629629,0.0460570924326258,0.8413636363636363,0.79612084139113,0.5248653785239151,0.5148248646927763,1.0195027754441897,0.7805339100406622,5.638000000000001
cdc_diabetes,size_1000,sample_01,PrivateGSD_eps10,1000,1000,0.0053157894736842,0.0072592003951231,1.0,0.0267134502923976,12.208559550970287,9.172878980714678,0.026037037037037,0.1037180046454861,0.9295454545454548,0.9596814848183192,0.5374881288619742,0.5148248646927763,1.0440213082527008,0.4794852529967885,1.098
cdc_diabetes,size_1000,sample_01,PrivateGSD_eps100,1000,1000,0.0008421052631578,0.0016712450718852,1.0,0.0063216374269005,11.363246727957748,4.487671045622733,0.0221555555555555,0.0181486785992612,0.9330000000000002,0.978704662260178,0.5328491952265682,0.5148248646927763,1.0350106058708854,0.4759239468199925,0.8820000000000001
cdc_diabetes,size_1000,sample_01,PrivateGSD_eps1,1000,1000,0.0434736842105262,0.0514173372503088,1.0,0.0967894736842105,39.67478816675012,20.08430410508972,0.0687666666666666,0.1540947596589175,0.8945454545454545,0.8854366141147689,0.4899045953429971,0.5148248646927763,0.9515946661593162,0.6164551201324502,2.966
cdc_diabetes,size_1000,sample_01,PrivateGSD_eps1000,1000,1000,0.0001578947368421,0.0003023735727709,1.0,0.0024327485380116,11.3280597808521,4.014626412668135,0.0218444444444444,0.0156806020722154,0.9335909090909092,0.9823440653545094,0.5204372561127827,0.5148248646927763,1.0109015544971112,0.4797491562879705,0.8520000000000001
cdc_diabetes,size_1000,sample_01,PrivateGSD_eps30,1000,1000,0.0022631578947368,0.0034616622721341,1.0,0.0130467836257309,11.34162825425195,6.513625259351591,0.0233407407407407,0.0342425665288381,0.9318636363636364,0.972115308009553,0.5371263259402121,0.5148248646927763,1.0433185393180502,0.4811111123711149,0.942
cdc_diabetes,size_1000,sample_01,PrivateGSD_eps3,1000,1000,0.0166315789473684,0.0195769770661092,1.0,0.052,22.16866523417865,9.762054225686253,0.0388296296296296,0.0635852979126238,0.9197727272727272,0.9325871084551128,0.5528687475931158,0.5148248646927763,1.0738967470338725,0.5249631768396043,1.5960000000000003
cdc_diabetes,size_1000,sample_01,PrivateGSD_eps300,1000,1000,0.0003157894736842,0.0009180705957475,1.0,0.003719298245614,11.13778331616746,4.502122369913978,0.0219518518518518,0.0119639471236688,0.9335454545454546,0.9809136540230065,0.5328491952265682,0.5148248646927763,1.0350106058708854,0.4839317028272451,0.86
cdc_diabetes,size_1000,sample_01,RankSwap,1000,1000,0.0,0.0,1.0,0.0,0.0259128386335975,0.9523634042672516,0.0017333333333333,0.0248250105976599,0.9988636363636364,0.9757262445199286,0.7977043383224173,0.5148248646927763,1.1,0.4828713061481758,0.01
cdc_diabetes,size_1000,sample_01,Synthpop,1000,1000,0.0126315789473684,0.012170476494085,0.9912280701754386,0.0304561403508771,1.3404496000732782,1.3822242227684451,0.0039703703703703,0.028130908883962,0.9875,0.9665359464791085,0.5732119358395277,0.5148248646927763,1.1,0.4630113786081131,0.6339999999999999
cdc_diabetes,size_1000,sample_01,TVAE,1000,1000,0.1146315789473683,0.1353404606379702,0.8643724696356275,0.2014210526315789,49.20087249233848,35.661534296814224,0.0652407407407407,0.0547319966088848,0.8747272727272729,0.7695407013207215,0.4868909484024615,0.5148248646927763,0.945740933858044,0.8420333714160475,5.47
cdc_diabetes,size_1000,sample_01,TabDDPM,1000,1000,0.0170526315789473,0.0177080709624777,0.9912280701754386,0.0318830409356725,9.074814945078964,4.990582107621917,0.0125296296296296,0.0454780588612204,0.980681818181818,0.9635315277563123,0.7483400120022455,0.5148248646927763,1.1,0.5037927103705457,0.8739999999999998
cdc_diabetes,size_1000,sample_02,AIM_eps0.1,1000,1000,0.2136315789473682,0.2005243067201524,0.8524966261808365,0.3623333333333333,37.38489536857889,52.21583888251992,0.1328737588652482,0.2063578702603813,0.7344545454545455,0.6170452952147595,0.2968365775044608,0.4965436227414448,0.5978056385173754,0.9610937383590276,11.842
cdc_diabetes,size_1000,sample_02,AIM_eps0.3,1000,1000,0.1089999999999998,0.1054425174031417,0.9564777327935224,0.1780350877192982,84.57892068348244,12.70368682529834,0.1378505910165484,0.1923430936457486,0.8167727272727272,0.7468895470109584,0.4957101970069899,0.4965436227414448,0.9983215455881084,0.9035879849567788,7.056000000000001
cdc_diabetes,size_1000,sample_02,AIM_eps1,1000,1000,0.0526315789473683,0.0626207207425408,0.9412280701754384,0.0958187134502924,63.888739349066704,64.61149343491384,0.0869505910165484,0.2230300646379538,0.9171363636363636,0.8461967744720478,0.4606256742179072,0.4965436227414448,0.9276640621865224,0.7919600337961814,4.644
cdc_diabetes,size_1000,sample_02,AIM_eps10,1000,1000,0.0079999999999999,0.0098988769610187,1.0,0.0278771929824561,30.46028910484888,4.871836575571022,0.0459626477541371,0.1639237635795889,0.9213181818181816,0.942065430106626,0.5306975249116039,0.4965436227414448,1.0687832860982387,0.5784705872548206,4.685999999999998
cdc_diabetes,size_1000,sample_02,AIM_eps3,1000,1000,0.0148421052631578,0.0180623662071691,0.9912280701754386,0.0415847953216374,11.820214681197342,3.930521372028458,0.0269881796690307,0.2101453806484662,0.9227272727272728,0.92076096073172,0.4603345925526174,0.4965436227414448,0.9270778464908618,0.5144639073627942,1.602
cdc_diabetes,size_1000,sample_02,AIM_eps30,1000,1000,0.0069473684210526,0.0069650229568974,1.0,0.0209824561403508,15.696037300708973,6.219250457315733,0.0283418439716311,0.0413898566706532,0.929,0.967722576688286,0.4919665043493888,0.4965436227414448,0.9907820415337052,0.499765441296793,1.2199999999999995
cdc_diabetes,size_1000,sample_02,ARF,1000,1000,0.0209999999999999,0.0194711673218826,1.0,0.0434736842105263,7.162112412779457,14.373785088680066,0.034580378250591,0.0501996794660024,0.9634090909090908,0.9195744609558484,0.493968314631393,0.4965436227414448,0.9948135307924916,0.5245310045439516,1.574
cdc_diabetes,size_1000,sample_02,CTGAN,1000,1000,0.0757368421052631,0.0632813976644618,1.0,0.1286432748538012,35.42278647575641,37.89516290337849,0.0740236406619385,0.2128312425286909,0.9094545454545454,0.8466742560008961,0.4606256742179072,0.4965436227414448,0.9276640621865224,0.7785194790013982,4.062
cdc_diabetes,size_1000,sample_02,MST_eps0.1,1000,1000,0.2601052631578944,0.2151652180987558,0.9736842105263158,0.395046783625731,124.42264887100993,50.944947737380296,0.2057784869976359,0.2001563809575436,0.6989090909090909,0.5760379455781979,0.258929894768045,0.4965436227414448,0.5214645458264721,0.983120566395458,12.6
cdc_diabetes,size_1000,sample_02,CellSuppression,1000,354,0.0958382396669634,0.0922633459961052,0.9392712550607288,0.1610416625367562,25.541110702626995,18.81682534198388,0.0358145129622951,0.0721765191739743,0.907783769902414,0.8389075533582632,0.660717195760835,0.4965436227414448,1.1,0.7750643544183582,4.091559322033898
cdc_diabetes,size_1000,sample_02,MST_eps0.3,1000,1000,0.1261578947368419,0.1329242358040122,0.8947368421052632,0.2045730994152046,70.66107297293304,73.29658074951496,0.1115572104018912,,0.8472727272727273,0.6946257557042871,0.4606256742179072,0.4965436227414448,0.9276640621865224,0.9643198880310244,6.895999999999999
cdc_diabetes,size_1000,sample_02,MST_eps1,1000,1000,0.0575263157894736,0.0599150292220969,1.0,0.1055029239766082,67.19949072448735,93.82745312030926,0.105876122931442,0.1609293782622325,0.9143636363636364,0.8494788135610677,0.4993894993894994,0.4965436227414448,1.0057313726672577,0.8158770609994289,4.7940000000000005
cdc_diabetes,size_1000,sample_02,MST_eps10,1000,1000,0.0044210526315789,0.0057932961250594,1.0,0.032251461988304,30.541323997984843,2.628128673584167,0.0473425531914893,0.1224313058254459,0.9238636363636364,0.9208370261526486,0.4670031435937041,0.4965436227414448,0.9405077864484556,0.5610128029163831,4.581999999999999
cdc_diabetes,size_1000,sample_02,MST_eps100,1000,1000,0.0011052631578947,0.0012946380812602,1.0,0.0245380116959064,26.88613846430943,6.442218191878508,0.0425390070921985,0.1170921157241577,0.927272727272727,0.9452439905905357,0.4864290638938526,0.4965436227414448,0.97963006978176,0.5489578517756396,4.42
cdc_diabetes,size_1000,sample_02,MST_eps1000,1000,1000,0.0008947368421052,0.000918362885772,1.0,0.025345029239766,27.31173348756405,5.557284308193375,0.0438628841607565,0.074159845509901,0.9237272727272728,0.954566061609243,0.4606256742179072,0.4965436227414448,0.9276640621865224,0.5552879217531894,4.491999999999998
cdc_diabetes,size_1000,sample_02,MST_eps3,1000,1000,0.024157894736842,0.0279468069147416,1.0,0.0651754385964912,34.01132006931114,43.6282378036793,0.0597321513002364,0.2163528822354715,0.9311363636363637,0.8940799596391635,0.4742548015039938,0.4965436227414448,0.9551120580103226,0.6296991368380122,4.199999999999999
cdc_diabetes,size_1000,sample_02,MST_eps30,1000,1000,0.0023684210526315,0.0034055199254737,1.0,0.0267251461988304,24.83734171661684,7.762911977074312,0.0433016548463357,0.0983964234472577,0.926181818181818,0.9443307591551044,0.4919665043493888,0.4965436227414448,0.9907820415337052,0.5455002394097178,4.491999999999997
cdc_diabetes,size_1000,sample_02,MST_eps300,1000,1000,0.0014210526315789,0.0019691891996316,1.0,0.0276666666666666,27.48776214246943,5.812675965535244,0.0440042553191489,0.1038909570165966,0.9233636363636364,0.9522041712747842,0.4967559333826445,0.4965436227414448,1.0004275768158792,0.5365439165586618,4.505999999999999
cdc_diabetes,size_1000,sample_02,MWEMPGM_eps0.1,1000,1000,0.237894736842105,0.2026324468521018,0.9611336032388664,0.3688888888888889,91.10116807043477,28.301717367404173,0.1770416075650118,0.1912767370138536,0.7114090909090908,0.5866627051709057,0.4131999135241977,0.4965436227414448,0.8321522913932172,0.9726639300464622,12.159999999999998
cdc_diabetes,size_1000,sample_02,MWEMPGM_eps0.3,1000,1000,0.1097894736842104,0.1075932106045162,0.993421052631579,0.1881578947368421,30.681121383312725,36.15720276805261,0.0819796690307328,0.1812049669310782,0.8353636363636365,0.7859358984831316,0.4714139099165837,0.4965436227414448,0.9493907246637108,0.7782283551286087,5.982
cdc_diabetes,size_1000,sample_02,MWEMPGM_eps1,1000,1000,0.0439473684210525,0.0456602482313116,0.9959514170040484,0.0819649122807017,15.37131142803787,32.53432701482908,0.0604342789598108,0.1672918707197731,0.8965454545454549,0.890515420752902,0.4606256742179072,0.4965436227414448,0.9276640621865224,0.6019348726007481,3.078
cdc_diabetes,size_1000,sample_02,MWEMPGM_eps10,1000,1000,0.0113684210526315,0.0126642359650719,1.0,0.0362865497076023,9.87687041624126,28.287536446064404,0.0467132387706855,0.1798507723579926,0.9256818181818182,0.94179317680287,0.5090688672849505,0.4965436227414448,1.0252248621618187,0.5342263646106411,1.5759999999999998
cdc_diabetes,size_1000,sample_02,MWEMPGM_eps100,1000,1000,0.0038947368421052,0.0053239290774301,1.0,0.0290701754385964,11.744440201247569,29.83855818984702,0.048498817966903,0.2004870419093483,0.9321363636363637,0.9472479196412812,0.5204372561127827,0.4965436227414448,1.0481199076419665,0.4804910915122923,1.296
cdc_diabetes,size_1000,sample_02,MWEMPGM_eps1000,1000,1000,0.0045263157894736,0.0067889297355123,0.9912280701754386,0.0296315789473684,11.62410455644195,29.87091728239812,0.048176122931442,0.1708526582946134,0.9316363636363636,0.9467260649894288,0.4859690532389195,0.4965436227414448,0.9787036443202856,0.478655995010673,1.314
cdc_diabetes,size_1000,sample_02,MWEMPGM_eps3,1000,1000,0.0272631578947368,0.0291523051442312,1.0,0.0566491228070175,10.047616382213416,26.41528750729085,0.0450463356973995,0.1144938541116645,0.9119545454545454,0.9230747152330412,0.4716057622782135,0.4965436227414448,0.9497771003068656,0.5649280126541819,2.25
cdc_diabetes,size_1000,sample_02,MWEMPGM_eps30,1000,1000,0.0049999999999999,0.0068782832662965,0.9912280701754386,0.0262923976608187,11.673378282280156,30.058648699601815,0.0486026004728132,0.1977459015974062,0.931136363636364,0.9492527322407094,0.4600431965442764,0.4965436227414448,0.9264909977328948,0.4763481540917659,1.3520000000000003
nist_sbo,size_1000,sample_04,TVAE,1000,1000,0.1133279999999998,0.159323235039212,0.644312554112554,,52.611525651401024,66.17238106476925,0.0470536386261261,0.0864021094069872,0.8824846153846153,0.7967420380981473,0.4553376906318083,0.467233276863736,0.974540370049775,0.9622141517180268,31.472
cdc_diabetes,size_1000,sample_02,MWEMPGM_eps300,1000,1000,0.0042105263157894,0.0057771177253271,1.0,0.0294736842105263,11.372569009669894,29.78441491559422,0.0478952718676123,0.2140817051869227,0.932,0.9464973049446735,0.4994159853162022,0.4965436227414448,1.0057847132510138,0.4767578623200711,1.2940000000000005
cdc_diabetes,size_1000,sample_02,PrivBayes_eps0.1,1000,1000,0.2641578947368418,0.2244872291951483,1.0,0.4271345029239766,164.4553317064844,59.3169322247755,0.2432742316784869,0.3146608887587985,0.6955909090909091,0.5389437604626053,0.4815064594142836,0.4965436227414448,0.9697163295721896,0.9950093410380044,13.053999999999997
cdc_diabetes,size_1000,sample_02,PrivBayes_eps0.3,1000,1000,0.1919999999999998,0.1837195230379603,0.9473684210526316,0.3044269005847953,157.26720384982727,52.36279267650353,0.2225817966903073,0.2640612960616288,0.7606818181818181,0.6442506842247082,0.4606256742179072,0.4965436227414448,0.9276640621865224,0.9715722447735898,10.182
cdc_diabetes,size_1000,sample_02,PrivBayes_eps1,1000,1000,0.1079473684210525,0.104586887594679,0.9736842105263158,0.1816374269005848,105.16207419408688,44.96015498013761,0.1645964539007092,0.2040628675682818,0.8298181818181817,0.7682073839768294,0.4957101970069899,0.4965436227414448,0.9983215455881084,0.9030308652865342,6.210000000000001
nist_sbo,size_1000,sample_04,TabDDPM,1000,1000,0.4499119999999995,0.4181735254414658,0.8924914862914862,,55.30912305737758,79.75749773304052,0.1008009432432432,0.5958008765691215,0.5499153846153847,0.3326233745518371,0.4653100094598998,0.467233276863736,0.9958837103462872,0.9972478907491764,119.65599999999996
cdc_diabetes,size_1000,sample_02,PrivBayes_eps10,1000,1000,0.0461052631578946,0.0453351060666775,1.0,0.0849766081871345,47.70006781164438,28.945664188354165,0.0758548463356974,0.0349093727364624,0.8930909090909093,0.8955179045060403,0.5404816759199809,0.4965436227414448,1.088487800582561,0.6383513037772087,3.106
cdc_diabetes,size_1000,sample_02,PrivBayes_eps100,1000,1000,0.0296315789473683,0.0323329759126168,1.0,0.0605263157894736,44.60509104433427,14.258030908936064,0.0597936170212765,0.1101291367176073,0.9102272727272728,0.9244883389390632,0.4600431965442764,0.4965436227414448,0.9264909977328948,0.6179495656127977,2.4979999999999998
cdc_diabetes,size_1000,sample_02,PrivBayes_eps3,1000,1000,0.0689473684210525,0.0664028953929519,1.0,0.1250233918128655,82.5428881080452,21.843847730487763,0.1087148936170212,0.1007377225836536,0.8734999999999999,0.8367830883814914,0.4606256742179072,0.4965436227414448,0.9276640621865224,0.8178491289116886,4.57
cdc_diabetes,size_1000,sample_02,PrivBayes_eps1000,1000,1000,0.0152105263157894,0.0147831086702378,1.0,0.0381578947368421,17.641421634687973,2.9987941113591168,0.0285891252955082,0.1047919387719391,0.9225454545454546,0.9555446410902256,0.4746366236647014,0.4965436227414448,0.95588101796297,0.5104928524575717,1.5840000000000003
cdc_diabetes,size_1000,sample_02,PrivBayes_eps30,1000,1000,0.0636842105263157,0.0673179641907127,1.0,0.1122046783625731,58.84047340975573,30.221680769282703,0.0881378250591016,0.0581045387863882,0.8783181818181819,0.8720382822156728,0.4810810810810811,0.4965436227414448,0.9688596508965714,0.6789288524286996,3.9259999999999993
cdc_diabetes,size_1000,sample_02,PrivBayes_eps300,1000,1000,0.0229473684210526,0.0242262960859664,1.0,0.0496959064327485,31.66387250501516,9.787970400064308,0.046512293144208,0.120892453822539,0.9157727272727274,0.9400158498669532,0.5010456808603246,0.4965436227414448,1.0090667925470818,0.5645138944126554,2.14
cdc_diabetes,size_1000,sample_02,PrivSyn_eps0.1,1000,1000,0.3487894736842101,0.2942598635918275,0.8518556005398111,0.6171052631578947,170.2862978024074,61.65014486615191,0.294125768321513,0.685239689442167,0.6102272727272727,0.3602213872979945,0.4923359098650596,0.4965436227414448,0.9915259953348976,0.9985631276922567,17.936
cdc_diabetes,size_1000,sample_02,PrivSyn_eps0.3,1000,1000,0.2196315789473681,0.2004221730099881,0.9092780026990552,0.3716608187134503,39.542517475506926,22.35567664822097,0.0824903073286052,0.3199715125612969,0.7760000000000001,0.5838789728621562,0.4994159853162022,0.4965436227414448,1.0057847132510138,0.9437582373871956,11.036
cdc_diabetes,size_1000,sample_02,PrivSyn_eps1,1000,1000,0.0631052631578946,0.0630884810158975,0.9644062078272604,0.1498771929824561,26.207379300786567,10.280071871510929,0.0495390070921985,0.1686380267524719,0.9230909090909092,0.7967880647613477,0.5132484621591514,0.4965436227414448,1.033642239169469,0.7410668837185174,4.158
cdc_diabetes,size_1000,sample_02,PrivSyn_eps10,1000,1000,0.0214736842105262,0.0225355558591234,1.0,0.0717953216374269,16.601410898702724,8.836305408060253,0.0254721040189125,0.0391631252572901,0.9707272727272728,0.902152620398762,0.504410744375062,0.4965436227414448,1.0158437671369092,0.570064562053557,2.0
cdc_diabetes,size_1000,sample_02,PrivSyn_eps1000,1000,1000,0.020578947368421,0.0214511711556956,0.9912280701754386,0.0635730994152047,26.22195956901228,15.710085215286798,0.0371869976359337,0.1583460067859563,0.9676363636363636,0.9058419090468444,0.4653234089853808,0.4965436227414448,0.937124932392832,0.522904245166927,2.0700000000000003
cdc_diabetes,size_1000,sample_02,PrivSyn_eps100,1000,1000,0.0224210526315789,0.0208944678839728,0.9912280701754386,0.0664502923976608,8.87635822316028,9.695757061865374,0.0162111111111111,0.1040492101128041,0.9712272727272728,0.91205595751009,0.5120201396721163,0.4965436227414448,1.0311684938014265,0.4685859908208004,1.912
cdc_diabetes,size_1000,sample_02,PrivSyn_eps3,1000,1000,0.0344210526315789,0.0326793670761958,1.0,0.0993976608187134,1.9097814393646688,6.247461545627163,0.0204560283687943,0.0657134745351694,0.9560909090909092,0.8627983973515031,0.5373613053131082,0.4965436227414448,1.082203618361034,0.4571021813923399,2.7680000000000007
cdc_diabetes,size_1000,sample_02,PrivSyn_eps30,1000,1000,0.0242631578947368,0.0232300776043554,1.0,0.0714035087719298,1.7373440994571343,6.622955643746751,0.0189009456264775,0.1487502341629909,0.9684090909090908,0.8976617950162576,0.5398227015012199,0.4965436227414448,1.0871606776703984,0.5119118147116205,2.2
cdc_diabetes,size_1000,sample_02,PrivSyn_eps300,1000,1000,0.0247894736842105,0.0216053587578592,0.9912280701754386,0.0685906432748538,9.31599133026495,5.466283385701744,0.0179252955082742,0.1353780222585977,0.9709545454545452,0.900432610245074,0.5018332536266539,0.4965436227414448,1.010652902467943,0.5025133565350429,2.0540000000000003
cdc_diabetes,size_1000,sample_02,PrivateGSD_eps0.1,1000,1000,0.2155789473684208,0.1841473883510109,1.0,0.3412105263157894,192.11136274543543,47.94117667814415,0.271810401891253,0.149690557650925,0.7392272727272726,0.6061318794957732,0.5189236508174355,0.4965436227414448,1.0450716250224343,0.9619585509517358,11.412
cdc_diabetes,size_1000,sample_02,PrivateGSD_eps0.3,1000,1000,0.1038947368421051,0.1042121235856349,1.0,0.1925029239766082,72.18993973071922,38.485101832028654,0.1311728132387707,0.0979542731933192,0.8370000000000001,0.7710262709532901,0.5642436587318477,0.4965436227414448,1.1,0.801407951621039,5.910000000000001
cdc_diabetes,size_1000,sample_02,PrivateGSD_eps1,1000,1000,0.0366842105263157,0.0412353752000564,1.0,0.0876491228070175,36.57040197201821,14.61998771090903,0.061225768321513,0.0343895430100662,0.9030454545454544,0.8956814531839172,0.5604395604395604,0.4965436227414448,1.1,0.5942770016424509,2.81
cdc_diabetes,size_1000,sample_02,PrivateGSD_eps10,1000,1000,0.0056842105263157,0.0083585348859636,1.0,0.0268011695906432,13.69235735160406,7.478383695914063,0.0258995271867612,0.045050402446322,0.9305454545454545,0.9635213177330324,0.5354666806903141,0.4965436227414448,1.0783879926322164,0.4703047349735955,1.2140000000000004
cdc_diabetes,size_1000,sample_02,PrivateGSD_eps100,1000,1000,0.0009999999999999,0.0018442044014677,1.0,0.006719298245614,10.831874834008875,4.806317334510712,0.021576122931442,0.0405838274008217,0.9347727272727272,0.985381490298263,0.5284021467665657,0.4965436227414448,1.064160574136089,0.4579894310523142,0.986
cdc_diabetes,size_1000,sample_02,PrivateGSD_eps1000,1000,1000,0.0001578947368421,0.0001705783122642,1.0,0.0025204678362573,10.82034160660092,4.411068127567871,0.0213858156028368,0.0180100517826989,0.9355,0.9892466879754368,0.537285656868606,0.4965436227414448,1.0820512683135812,0.4528714307085493,0.9440000000000002
cdc_diabetes,size_1000,sample_02,PrivateGSD_eps3,1000,1000,0.016157894736842,0.0193242332314798,1.0,0.0526783625730994,19.668850976464824,13.171059542869616,0.036795744680851,0.0643118137712972,0.9215454545454544,0.9363139925512688,0.5530712190454609,0.4965436227414448,1.1,0.5235935437334441,1.7320000000000002
cdc_diabetes,size_1000,sample_02,RankSwap,1000,1000,0.0,0.0,1.0,0.0,0.4854560981658192,1.6574556579618716,0.0021392434988179,0.0152764662536945,0.996681818181818,0.9753033995697812,0.7483400120022455,0.4965436227414448,1.1,0.4843407990537156,0.0179999999999999
cdc_diabetes,size_1000,sample_02,PrivateGSD_eps300,1000,1000,0.0004736842105263,0.0010051765769846,1.0,0.004,10.82725694477534,4.488061992735296,0.0214182033096926,0.008310251640424,0.9352272727272728,0.9881581585391312,0.509665632262658,0.4965436227414448,1.026426700127822,0.4708758676858512,0.9600000000000002
cdc_diabetes,size_1000,sample_02,PrivateGSD_eps30,1000,1000,0.0021578947368421,0.0031529433662537,1.0,0.0131695906432748,12.137979019160037,5.617551666731526,0.0230581560283687,0.0633888048115264,0.9337727272727272,0.9785840553800116,0.5270066087687719,0.4965436227414448,1.06135006981462,0.4782953189293661,1.05
cdc_diabetes,size_1000,sample_02,Synthpop,1000,1000,0.014157894736842,0.013700723192833,0.9912280701754386,0.0313567251461988,4.590197313076221,4.3736127070837325,0.0074371158392435,0.0121181666584263,0.9850909090909092,0.956696202381006,0.4659945317840054,0.4965436227414448,0.9384765211913833,0.4688396385812365,0.7299999999999998
cdc_diabetes,size_1000,sample_02,TabDDPM,1000,1000,0.0207368421052631,0.0197960819036326,1.0,0.0365204678362573,4.568002111269,2.476789109657087,0.0070148936170212,0.0243334346435654,0.979,0.9607770556191976,0.7156459482363011,0.4965436227414448,1.1,0.49566245499604,1.002
cdc_diabetes,size_1000,sample_02,TVAE,1000,1000,0.1126315789473683,0.1362250325009698,0.8275303643724697,0.1948713450292397,57.99579939250408,47.80369132471323,0.0801458628841607,0.0358777863605003,0.8711363636363637,0.7901999277941959,0.5244800726471734,0.4965436227414448,1.0562618237766577,0.852659176772212,5.619999999999999
cdc_diabetes,size_1000,sample_03,AIM_eps0.1,1000,1000,0.1776842105263156,0.165381079872454,0.8606275303643726,0.2969239766081871,66.56263455289483,56.878345972365096,0.1820467836257309,0.169875010780227,0.7483181818181819,0.6312259198434185,0.4738738738738738,0.5524298873740212,0.8577991245923645,0.9868394675447236,10.248
cdc_diabetes,size_1000,sample_03,AIM_eps0.3,1000,1000,0.082157894736842,0.0834834204506988,0.9525303643724696,0.1429649122807017,71.71545542671481,9.126709701466067,0.1335950292397661,0.1887774901249534,0.8404545454545456,0.7637481981160718,0.4603345925526174,0.5524298873740212,0.8332905278848898,0.8861165925775444,5.997999999999999
cdc_diabetes,size_1000,sample_03,AIM_eps1,1000,1000,0.0507368421052631,0.0594835402606451,0.9526315789473684,0.0918888888888888,59.56074268282149,62.97611248242494,0.0782140350877192,0.1821254953633602,0.9194545454545456,0.8399169340127921,0.4967559333826445,0.5524298873740212,0.8992198732296235,0.7696422348874202,4.581999999999999
cdc_diabetes,size_1000,sample_03,AIM_eps10,1000,1000,0.0052105263157894,0.0065527633058989,1.0,0.0271520467836257,32.11074614617629,3.814196202694604,0.0438690058479532,0.1724049370507593,0.923181818181818,0.928551483092744,0.4798135821735299,0.5524298873740212,0.8685510922797308,0.5799641777326049,4.646
cdc_diabetes,size_1000,sample_03,AIM_eps3,1000,1000,0.0117894736842105,0.014843747453574,1.0,0.0414210526315789,10.126902441029207,8.81506266047853,0.0264029239766081,0.1518822576827367,0.9247272727272728,0.9307886433483804,0.4603345925526174,0.5524298873740212,0.8332905278848898,0.5023384230105922,1.956
cdc_diabetes,size_1000,sample_03,AIM_eps30,1000,1000,0.007157894736842,0.0066682186253789,1.0,0.0216783625730994,14.4043003589975,8.216020332605057,0.0253894736842105,0.0240781904116675,0.9286363636363638,0.9674194056899676,0.5284021467665657,0.5524298873740212,0.9565053570556764,0.5141938795532508,1.7539999999999998
cdc_diabetes,size_1000,sample_03,ARF,1000,1000,0.0218421052631578,0.019643354020646,1.0,0.0449473684210526,5.936780093246563,12.251000031388164,0.0244783625730994,0.0340402536946005,0.9667272727272724,0.9281555827682167,0.5909947718462141,0.5524298873740212,1.0698095545636213,0.4918308735089587,1.376
cdc_diabetes,size_1000,sample_03,CTGAN,1000,1000,0.095315789473684,0.0759860327720688,1.0,0.1588245614035087,50.51230750775431,55.09602686831951,0.0919122807017543,0.1519452725992325,0.8801363636363636,0.8099916973640743,0.4600431965442764,0.5524298873740212,0.83276304735759,0.8216938774382445,5.135999999999999
cdc_diabetes,size_1000,sample_03,CellSuppression,1000,391,0.0862443128281055,0.0877878589411742,0.9445344129554656,0.1435341080749614,30.12246296545065,20.632494605078698,0.0378002714586979,0.1176626955200587,0.9151581027667984,0.8613082431447558,0.6530798797343583,0.5524298873740212,1.1,0.7517392393712273,3.7509156010230176
cdc_diabetes,size_1000,sample_03,MST_eps0.1,1000,1000,0.2550526315789471,0.2155507482058547,0.9736842105263158,0.3865263157894736,191.7671951922948,83.12974514008687,0.277545029239766,0.1848933956672916,0.6940454545454545,0.5574227701580046,0.4295634920634921,0.5524298873740212,0.7775891598256311,0.9901520444758294,13.578
cdc_diabetes,size_1000,sample_03,MST_eps0.3,1000,1000,0.1331052631578946,0.1401319509396893,0.868421052631579,0.2165204678362573,66.35706933497436,72.89496061043201,0.096496783625731,0.1967307739034488,0.8425454545454546,0.7148350815547394,0.4603345925526174,0.5524298873740212,0.8332905278848898,0.947028280190784,7.142
cdc_diabetes,size_1000,sample_03,MST_eps1,1000,1000,0.048578947368421,0.0509192181821145,1.0,0.0952690058479532,65.56558697732964,82.48412591445317,0.0874967836257309,0.1377008539338965,0.9210454545454546,0.8557725052774856,0.4670031435937041,0.5524298873740212,0.8453618353798166,0.8073542334479918,4.496
cdc_diabetes,size_1000,sample_03,MST_eps10,1000,1000,0.0052105263157894,0.005662600806261,1.0,0.0335146198830409,29.20463351262033,5.142102185590048,0.042198245614035,0.0865162565305262,0.9236363636363636,0.926312665000884,0.4798135821735299,0.5524298873740212,0.8685510922797308,0.565022935938762,4.636
cdc_diabetes,size_1000,sample_03,MST_eps100,1000,1000,0.0015263157894736,0.0015870694134344,1.0,0.0292807017543859,27.35453269904564,5.4209338686473405,0.0393043859649122,0.055550906515664,0.926909090909091,0.9302886304771708,0.4597514856834144,0.5524298873740212,0.8322349968891479,0.5193685980670569,4.465999999999998
cdc_diabetes,size_1000,sample_03,MST_eps1000,1000,1000,0.001,0.001168760980439,1.0,0.0281871345029239,27.32170355119192,10.37610640251159,0.0461491228070175,0.0581378968668317,0.9179090909090908,0.93895581452251,0.4603345925526174,0.5524298873740212,0.8332905278848898,0.5616229147454984,4.8180000000000005
cdc_diabetes,size_1000,sample_03,MST_eps3,1000,1000,0.0189999999999999,0.021462071527636,1.0,0.0498187134502924,44.486127051551065,44.97574531964308,0.0611043859649122,0.1043578630607198,0.9370909090909092,0.9017552519714672,0.4673399101044889,0.5524298873740212,0.8459714448857842,0.6636569226434541,3.876
cdc_diabetes,size_1000,sample_03,MST_eps30,1000,1000,0.002157894736842,0.0025750519131172,1.0,0.0292514619883041,27.891880773389158,4.696531530629589,0.0402549707602339,0.0712471134985378,0.926409090909091,0.93103086289936,0.4603345925526174,0.5524298873740212,0.8332905278848898,0.5593004397827185,4.489999999999998
cdc_diabetes,size_1000,sample_03,MST_eps300,1000,1000,0.0011052631578947,0.0014321468942699,1.0,0.0266315789473684,25.963273187712232,10.493213898475402,0.0459795321637426,0.1077745435708318,0.9178636363636362,0.9396638016651244,0.4600431965442764,0.5524298873740212,0.83276304735759,0.5353127398675941,4.826
cdc_diabetes,size_1000,sample_03,MWEMPGM_eps0.1,1000,1000,0.2321578947368418,0.2059934913715745,0.9534412955465588,0.3609298245614035,98.86476931639376,58.7373110195806,0.1811426900584795,0.2891799330091107,0.7195454545454546,0.5864771865821918,0.4603345925526174,0.5524298873740212,0.8332905278848898,0.9603899452490556,11.884
cdc_diabetes,size_1000,sample_03,MWEMPGM_eps1,1000,1000,0.0364210526315789,0.04033925747705,0.9813765182186236,0.0733216374269005,12.601497914358564,38.16254672189639,0.0519640350877192,0.1119516039520498,0.9028636363636364,0.9000436043033415,0.5458111400140385,0.5524298873740212,0.9880188461738614,0.5706531188180501,3.174
cdc_diabetes,size_1000,sample_03,MWEMPGM_eps0.3,1000,1000,0.0883684210526314,0.0969942035897622,0.9536437246963564,0.1582046783625731,16.83701341312356,50.65284689629232,0.0657818713450292,0.120412171336049,0.8558181818181818,0.8114735140389435,0.4642145135566188,0.5524298873740212,0.840313900609603,0.7387735328430515,5.3500000000000005
cdc_diabetes,size_1000,sample_03,MWEMPGM_eps10,1000,1000,0.0095263157894736,0.01142729669695,1.0,0.0338947368421052,7.498446184943408,29.619178785267152,0.04268216374269,0.1761424499719597,0.9261363636363636,0.93396444296555,0.5530712190454609,0.5524298873740212,1.0011609284471774,0.4863001499278495,1.982
cdc_diabetes,size_1000,sample_03,MWEMPGM_eps100,1000,1000,0.0027368421052631,0.0036782917283118,1.0,0.0266023391812865,9.479247615930104,32.120296900321186,0.044919298245614,0.1842097687745539,0.9321363636363637,0.9138947417612042,0.4673399101044889,0.5524298873740212,0.8459714448857842,0.4443958532987682,1.7199999999999995
cdc_diabetes,size_1000,sample_03,MWEMPGM_eps1000,1000,1000,0.0027368421052631,0.0037105256259542,1.0,0.0263508771929824,8.840729273742935,31.12665161261135,0.0440429824561403,0.1890305476659669,0.9320454545454546,0.93972923886797,0.4603345925526174,0.5524298873740212,0.8332905278848898,0.4606632580684476,1.7119999999999995
cdc_diabetes,size_1000,sample_03,MWEMPGM_eps3,1000,1000,0.0145263157894736,0.0155839418867725,1.0,0.0446023391812865,5.49252448061868,24.03183237495259,0.0409973684210526,0.177126854559569,0.9222272727272728,0.923858483628401,0.4663304667996661,0.5524298873740212,0.8441441662976571,0.4966916710816298,2.1579999999999995
cdc_diabetes,size_1000,sample_03,MWEMPGM_eps30,1000,1000,0.0050526315789473,0.0070786074596966,1.0,0.0286666666666666,8.925850101277524,31.13168250208937,0.0442634502923976,0.2119133706499241,0.9300454545454546,0.937740822268507,0.4972826086956521,0.5524298873740212,0.900173252699036,0.479355639108206,1.8079999999999996
cdc_diabetes,size_1000,sample_03,MWEMPGM_eps300,1000,1000,0.0029473684210526,0.0038433165877275,1.0,0.0283567251461988,8.538162290752606,30.3535423526567,0.0435780701754386,0.1744080879562162,0.9318181818181818,0.9382873933682496,0.4600431965442764,0.5524298873740212,0.83276304735759,0.4534103523242362,1.7159999999999995
cdc_diabetes,size_1000,sample_03,PrivBayes_eps0.1,1000,1000,0.2795263157894734,0.2414889123005352,0.993421052631579,0.4064970760233918,187.07360475544007,75.85518933941192,0.2649149122807017,0.2028441695397009,0.6736818181818184,0.5407953841804781,0.5742396475444734,0.5524298873740212,1.0394796888527829,0.9879777999574442,14.544
cdc_diabetes,size_1000,sample_03,PrivBayes_eps0.3,1000,1000,0.2011578947368419,0.183567998651999,0.9736842105263158,0.3226959064327485,213.14907013226235,99.12789881069388,0.3035263157894737,0.2529997152973182,0.7381818181818183,0.6022748936236105,0.5507799965959727,0.5524298873740212,0.9970133931645286,0.9877290572117134,11.34
cdc_diabetes,size_1000,sample_03,PrivBayes_eps1,1000,1000,0.0902631578947367,0.0870932353915029,1.0,0.1473976608187134,162.4073313499389,103.69727863503716,0.2385985380116959,0.2259195157543016,0.8427272727272729,0.7735459771704265,0.5846601135262356,0.5524298873740212,1.0583426544852357,0.9037744745158746,6.596
cdc_diabetes,size_1000,sample_03,PrivBayes_eps10,1000,1000,0.0373684210526315,0.0398962112432606,1.0,0.0758011695906432,46.9974727447658,22.192141386381483,0.0627014619883041,0.0508768869412151,0.9,0.9090549119895592,0.5563698377581121,0.5524298873740212,1.007132036794943,0.6553833868393938,3.398
cdc_diabetes,size_1000,sample_03,PrivBayes_eps100,1000,1000,0.0222105263157894,0.0229925551337727,1.0,0.0510526315789473,25.957113647577334,32.46902141753111,0.0443988304093567,0.0411525123146097,0.9161818181818184,0.9360531222144072,0.4850544840004009,0.5524298873740212,0.8780380913464086,0.5706725678763586,2.526
cdc_diabetes,size_1000,sample_03,PrivBayes_eps1000,1000,1000,0.0149473684210526,0.0152203092731298,1.0,0.0391461988304093,20.99852927914619,9.313106412317266,0.0321745614035087,0.0515474323979696,0.9216818181818184,0.953336272083996,0.5436549538104811,0.5524298873740212,0.9841157514057334,0.5177318981602307,2.16
cdc_diabetes,size_1000,sample_03,PrivBayes_eps3,1000,1000,0.0544736842105262,0.0556588129016009,1.0,0.1011812865497076,42.51501631531,67.2703575997051,0.0764116959064327,0.1947874132856508,0.8846363636363638,0.876510038441868,0.5388888888888889,0.5524298873740212,0.9754882947281356,0.7266001683473048,4.068
cdc_diabetes,size_1000,sample_03,PrivBayes_eps30,1000,1000,0.0696842105263157,0.0718705325712256,1.0,0.1256491228070175,63.90556696897094,62.55758161555923,0.1040456140350877,0.0687830280770034,0.8686363636363638,0.8503109327181146,0.4929626715621995,0.5524298873740212,0.8923533696126855,0.6949792845478951,4.659999999999999
cdc_diabetes,size_1000,sample_03,PrivBayes_eps300,1000,1000,0.0197368421052631,0.0206930400049583,1.0,0.0448011695906432,23.537804066228528,20.99093162938908,0.0369944444444444,0.0425559837018023,0.9176818181818184,0.9474163031361356,0.5029487231155712,0.5524298873740212,0.9104299649957354,0.5354301182194944,2.325999999999999
cdc_diabetes,size_1000,sample_03,PrivSyn_eps0.1,1000,1000,0.3947894736842101,0.3219360177094433,0.8423076923076923,0.6641578947368421,169.04203201788113,66.9374098856141,0.2059880116959064,,0.5749545454545455,0.2698026315789473,0.4811004537953796,0.5524298873740212,0.8708805672973369,0.997997997997998,19.302
cdc_diabetes,size_1000,sample_03,PrivSyn_eps0.3,1000,1000,0.3005789473684207,0.2647497476112686,0.8780364372469635,0.4981754385964911,30.791882065003207,34.5277778172645,0.0830657894736841,0.6703131134710931,0.6966818181818182,0.4749157157133912,0.4859690532389195,0.5524298873740212,0.8796936303736334,0.9837441962651003,14.056
cdc_diabetes,size_1000,sample_03,PrivSyn_eps1,1000,1000,0.0578947368421052,0.0587193935076559,0.9838056680161944,0.1417719298245614,22.34431360476744,73.17020782227797,0.0571207602339181,0.2408670948362348,0.9342272727272728,0.8189207764404574,0.4777278412292637,0.5524298873740212,0.8647755164255655,0.6642803005123409,3.983999999999999
cdc_diabetes,size_1000,sample_03,PrivSyn_eps10,1000,1000,0.0366315789473683,0.0338830307663113,1.0,0.090859649122807,2.6893860385460213,5.891226718418412,0.0190277777777777,0.0817730857620625,0.9561818181818184,0.8957547202223243,0.5523822000960741,0.5524298873740212,0.99991367704929,0.5669240296382408,3.144
cdc_diabetes,size_1000,sample_03,PrivSyn_eps100,1000,1000,0.032578947368421,0.0300639775539706,0.9959514170040484,0.079672514619883,3.789589075648837,7.860349641653161,0.0155228070175438,0.2888394518145021,0.9585454545454546,0.865444765464408,0.5889988697468918,0.5524298873740212,1.066196603590877,0.5384235271937344,2.788
cdc_diabetes,size_1000,sample_03,PrivSyn_eps1000,1000,1000,0.0195263157894736,0.0190718668655669,1.0,0.0608421052631578,13.532659481863243,7.803375124774045,0.022325730994152,0.1826829579379794,0.9712272727272728,0.8866362578488874,0.4985535197685631,0.5524298873740212,0.9024738361789092,0.5157997363676097,2.5500000000000003
cdc_diabetes,size_1000,sample_03,PrivSyn_eps3,1000,1000,0.0324210526315789,0.0326970418264919,1.0,0.0957309941520467,13.83395726813953,51.5364511581067,0.037038596491228,0.3041405762867946,0.9583181818181816,0.885198221366103,0.5218012536873157,0.5524298873740212,0.944556522952162,0.565236938580342,3.002
cdc_diabetes,size_1000,sample_03,PrivSyn_eps30,1000,1000,0.0253684210526315,0.0228469289219038,1.0,0.0685146198830409,7.2826132653616575,4.324059089658432,0.0158666666666666,0.0506801313228638,0.9606818181818184,0.917493419060674,0.6270954202114282,0.5524298873740212,1.1,0.4951216163746059,2.684
cdc_diabetes,size_1000,sample_03,PrivSyn_eps300,1000,1000,0.0237368421052631,0.0217020677931852,0.9959514170040484,0.06953216374269,7.440388937577969,9.809386123502216,0.0171213450292397,0.1133317527469831,0.966181818181818,0.919103906367444,0.534914623613049,0.5524298873740212,0.9682941414682312,0.5498515904550683,2.506
cdc_diabetes,size_1000,sample_03,PrivateGSD_eps0.1,1000,1000,0.1970526315789471,0.1729560161154781,1.0,0.3213216374269005,176.46329307777552,82.07119019614566,0.2453994152046783,0.0686303419433094,0.7505909090909092,0.6217924436670348,0.5854325203594792,0.5524298873740212,1.0597408533350037,0.9273888353117284,11.022
cdc_diabetes,size_1000,sample_03,PrivateGSD_eps0.3,1000,1000,0.1154736842105262,0.1100673621845275,0.9959514170040484,0.1925614035087719,75.54513603490123,67.9249508331337,0.1160371345029239,0.169381759680167,0.8273181818181818,0.7812940578375747,0.5081187580678035,0.5524298873740212,0.9197886819468986,0.8037311105858697,6.567999999999999
cdc_diabetes,size_1000,sample_03,PrivateGSD_eps1,1000,1000,0.0374210526315789,0.0413387176734935,1.0,0.0904444444444444,34.97624519071543,47.20182278904485,0.0619084795321637,0.0539702578949002,0.9010454545454548,0.8939439160742755,0.5066540041194391,0.5524298873740212,0.9171372071053364,0.6270812089894645,3.194
cdc_diabetes,size_1000,sample_03,PrivateGSD_eps10,1000,1000,0.0043684210526315,0.0051110729413028,1.0,0.0254502923976608,14.324329611752578,18.792555827463083,0.0273307017543859,0.0839373693534842,0.930318181818182,0.9646497573418604,0.6049398750960591,0.5524298873740212,1.0950527638215577,0.4966777750399695,1.662
cdc_diabetes,size_1000,sample_03,PrivateGSD_eps100,1000,1000,0.0010526315789473,0.0012598237071587,1.0,0.0062163742690058,10.947550597076804,5.572661225454203,0.0217847953216374,0.0161713157649489,0.9334545454545456,0.9837521343132146,0.5754189251590629,0.5524298873740212,1.0416143988699793,0.461739886296179,1.4959999999999998
cdc_diabetes,size_1000,sample_03,PrivateGSD_eps1000,1000,1000,0.0001052631578947,0.0001284358013819,1.0,0.0023625730994152,10.453232137880118,5.239987712989713,0.0212441520467836,0.016431736913969,0.934318181818182,0.9876508761672252,0.5514354066985646,0.5524298873740212,0.9981998063500802,0.4668722056828726,1.4579999999999995
cdc_diabetes,size_1000,sample_03,PrivateGSD_eps3,1000,1000,0.0171052631578947,0.0201983691638744,1.0,0.0512807017543859,21.50990542088065,28.85966749076291,0.0388342105263157,0.0481654885791227,0.9192272727272728,0.9374837738836852,0.5090078181062809,0.5524298873740212,0.9213980446165084,0.514831738465552,2.1879999999999997
cdc_diabetes,size_1000,sample_03,PrivateGSD_eps30,1000,1000,0.0018421052631578,0.0019599610696231,1.0,0.0130994152046783,11.495552282044857,9.820449012791078,0.0229371345029239,0.0359761883782545,0.9327727272727272,0.9771040507248164,0.5674302596338803,0.5524298873740212,1.0271534406446543,0.4369215828909055,1.5319999999999998
cdc_diabetes,size_1000,sample_03,PrivateGSD_eps300,1000,1000,0.0003684210526315,0.0005642890686954,1.0,0.0035614035087719,10.55717790516567,4.396157702008809,0.0215295321637426,0.0150773313973583,0.9340454545454544,0.986257073605645,0.5782503052964207,0.5524298873740212,1.0467397192075596,0.4461438925393898,1.4759999999999998
cdc_diabetes,size_1000,sample_03,RankSwap,1000,1000,0.0,0.0,1.0,0.0,0.5405638167805121,3.1114043602644523,0.0026073099415204,0.0190610259920356,0.9965909090909092,0.9507550149827356,0.7975834578973593,0.5524298873740212,1.1,0.4846944551139764,0.004
cdc_diabetes,size_1000,sample_03,TabDDPM,1000,1000,0.0209473684210526,0.0208488113540098,1.0,0.0365555555555555,13.383556355115577,6.784774353106713,0.0166078947368421,0.0339488214753534,0.976681818181818,0.9603509816787316,0.7560621159275868,0.5524298873740212,1.1,0.4968454455426457,1.064
cdc_diabetes,size_1000,sample_03,Synthpop,1000,1000,0.0136842105263157,0.0140219275674705,1.0,0.0303742690058479,4.177922249906403,3.96130400261952,0.0058748538011695,0.0546968974102683,0.9859999999999997,0.929731405428072,0.603495032111114,0.5524298873740212,1.0924373314966491,0.4623663016741723,0.7000000000000002
cdc_diabetes,size_1000,sample_04,AIM_eps0.1,1000,1000,0.2669999999999997,0.2369158929942995,0.8622469635627531,0.4286900584795321,158.20699322959317,104.6338637557584,0.2826962962962963,0.1735952123272728,0.6610454545454545,0.4960199445086973,0.4694960212201591,0.516191429864278,0.9095385819416832,0.9960243640810434,15.284
cdc_diabetes,size_1000,sample_03,TVAE,1000,1000,0.1082105263157893,0.1295177154777214,0.8615384615384615,0.1917134502923976,53.82990751992725,44.276270370086905,0.0718611111111111,0.0677733232940481,0.869409090909091,0.766893246818437,0.5678926991150443,0.5524298873740212,1.0279905414092032,0.8411197246769345,5.68
cdc_diabetes,size_1000,sample_04,AIM_eps0.3,1000,1000,0.0781052631578946,0.0815624560241102,0.9696356275303644,0.1361111111111111,110.81336543207404,24.110215169467565,0.1574851851851851,0.1534416156715462,0.8505909090909092,0.7750858769545138,0.4694960212201591,0.516191429864278,0.9095385819416832,0.8288371268537063,6.617999999999999
cdc_diabetes,size_1000,sample_04,AIM_eps1,1000,1000,0.0651052631578946,0.0752878390522721,0.9342105263157896,0.1151812865497076,62.81216460006041,76.31571807807157,0.0829944444444444,0.1562010704744047,0.9065454545454548,0.7967779151267894,0.4689325544344132,0.516191429864278,0.9084469970120672,0.8041502148423442,4.678000000000001
cdc_diabetes,size_1000,sample_04,AIM_eps10,1000,1000,0.0078947368421052,0.0097572505087048,1.0,0.0283625730994152,25.50616775596678,7.350852744561603,0.0430907407407407,0.1317440460902839,0.9206818181818184,0.9393349953717082,0.4694960212201591,0.516191429864278,0.9095385819416832,0.5587554971489804,4.699999999999999
cdc_diabetes,size_1000,sample_04,AIM_eps3,1000,1000,0.0114736842105263,0.0121788191142803,1.0,0.0365380116959064,14.791023864170311,15.439926033878296,0.0362398148148148,0.1841937798969851,0.9222272727272728,0.950158914849154,0.5099387853359928,0.516191429864278,0.9878869654447422,0.5191518414172206,2.02
cdc_diabetes,size_1000,sample_04,AIM_eps30,1000,1000,0.0078947368421052,0.0085489799956018,1.0,0.0216023391812865,9.019936954128346,8.830989602877066,0.0252268518518518,0.0506702717620783,0.9237727272727272,0.9691644787547916,0.5256729515000593,0.516191429864278,1.0183682273385233,0.5152157516168233,1.6860000000000004
cdc_diabetes,size_1000,sample_04,ARF,1000,1000,0.023157894736842,0.0223952857879065,1.0,0.0441578947368421,5.939528290392708,11.487007688116584,0.0285055555555555,0.0179082401669201,0.9616818181818182,0.9278057906482668,0.4870887064195614,0.516191429864278,0.9436202891885852,0.5425631481043179,1.5840000000000003
cdc_diabetes,size_1000,sample_04,CTGAN,1000,1000,0.0863157894736841,0.0717518529046995,1.0,0.1482690058479532,20.39174657582588,18.798532480174558,0.0336972222222222,0.1962065547266228,0.8961363636363636,0.8322064509433336,0.4694960212201591,0.516191429864278,0.9095385819416832,0.7708515190128541,4.187999999999999
cdc_diabetes,size_1000,sample_04,CellSuppression,1000,409,0.0780144125595157,0.0785481242443999,0.9470647773279354,0.1337906318363145,28.89084186258278,22.415792824703956,0.0357505614416372,0.0485670164640056,0.9239049788841964,0.8712010619862545,0.6160675721073091,0.516191429864278,1.1,0.725798780312954,3.391995110024449
cdc_diabetes,size_1000,sample_04,MST_eps0.1,1000,1000,0.2373684210526313,0.1989904141806413,0.9736842105263158,0.3700877192982456,138.56176424769515,77.47265820685027,0.2105749999999999,0.1801478302645819,0.7095454545454545,0.596882156946334,0.4620894715502095,0.516191429864278,0.8951901266206366,0.9783952372289212,11.86
cdc_diabetes,size_1000,sample_04,MST_eps0.3,1000,1000,0.1527894736842103,0.137885331004869,0.9736842105263158,0.2559883040935672,64.79616080735244,72.83513044914824,0.0963768518518518,0.16887451249825,0.8271818181818182,0.6868601222132148,0.4694960212201591,0.516191429864278,0.9095385819416832,0.9675880678290274,7.89
cdc_diabetes,size_1000,sample_04,MST_eps1,1000,1000,0.0490526315789473,0.0489292272685021,1.0,0.0968421052631579,66.9629123998531,89.85536898936091,0.0968055555555555,0.1792429213600722,0.9212272727272728,0.861468119558268,0.4694960212201591,0.516191429864278,0.9095385819416832,0.8246909944236013,4.456
cdc_diabetes,size_1000,sample_04,MST_eps10,1000,1000,0.0062105263157894,0.0073142440151851,1.0,0.0344269005847953,28.82584192283629,5.978621537804465,0.0429833333333333,0.1827958120007361,0.9221363636363636,0.934509983904757,0.4692144373673036,0.516191429864278,0.9089930791756358,0.5853128937680556,4.635999999999999
cdc_diabetes,size_1000,sample_04,MST_eps100,1000,1000,0.0015263157894736,0.0016757586253026,1.0,0.0236315789473684,27.500091305976,9.427169846167285,0.0473296296296296,0.0771585813662702,0.9170909090909092,0.9376115243634224,0.4694960212201591,0.516191429864278,0.9095385819416832,0.5488661325006653,4.752
cdc_diabetes,size_1000,sample_04,MST_eps1000,1000,1000,0.0009999999999999,0.001050318959889,1.0,0.0240350877192982,26.826800355745856,9.046350985562094,0.0469166666666666,0.0164389592356126,0.9195454545454544,0.9507720413902452,0.4686503719447396,0.516191429864278,0.9079003345273896,0.5634109141059205,4.719999999999998
cdc_diabetes,size_1000,sample_04,MST_eps3,1000,1000,0.0204736842105263,0.0234740281188463,1.0,0.0542690058479532,38.574442004004055,45.43472463490431,0.0603185185185185,0.1462949718830648,0.9336363636363636,0.9029331495332268,0.4694960212201591,0.516191429864278,0.9095385819416832,0.6533558427608167,4.0440000000000005
cdc_diabetes,size_1000,sample_04,MST_eps30,1000,1000,0.0028947368421052,0.0032332918030057,1.0,0.0298011695906432,26.49837867303081,5.976230576160328,0.0401703703703703,0.0532534265093663,0.9250454545454544,0.9400048478798092,0.4694960212201591,0.516191429864278,0.9095385819416832,0.5497992462981404,4.516000000000001
cdc_diabetes,size_1000,sample_04,MST_eps300,1000,1000,0.0016315789473684,0.0015906770535894,1.0,0.0263567251461988,27.92568013525054,5.691244649566219,0.0470907407407407,0.0462961917989366,0.9190454545454546,0.9354699381484916,0.4694960212201591,0.516191429864278,0.9095385819416832,0.5760054348642937,4.741999999999999
cdc_diabetes,size_1000,sample_04,MWEMPGM_eps0.1,1000,1000,0.1515789473684209,0.1521853917527261,0.9312753036437248,0.2590584795321637,44.459769604334,39.08657524493508,0.1231074074074074,0.131100966238981,0.782590909090909,0.6843261842019115,0.505530253741054,0.516191429864278,0.9793464679877352,0.9472993970035922,8.268
cdc_diabetes,size_1000,sample_04,MWEMPGM_eps0.3,1000,1000,0.102736842105263,0.0990541623618775,0.9854251012145748,0.174345029239766,29.273807021986688,33.32364101562494,0.0773629629629629,0.1973220023668958,0.8359999999999999,0.7995282121058427,0.4686503719447396,0.516191429864278,0.9079003345273896,0.7892694712298747,6.062
cdc_diabetes,size_1000,sample_04,MWEMPGM_eps1,1000,1000,0.038578947368421,0.0389747401909687,1.0,0.0788187134502924,11.906621108382422,18.693951016896857,0.0494833333333333,0.1939869897501223,0.9000454545454545,0.8882381797202374,0.5535158350013213,0.516191429864278,1.0723072931288808,0.5843386858473801,3.17
cdc_diabetes,size_1000,sample_04,MWEMPGM_eps10,1000,1000,0.0109473684210526,0.0128914664789327,1.0,0.0346783625730994,7.411513826192069,28.21663587314437,0.0442787037037037,0.1670919438886321,0.9218636363636364,0.9267331691955284,0.4694960212201591,0.516191429864278,0.9095385819416832,0.4935949867977704,1.948
cdc_diabetes,size_1000,sample_04,MWEMPGM_eps100,1000,1000,0.0054210526315789,0.0053691531651048,1.0,0.0292280701754385,9.377314302771303,29.866501280270345,0.0463259259259259,0.1581229051120518,0.9268636363636364,0.9312935742092292,0.468367889420521,0.516191429864278,0.9073530907960512,0.4930689172206137,1.7380000000000002
cdc_diabetes,size_1000,sample_04,MWEMPGM_eps1000,1000,1000,0.0044736842105263,0.0047676889097371,1.0,0.0293040935672514,9.029548063520377,30.04366969423429,0.0458083333333333,0.1687237266744351,0.9275909090909092,0.9312507117315512,0.4783659125851087,0.516191429864278,0.9267219190721804,0.4815714997513562,1.6959999999999995
cdc_diabetes,size_1000,sample_04,MWEMPGM_eps3,1000,1000,0.0138421052631578,0.014925231958947,1.0,0.0439122807017543,10.731463640952814,32.26268466562793,0.0455462962962962,0.1451011484885415,0.9199090909090908,0.919698477390767,0.5644599303135889,0.516191429864278,1.0935089146145862,0.5236444208859737,2.099999999999999
cdc_diabetes,size_1000,sample_04,MWEMPGM_eps30,1000,1000,0.0056842105263157,0.0062416531726907,1.0,0.0284970760233918,8.187696233788627,30.2388045256696,0.0449796296296296,0.1633397780001303,0.926409090909091,0.9321298282813844,0.4680851063829787,0.516191429864278,0.9068052648905304,0.4883306100151688,1.746
cdc_diabetes,size_1000,sample_04,MWEMPGM_eps300,1000,1000,0.0053157894736841,0.0057204397656923,1.0,0.0287953216374268,9.42644830617246,30.88129294106069,0.0464509259259259,0.1449628755301219,0.9267272727272728,0.9318422324099777,0.4694960212201591,0.516191429864278,0.9095385819416832,0.4834197722924773,1.7359999999999998
cdc_diabetes,size_1000,sample_04,PrivBayes_eps0.1,1000,1000,0.2062105263157892,0.1821261406222059,1.0,0.3264385964912281,214.56978036889208,77.59829161043118,0.3209296296296296,0.2247521581064385,0.7324090909090909,0.6006141634754992,0.5501440654335905,0.516191429864278,1.065775279282847,0.9939340808143744,11.818
cdc_diabetes,size_1000,sample_04,PrivBayes_eps0.3,1000,1000,0.1697894736842103,0.1699770827008116,0.9736842105263158,0.2729239766081871,234.43162060843213,84.73212762495555,0.3192638888888888,0.2043875127712972,0.7680454545454545,0.6559715096573292,0.5787545787545788,0.516191429864278,1.1,0.981617804890179,9.927999999999995
cdc_diabetes,size_1000,sample_04,PrivBayes_eps1,1000,1000,0.0833157894736841,0.0905746424437319,1.0,0.1424269005847953,127.77034114612096,66.48888668522436,0.1781222222222222,0.1465932388961303,0.8502272727272726,0.7973771001803281,0.5057976874599226,0.516191429864278,0.9798645581832408,0.8757418654741126,5.951999999999999
cdc_diabetes,size_1000,sample_04,PrivBayes_eps10,1000,1000,0.0418947368421052,0.041619098133117,1.0,0.0797076023391813,38.28137956173101,14.090043104751384,0.0508259259259259,0.085614892317467,0.8937272727272727,0.909703799400536,0.5087326997679186,0.516191429864278,0.9855504571300696,0.6404763361480558,3.3840000000000003
cdc_diabetes,size_1000,sample_04,PrivBayes_eps100,1000,1000,0.0314210526315789,0.0342535195399594,1.0,0.0606198830409356,40.32525294269182,39.42271943879276,0.0625981481481481,0.0459942168561878,0.9033636363636364,0.9268961414489856,0.4941920047150102,0.516191429864278,0.9573812659950782,0.6219034754666195,2.8559999999999994
cdc_diabetes,size_1000,sample_04,PrivBayes_eps1000,1000,1000,0.0137368421052631,0.0140323506723892,1.0,0.033672514619883,23.087009201140564,7.86030151869632,0.0350574074074074,0.0653928115823726,0.9208181818181818,0.957350263128253,0.5029886655025753,0.516191429864278,0.9744227360329938,0.5286970000336062,2.056
cdc_diabetes,size_1000,sample_04,PrivBayes_eps3,1000,1000,0.0482631578947367,0.0473508788522299,1.0,0.0915263157894736,73.84152589506459,43.486725060095694,0.0934703703703703,0.183965264789045,0.887681818181818,0.8831344246875171,0.4932234884415973,0.516191429864278,0.9555049925484618,0.7496829695495428,3.888
cdc_diabetes,size_1000,sample_04,PrivBayes_eps300,1000,1000,0.0207368421052631,0.0200060796151333,1.0,0.0422222222222222,26.86531694541745,12.990012656641106,0.0392027777777777,0.0227428570253962,0.9143636363636362,0.949246258504164,0.4870887064195614,0.516191429864278,0.9436202891885852,0.5370513290798846,2.353999999999999
cdc_diabetes,size_1000,sample_04,PrivBayes_eps30,1000,1000,0.0645263157894736,0.0642024892474514,1.0,0.1142923976608187,71.02015849612128,61.858086872274384,0.113774074074074,0.0807705977966453,0.8720909090909091,0.8568781130013204,0.4773028828756383,0.516191429864278,0.9246625479788944,0.6849806055718556,4.5600000000000005
cdc_diabetes,size_1000,sample_04,PrivSyn_eps0.1,1000,1000,0.3541052631578943,0.2947622173670808,0.859412955465587,0.5957192982456141,282.7357102440681,63.23001096438774,0.3945111111111112,0.841518835867253,0.5819090909090909,0.3642758517151477,0.5628895912090474,0.516191429864278,1.0904667503836725,0.9992327116996697,18.876
cdc_diabetes,size_1000,sample_04,PrivSyn_eps0.3,1000,1000,0.1302631578947367,0.12607946036991,0.9559716599190284,0.2707953216374269,82.00428270213912,76.79081960695446,0.1427981481481481,0.212929144121716,0.8465909090909091,0.6875610661637119,0.549746028619268,0.516191429864278,1.0650041761780356,0.8961803507486915,7.348
cdc_diabetes,size_1000,sample_04,PrivSyn_eps1,1000,1000,0.0576315789473683,0.0600106992247407,0.978744939271255,0.1347485380116959,48.46150006494484,63.52878459435617,0.0788287037037036,0.0639859157873739,0.9232272727272726,0.8054849399407746,0.4680851063829787,0.516191429864278,0.9068052648905304,0.7492259841795006,4.144
cdc_diabetes,size_1000,sample_04,PrivSyn_eps10,1000,1000,0.0328421052631578,0.0309100152764642,0.9959514170040484,0.0797368421052631,5.773990418685032,3.3776222329198755,0.0172675925925926,0.1568767822045939,0.9614545454545452,0.9062453888601434,0.5845703342688944,0.516191429864278,1.1,0.5751432952795992,2.742
cdc_diabetes,size_1000,sample_04,PrivSyn_eps100,1000,1000,0.0239999999999999,0.0221550831614808,1.0,0.0632923976608187,7.026800432166612,19.65627800994292,0.0167787037037037,0.1895503706911413,0.9683181818181816,0.8878514045193218,0.5727956254272044,0.516191429864278,1.1,0.5157505782202335,2.356
cdc_diabetes,size_1000,sample_04,PrivSyn_eps1000,1000,1000,0.0294210526315789,0.0270347171784461,1.0,0.0682865497076023,8.321255357478073,6.9916106613072975,0.0207759259259259,0.1483260696132241,0.9623636363636364,0.9200541597211264,0.5252105418826569,0.516191429864278,1.0174724170042944,0.5294857173981807,2.576
cdc_diabetes,size_1000,sample_04,PrivSyn_eps3,1000,1000,0.0406842105263157,0.0401462290641463,0.9919028340080972,0.1053742690058479,28.4984251235283,40.88812732573189,0.0421083333333333,0.2243621465580845,0.949409090909091,0.8747379081392331,0.6164500319624974,0.516191429864278,1.1,0.625575198474445,3.2139999999999995
cdc_diabetes,size_1000,sample_04,PrivSyn_eps30,1000,1000,0.0253684210526315,0.0271099967942397,1.0,0.064046783625731,9.664628389876029,17.673070809629827,0.0225972222222222,0.0837371160842428,0.9631818181818184,0.9233523563890632,0.5187452663468821,0.516191429864278,1.0049474598653854,0.5120500191259573,2.386
cdc_diabetes,size_1000,sample_04,PrivSyn_eps300,1000,1000,0.0203157894736841,0.0187019187554341,1.0,0.0628304093567251,18.848434589062787,17.372451317650114,0.0336129629629629,0.1466971713256439,0.9670454545454544,0.908198936116933,0.5285560344827587,0.516191429864278,1.0239535253797925,0.566555307532812,2.41
cdc_diabetes,size_1000,sample_04,PrivateGSD_eps0.3,1000,1000,0.116736842105263,0.1102966106478526,1.0,0.2023684210526316,50.00158798920719,54.21454832371266,0.0938666666666666,0.1646717963288837,0.8264545454545454,0.7772770229675613,0.4887581173245733,0.516191429864278,0.9468543818296188,0.7703621515457302,6.436
cdc_diabetes,size_1000,sample_04,PrivateGSD_eps0.1,1000,1000,0.2200526315789471,0.1923067494863088,1.0,0.3481754385964912,192.4297511035725,69.10897182675316,0.2842703703703703,0.1281713218480391,0.7231818181818181,0.5979426104641903,0.5719555337336808,0.516191429864278,1.1,0.9537271172738976,11.926000000000002
cdc_diabetes,size_1000,sample_04,PrivateGSD_eps1,1000,1000,0.0398947368421052,0.0424666724904584,1.0,0.0872748538011695,35.69989193749005,37.07745817435526,0.0640879629629629,0.215777563621863,0.8955454545454546,0.8966378080284294,0.4965267643453388,0.516191429864278,0.9619043159622002,0.5805217654042527,3.12
cdc_diabetes,size_1000,sample_04,PrivateGSD_eps10,1000,1000,0.0046315789473684,0.0056858533234627,1.0,0.0258947368421052,14.985001481766933,15.506622763944424,0.0280657407407407,0.1441102195271349,0.9271363636363636,0.9635663838558844,0.5133346311076503,0.516191429864278,0.994465621297073,0.4927537452757284,1.576
cdc_diabetes,size_1000,sample_04,PrivateGSD_eps100,1000,1000,0.0010526315789473,0.0012446045746387,1.0,0.0066959064327485,11.156306352808988,7.315768928536335,0.0224629629629629,0.0225509240664866,0.9305,0.984074344648919,0.5303035872552984,0.516191429864278,1.027338999587802,0.4759610719312936,1.4080000000000004
cdc_diabetes,size_1000,sample_04,PrivateGSD_eps1000,1000,1000,0.0001578947368421,0.0001657928132493,1.0,0.0023742690058479,10.676551737268063,4.734713319614991,0.0218444444444444,0.0178722565406442,0.9313181818181818,0.9879315654337189,0.5325854700854701,0.516191429864278,1.0317596131387277,0.4673482891101708,1.374
cdc_diabetes,size_1000,sample_04,PrivateGSD_eps3,1000,1000,0.0143684210526315,0.0169090120119542,1.0,0.0482807017543859,24.705137061203786,25.430069378139,0.0414342592592592,0.130093179738557,0.9180454545454548,0.9386833776207452,0.542708430151501,0.516191429864278,1.051370477400328,0.5418407294385067,2.018
cdc_diabetes,size_1000,sample_04,PrivateGSD_eps30,1000,1000,0.0021052631578947,0.002425294689417,1.0,0.0135380116959064,12.27597288293734,10.284993631602198,0.0243092592592592,0.0555806966720528,0.9295909090909092,0.9765308612770214,0.4997288446258686,0.516191429864278,0.9681075965566716,0.4733475090958323,1.4620000000000004
cdc_diabetes,size_1000,sample_04,PrivateGSD_eps300,1000,1000,0.0002105263157894,0.0002815291820087,1.0,0.0035906432748538,10.809719337770824,6.108919165546857,0.0219333333333333,0.0173374026033154,0.9312272727272728,0.9869523545285498,0.5235313371367962,0.516191429864278,1.014219351090401,0.4605897188479771,1.376
cdc_diabetes,size_1000,sample_04,RankSwap,1000,1000,0.0,0.0,1.0,0.0,0.4476434046482003,2.882979736650076,0.0032129629629629,0.0106152895983937,0.9964545454545456,0.9540999007168934,0.7941923027921245,0.516191429864278,1.1,0.485008574055705,0.02
cdc_diabetes,size_1000,sample_04,Synthpop,1000,1000,0.0144736842105263,0.0144531540603323,1.0,0.031719298245614,8.985640458565374,6.951056663486339,0.0107675925925925,0.0288441707196159,0.9844090909090912,0.9621417045191366,0.5333605189367346,0.516191429864278,1.033261088766322,0.4854386718451382,0.7300000000000001
cdc_diabetes,size_1000,sample_04,TVAE,1000,1000,0.1116315789473683,0.1350760446061164,0.8696356275303643,0.1961520467836257,39.47617241202335,26.912583956350545,0.0485592592592592,0.1245317742584419,0.8781818181818181,0.7584207893446422,0.5069585140806848,0.516191429864278,0.9821133878874508,0.8221389107724546,5.324
cdc_diabetes,size_1000,sample_04,TabDDPM,1000,1000,0.0197368421052631,0.0203283522886544,1.0,0.0346783625730994,6.810203721838068,6.003208119224964,0.0085685185185185,0.0101467064583612,0.9802727272727272,0.963942770304383,0.748641304347826,0.516191429864278,1.1,0.514438941287946,0.9320000000000002
cdc_diabetes,size_100000,sample_00,AIM_eps1,100000,100000,0.0006199999999999,0.0010200013782328,1.0,0.0037997076023391,25.67905263942352,13.983929717305116,0.0446046718346253,0.0188869309580708,0.91834,0.9483811671149908,0.4973392838762392,0.5309634479579617,0.9366732977482624,0.6093630178836718,4.659879999999999
cdc_diabetes,size_100000,sample_00,CTGAN,100000,100000,0.0969836842105263,0.0825873439472893,1.0,0.1533909356725146,44.65392800973209,28.426876289163232,0.0598203436692506,0.02680934392649,0.8996422727272726,0.805790631965845,0.4630263627889042,0.5309634479579617,0.8720494122193487,0.7719568683301622,4.5426400000000005
cdc_diabetes,size_100000,sample_00,RankSwap,100000,100000,0.0,0.0,1.0,0.0,0.5248319131875067,2.889504408980859,0.001758480620155,0.0084626328512377,0.996426818181818,0.9631897231633034,0.5188717988408692,0.5309634479579617,0.9772269649420904,0.5008468095484025,0.0081
cdc_diabetes,size_100000,sample_00,Synthpop,100000,100000,0.0025336842105263,0.0025253102612716,1.0,0.0079316374269005,0.0858857794891641,0.247973341315512,0.0003760930232558,0.005884185749455,0.9975777272727274,0.9924411416509774,0.507758832384383,0.5309634479579617,0.9562971504753268,0.4951886677831696,0.1110599999999997
cdc_diabetes,size_100000,sample_00,ARF,100000,100000,0.012468947368421,0.0117274680598026,1.0,0.0240621052631578,4.810424611694166,10.127139286408484,0.0180085943152454,0.0085283844252433,0.9794822727272726,0.9597114607071948,0.4786990121248115,0.5309634479579617,0.9015667912276988,0.536626610303725,0.8396599999999999
cdc_diabetes,size_100000,sample_00,CellSuppression,100000,99561,0.0005628077259167,0.0012444986481339,0.9912280701754386,0.0009907696101675,0.1254791891961225,0.0717757445054455,0.000149029012481,0.0003202932450802,0.9994787770174705,0.9990811494567792,0.5210092025496855,0.5309634479579617,0.981252484432432,0.4941984020239636,0.0233789288978613
cdc_diabetes,size_100000,sample_00,MST_eps1,100000,100000,0.0004857894736842,0.0005576136376358,1.0,0.0192266666666666,25.832022592780174,12.300719327126568,0.0444253410852713,0.060739796901074,0.9184059090909092,0.9360084428772658,0.4628767248371174,0.5309634479579617,0.8717675887674066,0.6031823058042628,4.655980000000001
cdc_diabetes,size_100000,sample_00,MST_eps100,100000,100000,1.2631578947366904e-05,1.380256443931412e-05,1.0,0.0190554385964912,25.984050085603787,7.108205589517995,0.0442888217054263,0.0318433576575817,0.9214227272727272,0.9645697184567684,0.4628767248371174,0.5309634479579617,0.8717675887674066,0.6051796842071803,4.67644
cdc_diabetes,size_100000,sample_00,MST_eps0.1,100000,100000,0.0050710526315789,0.007462512084412,1.0,0.0265261988304093,27.058092490300734,4.974511498658072,0.0401661627906976,0.0593588750078835,0.924115909090909,0.9441687086038444,0.4628767248371174,0.5309634479579617,0.8717675887674066,0.6060962580766756,4.57094
cdc_diabetes,size_100000,sample_00,MST_eps1000,100000,100000,1.1578947368422954e-05,1.2078129796565237e-05,1.0,0.0190654385964912,25.982975233089928,7.175663835435545,0.0442926770025839,0.0306392362467737,0.9214236363636364,0.964569312318744,0.4628767248371174,0.5309634479579617,0.8717675887674066,0.5995939847176204,4.676399999999999
cdc_diabetes,size_100000,sample_00,MST_eps10,100000,100000,6.94736842105255e-05,0.0001000621208191,1.0,0.0192200584795321,26.000865075252992,7.062170875886888,0.0443030697674418,0.0313578146469277,0.9213713636363636,0.9644920921126824,0.4628767248371174,0.5309634479579617,0.8717675887674066,0.6079178492303196,4.678680000000001
cdc_diabetes,size_100000,sample_00,TVAE,100000,100000,0.0799473684210526,0.0817709031509197,0.9959514170040484,0.1417207017543859,4.6112538608851485,4.593054771287973,0.0135821757105943,0.0828070444677464,0.9226745454545452,0.8442995213562697,0.5129932099588123,0.5309634479579617,0.9661554139651668,0.7336200945981356,3.48712
cdc_diabetes,size_100000,sample_00,TabDDPM,100000,100000,0.0046973684210526,0.0051867989415465,1.0,0.0087314035087719,3.70774911828969,7.893511011880666,0.0080885271317829,0.0468009580535191,0.99369,0.9779669201857996,0.5230122115084614,0.5309634479579617,0.9850248890416422,0.507110640675805,0.3376800000000002
cdc_diabetes,size_100000,sample_01,ARF,100000,100000,0.0120510526315789,0.0115295587073827,1.0,0.0238661988304093,4.172582900852798,10.204567623838145,0.0189106149870801,0.0073962337569885,0.9794654545454544,0.958580976837076,0.4687933884086052,0.51899318580538,0.9032746501108648,0.5394459844578007,0.8345999999999999
cdc_diabetes,size_100000,sample_01,AIM_eps1,100000,100000,0.0009726315789473,0.0013911727809257,1.0,0.00439216374269,25.523308364323004,14.73297151582187,0.0446092583979328,0.0069329880914287,0.9180340909090908,0.9476984870903152,0.5136429158101741,0.51899318580538,0.9896910590726304,0.6184210652573952,4.6761
cdc_diabetes,size_100000,sample_01,CTGAN,100000,100000,0.0916626315789473,0.0776885465700955,1.0,0.1468387719298245,27.653047909853505,14.195100114254611,0.0467194702842377,0.0860585026196251,0.9057231818181818,0.823741741324981,0.6406874303018705,0.51899318580538,1.1,0.7701448067323039,4.23738
cdc_diabetes,size_100000,sample_01,CellSuppression,100000,99572,0.0005469247537354,0.0012714616801103,0.9912280701754386,0.0009717790764354,0.0998929177784693,0.0546082775213509,0.000122507072181,0.0002700709740891,0.9994943388247152,0.9991020910161922,0.5125636660634321,0.51899318580538,0.9876115524893998,0.5040976290859206,0.0225718217972919
cdc_diabetes,size_100000,sample_01,MST_eps0.1,100000,100000,0.0040521052631578,0.0061992256720894,1.0,0.0232485380116959,25.93773457825579,5.019241522871805,0.0404744909560723,0.0453946396823728,0.9246686363636362,0.946646831344054,0.4627526405707716,0.51899318580538,0.8916352914412601,0.6091709733939109,4.500579999999999
cdc_diabetes,size_100000,sample_01,MST_eps1,100000,100000,0.0005626315789473,0.0008932334903296,1.0,0.0195591228070175,25.633301237367903,10.82907852021867,0.0442952325581395,0.0634928560234129,0.9183131818181818,0.9354064966059086,0.4627526405707716,0.51899318580538,0.8916352914412601,0.6030581888885395,4.662599999999999
cdc_diabetes,size_100000,sample_01,MST_eps10,100000,100000,6.263157894737136e-05,9.248645427991476e-05,1.0,0.019108245614035,25.95990380390046,7.388550137261594,0.0442594521963824,0.0292610062102802,0.921399090909091,0.964474192600366,0.4627526405707716,0.51899318580538,0.8916352914412601,0.6071967268906874,4.6749
cdc_diabetes,size_100000,sample_01,MST_eps100,100000,100000,1.473684210526476e-05,2.028103229855796e-05,1.0,0.0191566081871345,25.943755715156904,7.2985478441589215,0.0442288966408268,0.0325404835301746,0.921436818181818,0.9644234167736132,0.4627526405707716,0.51899318580538,0.8916352914412601,0.6076001531987895,4.67244
cdc_diabetes,size_100000,sample_01,RankSwap,100000,100000,0.0,0.0,1.0,0.0,0.4865870315893978,2.719354299757029,0.0017750749354005,0.0099254586926279,0.996430909090909,0.9631582762422558,0.5192339593276453,0.51899318580538,1.0004639240529627,0.500818219351045,0.0109399999999999
cdc_diabetes,size_100000,sample_01,MST_eps1000,100000,100000,1.2631578947363936e-05,1.4637933318323218e-05,1.0,0.0192036257309941,25.93796531276696,7.218450577764715,0.0442229250645994,0.0283872281375023,0.921438181818182,0.964420992025082,0.4627526405707716,0.51899318580538,0.8916352914412601,0.6128701743353795,4.67246
cdc_diabetes,size_100000,sample_01,Synthpop,100000,100000,0.0015115789473684,0.0013984604869776,1.0,0.0053505263157894,0.7018851308523578,0.5596351949107626,0.0009327932816537,0.005827161140668,0.998336818181818,0.9900227673519002,0.5088284766752075,0.51899318580538,0.9804145612963294,0.5043969453258995,0.0792800000000005
cdc_diabetes,size_100000,sample_01,TVAE,100000,100000,0.0595047368421052,0.0673154376471532,0.9912280701754386,0.1053746198830409,14.701919817678572,12.429256460445242,0.020142480620155,0.0834189737464273,0.9413395454545456,0.8839959373999151,0.511911929339843,0.51899318580538,0.986355781235964,0.7109217342097301,2.7365
cdc_diabetes,size_100000,sample_01,TabDDPM,100000,100000,0.0056763157894736,0.0067006366013863,1.0,0.0108181871345029,1.974235004782958,4.571800788533962,0.0064134341085271,0.0463833781444114,0.992785,0.9845884196224391,0.5129121484488826,0.51899318580538,0.9882830109881132,0.5034022775765615,0.3746599999999999
cdc_diabetes,size_100000,sample_02,ARF,100000,100000,0.0113878947368421,0.0110035858781569,1.0,0.0228144444444444,3.802334619256336,10.008480866829318,0.017390465116279,0.0120028291480071,0.9812745454545456,0.9574289426678704,0.483217890161322,0.50178613060387,0.962995707919424,0.5358494603794122,0.7639400000000002
cdc_diabetes,size_100000,sample_02,AIM_eps1,100000,100000,0.0007273684210526,0.0008901448811525,1.0,0.0042847368421052,25.923027655188243,12.897357984638806,0.0446782506459948,0.0143105957197165,0.9181172727272724,0.947701100027794,0.502437102329111,0.50178613060387,1.0012973089238792,0.6197075898529882,4.67158
cdc_diabetes,size_100000,sample_02,CTGAN,100000,100000,0.0821121052631578,0.0692779935623704,1.0,0.1337423391812865,13.739640923460032,12.287929511831216,0.0375348708010336,0.0265821992219125,0.9146213636363636,0.8244468255461782,0.4640431930022183,0.50178613060387,0.924782820025917,0.7298899009902374,4.127599999999999
cdc_diabetes,size_100000,sample_02,CellSuppression,100000,99561,0.0005534988018453,0.0013062455943336,0.9912280701754386,0.0009902063791036,0.1474544322781504,0.0964614696795964,0.0001925536708735,3.472072073857265e-05,0.9994725764880552,0.9990664743259914,0.523862893925525,0.50178613060387,1.0439963599445987,0.4951495823434972,0.023313581221563
cdc_diabetes,size_100000,sample_02,MST_eps0.1,100000,100000,0.0052526315789473,0.0060421988736733,0.9912280701754386,0.0253010526315789,26.19126258750856,6.3571797123956175,0.0420904056847545,0.0288579311068036,0.9235386363636364,0.9443168099711676,0.4627526405707716,0.50178613060387,0.9222109027239452,0.5944315681782583,4.58764
cdc_diabetes,size_100000,sample_02,MST_eps1,100000,100000,0.0005668421052631,0.0008245486373591,1.0,0.0196671929824561,25.66602321592026,12.738351087332063,0.0443977984496123,0.0631828648850826,0.9181759090909092,0.9353353926522612,0.4627526405707716,0.50178613060387,0.9222109027239452,0.609102510922857,4.6671200000000015
cdc_diabetes,size_100000,sample_02,Synthpop,100000,100000,0.0016942105263157,0.0016411717264164,1.0,0.0059561403508771,0.2297855716839444,0.2878280133363869,0.0004302325581395,0.0047295056578216,0.9982559090909092,0.9942854361104472,0.5143888041843898,0.50178613060387,1.025115627374638,0.5027590855822671,0.0789199999999998
cdc_diabetes,size_100000,sample_02,TVAE,100000,100000,0.0751942105263158,0.0756987199744364,0.9765519568151146,0.1368259064327485,4.928891953174949,6.196982621656963,0.0107358397932816,0.0688692198300717,0.9278581818181816,0.8623244422954757,0.5199430560717604,0.50178613060387,1.0361845899216486,0.7499532097050965,3.29416
cdc_diabetes,size_100000,sample_02,TabDDPM,100000,100000,0.0042163157894736,0.0046673869593381,1.0,0.008072865497076,2.684479087110493,7.158363931742505,0.0070839431524547,0.0460092042034605,0.994035,0.9843169099294148,0.5310191084814494,0.50178613060387,1.0582578433098049,0.510428563850836,0.3368399999999999
cdc_diabetes,size_100000,sample_03,AIM_eps1,100000,100000,0.000708947368421,0.0008047697751121,1.0,0.0041244444444444,25.61504501931382,12.489901822620707,0.0445064832041343,0.0133218101549205,0.9183772727272728,0.9479597285054874,0.5096692759655005,0.5379748784056031,0.9473848990519216,0.6148062142669568,4.66352
cdc_diabetes,size_100000,sample_02,MST_eps10,100000,100000,5.8421052631573215e-05,7.655312311310605e-05,1.0,0.0190203508771929,26.05320297453705,7.211755912295907,0.0442933875968992,0.0308933002599107,0.9213236363636366,0.964727359522122,0.4627526405707716,0.50178613060387,0.9222109027239452,0.6074307030477062,4.678859999999999
cdc_diabetes,size_100000,sample_02,RankSwap,100000,100000,0.0,0.0,1.0,0.0,0.4985094524743885,3.100981244351092,0.0018291472868217,0.0104298615032464,0.9964636363636364,0.9632188104231388,0.5289675947133573,0.50178613060387,1.0541694206879713,0.5003162375184865,0.0109599999999999
cdc_diabetes,size_100000,sample_02,MST_eps100,100000,100000,1.0526315789467423e-05,1.651436529688112e-05,1.0,0.0191931578947368,26.044488330675325,7.14420866743404,0.0442720361757105,0.0308852102983864,0.9213690909090908,0.96453425188118,0.4627526405707716,0.50178613060387,0.9222109027239452,0.611176379878069,4.67674
cdc_diabetes,size_100000,sample_02,MST_eps1000,100000,100000,1.05263157894751e-05,2.33826813922584e-05,1.0,0.0191249707602339,26.050939552231,7.193323791616829,0.0442761447028423,0.0309770692524531,0.9213677272727272,0.9646060363468456,0.4627526405707716,0.50178613060387,0.9222109027239452,0.6064517034123382,4.676720000000001
cdc_diabetes,size_100000,sample_03,ARF,100000,100000,0.0121352631578947,0.0116277560425074,1.0,0.0233704093567251,4.52897164994756,9.755353710949215,0.0195567312661498,0.0069583119152188,0.9791450000000002,0.9583791451607232,0.4866635034106065,0.5379748784056031,0.9046212432120804,0.5409296715823083,0.8563000000000001
cdc_diabetes,size_100000,sample_03,CTGAN,100000,100000,0.0957742105263158,0.0823771760328162,1.0,0.1541576608187134,19.955586350414297,9.843391667061764,0.0395276175710594,0.0652016783265979,0.8984354545454546,0.808631287803074,0.5686509764779143,0.5379748784056031,1.0570214320369826,0.7912979812933569,4.67992
cdc_diabetes,size_100000,sample_03,CellSuppression,100000,99551,0.0005317406946664,0.0012672793196589,0.9912280701754386,0.0009583323238299,0.1039781396432666,0.0672167018974592,0.0001249493022118,0.0001115934378503,0.9995133528451838,0.9991153680215732,0.5341774014337349,0.5379748784056031,0.9929411628245228,0.5043362013225773,0.0218611851211937
cdc_diabetes,size_100000,sample_03,MST_eps0.1,100000,100000,0.0035657894736842,0.0054240336496427,1.0,0.0233648538011695,26.102444156233368,6.180074616812211,0.0414578940568475,0.0461351432847041,0.924985909090909,0.9448082999353804,0.4626342742607191,0.5379748784056031,0.8599551628615698,0.6028220946669571,4.535360000000002
cdc_diabetes,size_100000,sample_03,MST_eps1,100000,100000,0.0006226315789473,0.0007554075711021,1.0,0.0196012865497076,25.02356492859735,12.324038826413052,0.0444094315245478,0.0653028776532278,0.9183177272727272,0.9353753492793082,0.4626342742607191,0.5379748784056031,0.8599551628615698,0.6047557422904627,4.658500000000002
cdc_diabetes,size_100000,sample_03,MST_eps10,100000,100000,5.0526315789475485e-05,6.81684034833792e-05,1.0,0.019212865497076,25.8194013371653,7.380614726036281,0.0442481395348837,0.0286037527099765,0.9214645454545456,0.9643720968438744,0.4626342742607191,0.5379748784056031,0.8599551628615698,0.6044644785487253,4.67142
cdc_diabetes,size_100000,sample_03,MST_eps100,100000,100000,1.1052631578947488e-05,2.304719829516393e-05,1.0,0.019064678362573,25.773436501273945,7.319609345973125,0.0442282351421188,0.0295451938516826,0.9215018181818184,0.964479143762867,0.4626342742607191,0.5379748784056031,0.8599551628615698,0.5933901506385177,4.669779999999999
cdc_diabetes,size_100000,sample_03,MST_eps1000,100000,100000,1.315789473683464e-05,2.038902480091146e-05,1.0,0.0192122222222222,25.771379112934184,7.274717619637282,0.0442232118863049,0.0279114201188117,0.9214986363636364,0.964394124977583,0.4626342742607191,0.5379748784056031,0.8599551628615698,0.5896864536614143,4.66992
cdc_diabetes,size_100000,sample_03,RankSwap,100000,100000,0.0,0.0,1.0,0.0,0.5262836038841113,2.9929661935631136,0.0017787571059431,0.0089878642579738,0.9964386363636364,0.9631441480675892,0.541973155217389,0.5379748784056031,1.007432088135588,0.4999610747783323,0.00846
cdc_diabetes,size_100000,sample_04,AIM_eps1,100000,100000,0.0006584210526315,0.0012140114489234,1.0,0.0039777777777777,25.43819202622116,13.27566822283727,0.0444790801033591,0.0182195706327288,0.9183790909090908,0.9481270590651556,0.5108812480691166,0.5389055735513192,0.947997706922336,0.6083367949768873,4.66888
cdc_diabetes,size_100000,sample_03,Synthpop,100000,100000,0.0014536842105263,0.0012700695875357,1.0,0.0057709941520467,0.0819034922642006,0.2648814757005274,0.0004816821705426,0.0048146323595375,0.9984259090909088,0.994296874681648,0.5284039061003176,0.5379748784056031,0.9822092577410456,0.489830458420434,0.0746800000000001
cdc_diabetes,size_100000,sample_03,TabDDPM,100000,100000,0.006227894736842,0.0070599340628701,1.0,0.0115778362573099,2.9178679705353727,7.003276833210951,0.0074125529715762,0.0393747372134767,0.9923536363636364,0.9836399475938516,0.5338681840946662,0.5379748784056031,0.9923663825672592,0.5011286476843572,0.4084399999999996
cdc_diabetes,size_100000,sample_03,TVAE,100000,100000,0.0329836842105263,0.0475717499080705,0.9871794871794872,0.0614661403508772,15.46924194861962,4.539916008721242,0.0216030981912144,0.0678245680106598,0.9599922727272728,0.909519450857074,0.4666920638049492,0.5379748784056031,0.867497874810317,0.6135674477812963,1.83022
cdc_diabetes,size_100000,sample_04,MST_eps0.1,100000,100000,0.0049942105263157,0.0058302392665459,1.0,0.0251024561403508,22.739511822952487,8.162802400075488,0.0411436640826873,0.0320921998440533,0.9239077272727272,0.9451090549793666,0.4619258749085274,0.5389055735513192,0.857155497165819,0.58221681342834,4.540099999999999
california,size_1000,sample_00,AIM_eps1,1000,1000,,,,,13.775759310090429,64.17683251868786,0.0935882072118913,,0.4667777777777777,0.917878679430456,-0.8885479286794451,0.6954345398139017,0.0,0.923583803904244,15.012000000000002
california,size_1000,sample_00,AIM_eps10,1000,1000,,,,,9.605833953385329,32.75380292231678,0.0647797242258377,0.1208248509837778,0.6128888888888889,0.9395875745081111,0.339731176940807,0.6954345398139017,0.4885163986575465,0.8424410546382819,13.434000000000005
california,size_1000,sample_00,AIM_eps3,1000,1000,,,,,0.7908103170169066,4.696779341598338,0.0152026074934122,0.1713553455664218,0.7982222222222222,0.9143223272167892,0.0688021910221797,0.6954345398139017,0.0989341010164635,0.4823928692138219,9.964
california,size_1000,sample_00,ARF,1000,1000,,,,,1.8063045166372724,7.612597391084829,0.0161453886205084,0.05733486552998,0.927888888888889,0.97133256723501,0.6170236114120495,0.6954345398139017,0.8872490162603085,0.5440558790795255,2.312
california,size_1000,sample_00,CTGAN,1000,1000,,,,,40.54544939266591,852.5648820376678,2.1345160247142347,0.1688282884647801,0.5822222222222222,0.9155858557676102,0.1101385172127213,0.6954345398139017,0.1583736655161779,0.9565654377831824,8.076000000000002
california,size_1000,sample_00,MST_eps0.1,1000,1000,,,,,58.03277634290092,136.21458110689525,0.166618506502655,0.1776832593230674,0.5574444444444444,0.9111583703384664,-0.2080369964900885,0.6954345398139017,0.0,0.9661819756135628,9.608
cdc_diabetes,size_100000,sample_04,ARF,100000,100000,0.0121468421052631,0.0116262691590931,1.0,0.0234352046783625,4.611745984901392,10.128409149284868,0.0192254470284237,0.0116333961636371,0.979535909090909,0.9582016446136568,0.4761412012967699,0.5389055735513192,0.8835336366456681,0.5392348322294666,0.8644600000000001
california,size_1000,sample_00,MST_eps1,1000,1000,,,,,15.272739286807848,55.902544709664085,0.1022682277707176,,0.4468888888888888,0.9185544423263492,-0.3705013263092134,0.6954345398139017,0.0,0.916216246816308,15.166000000000004
cdc_diabetes,size_100000,sample_04,CTGAN,100000,100000,0.1043568421052631,0.0885382013387424,1.0,0.1584542690058479,10.554347768586442,13.4798966446202,0.0334845038759689,0.0417676126582251,0.8932145454545456,0.7993824180996221,0.6277430313123205,0.5389055735513192,1.1,0.7595079539807196,4.91682
california,size_1000,sample_00,MST_eps10,1000,1000,,,,,9.891569825229036,29.95438968500658,0.0628189703071516,0.1140709483597199,0.613,0.94296452582014,0.2858377939439928,0.6954345398139017,0.4110204160687516,0.8673659543631311,13.496000000000002
california,size_1000,sample_00,MST_eps100,1000,1000,,,,,8.545887265084794,19.38777306449298,0.0610717472960614,0.1121656575707189,0.5927777777777778,0.9439171712146408,0.4279207405307059,0.6954345398139017,0.6153285693628112,0.860496701769112,13.952000000000002
cdc_diabetes,size_100000,sample_04,CellSuppression,100000,99569,0.0005074020184891,0.0012203490775088,0.9912280701754386,0.0009045523281366,0.0818703144722091,0.0632525150161837,9.828359358031566e-05,0.0002711227582358,0.9995337387366824,0.9991668331094518,0.5210703824883166,0.5389055735513192,0.9669047936502838,0.5078009107895117,0.0209539400817523
california,size_1000,sample_00,MST_eps1000,1000,1000,,,,,5.23829420787232,12.198729734497954,0.0597778137743579,0.1099878757924823,0.5827777777777778,0.9450060621037588,0.436894663483675,0.6954345398139017,0.6282326206256088,0.7702761922880245,14.476000000000004
california,size_1000,sample_00,Synthpop,1000,1000,,,,,1.2718137589983822,8.712697892622424,0.0071955931076672,0.0385488057413819,0.9688888888888888,0.980725597129309,0.7057158915062018,0.6954345398139017,1.014784068092984,0.5219178827098124,1.07
california,size_1000,sample_00,RankSwap,1000,1000,,,,,3.510599862304905e-15,6.250018411395667,0.0040284794409139,0.0303853945256915,0.9658888888888888,0.984807302737154,0.7855010561135092,0.6954345398139017,1.1,0.4908341115206663,0.0
california,size_1000,sample_00,TVAE,1000,1000,,,,,30.88322046407976,867.5317091861796,2.1105068364589834,0.1022173101178591,0.7181111111111111,0.9488913449410704,0.5163722581297757,0.6954345398139017,0.7425174167991501,0.9123953123611463,5.882000000000001
california,size_1000,sample_01,AIM_eps10,1000,1000,,,,,9.37522917236018,30.23691965227732,0.0551033091409647,0.1193334077059195,0.6248888888888888,0.94033329614704,0.4112128172465547,0.6131915593452202,0.6706106940196567,0.8437695936212416,13.342000000000004
california,size_1000,sample_01,AIM_eps1,1000,1000,,,,,9.635587487162372,97.68423094127178,0.1007360913539174,,0.5441111111111111,0.9217372006136084,-0.0560958735267096,0.6131915593452202,0.0,0.8317552596022683,14.692000000000004
california,size_1000,sample_00,TabDDPM,1000,1000,,,,,0.6449205597341916,5.523069360467821,0.005415202991498,0.041500253317603,0.973777777777778,0.9792498733411984,0.8095753629151217,0.6954345398139017,1.1,0.4902080966438737,1.02
california,size_1000,sample_01,AIM_eps3,1000,1000,,,,,4.360659014496114,22.58966390837428,0.0164155749875471,0.1696616274141799,0.7035555555555555,0.91516918629291,-0.055302270780809,0.6131915593452202,0.0,0.7542486202373634,11.010000000000002
california,size_1000,sample_01,ARF,1000,1000,,,,,3.993409071051084,5.709466279417806,0.0168000405864341,0.0484264233542901,0.9193333333333334,0.975786788322855,0.5007919384633016,0.6131915593452202,0.8166973774335524,0.55366083387518,2.546000000000001
california,size_1000,sample_01,MST_eps0.1,1000,1000,,,,,70.00687508162923,94.919639016937,0.1525670110480234,,0.4833333333333333,0.9075071969021932,-0.3818587734289786,0.6131915593452202,0.0,0.9700194881184254,10.736000000000002
california,size_1000,sample_01,CTGAN,1000,1000,,,,,32.78949828842909,848.1734102308479,2.14413140173945,0.1617080720818027,0.6528888888888889,0.9191459639590988,-0.049173790438038,0.6131915593452202,0.0,0.918169954673524,7.202000000000002
california,size_1000,sample_01,MST_eps1,1000,1000,,,,,14.542445482310615,51.08674088697438,0.0821164970571692,,0.4932222222222222,0.9255686377126444,-0.3023007232030934,0.6131915593452202,0.0,0.9446755921374254,14.830000000000004
california,size_1000,sample_01,MST_eps10,1000,1000,,,,,11.386706358557031,24.116721719435784,0.0541845339528411,0.1275193145294965,0.6158888888888889,0.9362403427352516,0.2899217414214589,0.6131915593452202,0.4728077824224506,0.8776631822342202,13.382000000000003
california,size_1000,sample_01,MST_eps100,1000,1000,,,,,6.931118976693941,22.654705258486807,0.0510451939300444,0.1141051580328386,0.594111111111111,0.9429474209835804,0.3573410246026732,0.6131915593452202,0.5827559415951101,0.7617217836419073,14.036000000000003
california,size_1000,sample_01,MST_eps1000,1000,1000,,,,,30.16833615957639,7.743875658599726,0.0706446050900791,0.0896605237648641,0.4675555555555555,0.955169738117568,0.3607487262870221,0.6131915593452202,0.5883132615416403,0.9972772488371922,14.772000000000006
california,size_1000,sample_01,RankSwap,1000,1000,,,,,2.214897868514571e-15,14.709642370417887,0.0043566502141032,0.0531390776146028,0.9651111111111113,0.9734304611926984,0.7642836034769466,0.6131915593452202,1.1,0.4809715579527307,0.0079999999999999
cdc_diabetes,size_100000,sample_04,MST_eps1,100000,100000,0.0004657894736842,0.0007234008091155,1.0,0.0198087719298245,25.48071740154357,10.131371130067665,0.0441802144702842,0.0290232519605864,0.9184718181818184,0.935630022173416,0.4619258749085274,0.5389055735513192,0.857155497165819,0.5934544712464472,4.6598
california,size_1000,sample_01,Synthpop,1000,1000,,,,,1.278974439625975,3.620895194725805,0.0056389214780359,0.0235922866887664,0.970222222222222,0.9882038566556168,0.6511887956205056,0.6131915593452202,1.061966339213252,0.4833670771344973,1.0660000000000005
cdc_diabetes,size_100000,sample_04,MST_eps10,100000,100000,5.5789473684205904e-05,6.996698185505034e-05,1.0,0.0194130994152046,25.847092904510564,7.377675591565803,0.0442537571059431,0.0254756994312714,0.9214386363636362,0.9643675171032612,0.4619258749085274,0.5389055735513192,0.857155497165819,0.5927885828084719,4.671259999999999
california,size_1000,sample_01,TVAE,1000,1000,,,,,29.63045864847268,858.6722979454158,2.1353519686442635,0.1349675803968253,0.7435555555555555,0.9325162098015872,0.3688476088439858,0.6131915593452202,0.6015210143755036,0.8950104462413178,5.438000000000001
california,size_1000,sample_01,TabDDPM,1000,1000,,,,,0.9211304267374164,7.27787196707079,0.0050180007243979,0.0295333673623466,0.9757777777777776,0.9852333163188268,0.8093707201733558,0.6131915593452202,1.1,0.4629013082781223,1.04
california,size_1000,sample_02,AIM_eps1,1000,1000,,,,,11.336594744343651,108.53091972100904,0.115039941015209,,0.5077777777777778,0.922319642522928,-0.2470170431094858,0.6858336906234138,0.0,0.8880718844395096,14.924000000000008
california,size_1000,sample_02,AIM_eps10,1000,1000,,,,,8.78327487622618,44.11096366243036,0.0620171156875922,0.1284135474664272,0.6104444444444445,0.9357932262667864,0.3714803354131614,0.6858336906234138,0.541647837424443,0.827847879887944,13.316000000000004
california,size_1000,sample_02,AIM_eps3,1000,1000,,,,,4.989910763170575,22.86034866267938,0.01865529966231,0.1365956977747951,0.7306666666666667,0.9317021511126024,-0.0823632503563194,0.6858336906234138,0.0,0.5645537285320782,10.740000000000002
california,size_1000,sample_02,ARF,1000,1000,,,,,3.267487820558637,6.676000112772639,0.0150259560235111,0.0461792636423659,0.9184444444444444,0.9769103681788168,0.5800540474901296,0.6858336906234138,0.8457648776021656,0.5692691126687998,2.3580000000000005
california,size_1000,sample_02,CTGAN,1000,1000,,,,,37.917814059764105,841.7709848289951,2.249398416443883,0.1715949740616872,0.6122222222222223,0.9142025129691562,-0.4014378771292053,0.6858336906234138,0.0,0.9502173497516146,7.490000000000001
california,size_1000,sample_02,MST_eps0.1,1000,1000,,,,,68.4033081972619,134.57541824277308,0.1392596698238688,,0.5552222222222223,0.9175607295372944,-0.5129216387738484,0.6858336906234138,0.0,0.9584652984789648,10.688
california,size_1000,sample_02,MST_eps1,1000,1000,,,,,16.535440898110828,56.79530911062032,0.0898407726047051,,0.456,0.931543203057008,-0.9341013509980172,0.6858336906234138,0.0,0.951644547030352,15.038000000000002
california,size_1000,sample_02,MST_eps10,1000,1000,,,,,10.336191510130554,24.673432188526657,0.0554372051122169,0.1195730518324375,0.6042222222222222,0.9402134740837814,0.3837489633880613,0.6858336906234138,0.5595364715654095,0.8758727078663782,13.468000000000004
cdc_diabetes,size_100000,sample_04,MST_eps100,100000,100000,1.526315789473905e-05,1.6274540775186516e-05,1.0,0.019282514619883,25.82391920157245,7.3586658578971935,0.0442392661498708,0.0270345639133764,0.921471818181818,0.9644486500178788,0.4619258749085274,0.5389055735513192,0.857155497165819,0.5986273377221228,4.669760000000001
california,size_1000,sample_02,MST_eps1000,1000,1000,,,,,9.828761100888087,20.1308258941257,0.0563532078047554,0.107887950407453,0.4916666666666666,0.9460560247962736,0.4352589185021172,0.6858336906234138,0.6346420777944115,0.9212099477874236,14.766000000000004
california,size_1000,sample_02,MST_eps100,1000,1000,,,,,9.76483323820328,18.18093568751793,0.0553010637683414,0.1174505274761373,0.593111111111111,0.9412747362619313,0.4425593704803766,0.6858336906234138,0.6452867166872005,0.8588449358171175,13.97
california,size_1000,sample_02,Synthpop,1000,1000,,,,,0.640372566308153,4.452110753289378,0.0056088063001114,0.0381260072587862,0.972,0.9809369963706068,0.7046882277406198,0.6858336906234138,1.0274914126737027,0.4824211112984917,1.002
california,size_1000,sample_02,RankSwap,1000,1000,,,,,2.2216435845625053e-15,14.819517624403918,0.0042409899658058,0.0535590805508641,0.9638888888888888,0.973220459724568,0.7709034202049408,0.6858336906234138,1.1,0.4895117375561892,0.0
california,size_1000,sample_02,TabDDPM,1000,1000,,,,,0.4392384232217565,4.546337867647479,0.0046234064652684,0.0327010013740124,0.9768888888888888,0.9836494993129938,0.8272287376788647,0.6858336906234138,1.1,0.4748526466082345,1.0660000000000005
california,size_1000,sample_03,AIM_eps1,1000,1000,,,,,16.490502836210332,113.6191319294399,0.1344162579052958,,0.4608888888888888,0.9289325861145457,-0.7660595200747597,0.6300851357518982,0.0,0.9342245448051854,15.124000000000004
california,size_1000,sample_02,TVAE,1000,1000,,,,,31.680722845084585,860.8290280429471,2.225761250852272,0.1175853050844822,0.7116666666666667,0.9412073474577588,0.4992291950809394,0.6858336906234138,0.7279158224997011,0.9226157520020244,6.054000000000001
california,size_1000,sample_03,AIM_eps10,1000,1000,,,,,9.294761045080962,45.52597794793399,0.0649556455074923,0.153935788084825,0.616111111111111,0.9230321059575872,0.3372245957287519,0.6300851357518982,0.5352048104940802,0.8388932980021074,13.368000000000002
california,size_1000,sample_03,AIM_eps3,1000,1000,,,,,8.758147822321497,16.66922444793821,0.0171339669204678,0.1426098778197188,0.7054444444444445,0.9286950610901408,-0.0575025186904571,0.6300851357518982,0.0,0.9835523426899234,10.426000000000002
california,size_1000,sample_03,ARF,1000,1000,,,,,3.16085783456867,6.604848547697381,0.0158400719254812,0.0475160886593534,0.9237777777777778,0.976241955670323,0.5342280620717533,0.6300851357518982,0.8478664733924526,0.5380792311615351,2.4840000000000004
california,size_1000,sample_03,MST_eps0.1,1000,1000,,,,,60.43609541231048,87.37222813029882,0.132259279535737,,0.5236666666666667,0.9121345471873205,-0.3422929749588259,0.6300851357518982,0.0,0.9974908374775308,10.346000000000002
california,size_1000,sample_03,CTGAN,1000,1000,,,,,41.63489604793744,848.5492753455137,2.18032925781472,0.1536156592794092,0.5586666666666668,0.9231921703602954,-0.2023146179981805,0.6300851357518982,0.0,0.9436735201332134,8.634000000000002
california,size_1000,sample_03,MST_eps1,1000,1000,,,,,20.730339664272744,56.92996841136336,0.1021483791470807,,0.4468888888888888,0.9349342613373848,-0.7660595200747597,0.6300851357518982,0.0,0.965607827892268,15.152000000000005
california,size_1000,sample_03,MST_eps10,1000,1000,,,,,10.244893635575814,40.22037910339705,0.0612579768075479,0.133640821462518,0.6136666666666666,0.9331795892687408,0.2842557055275441,0.6300851357518982,0.4511385673988642,0.8523159022430749,13.494000000000003
california,size_1000,sample_03,MST_eps100,1000,1000,,,,,6.734880011844045,24.387943846425447,0.0558119444906983,0.1362322805775523,0.6012222222222222,0.931883859711224,0.3705670528075037,0.6300851357518982,0.5881221944816766,0.7882920592995938,14.094000000000005
california,size_1000,sample_03,MST_eps1000,1000,1000,,,,,39.95706151601052,15.1709607551496,0.068790318108233,0.0857392477730241,0.4827777777777778,0.9571303761134872,0.3363512960343087,0.6300851357518982,0.5338188078021384,0.9943296590003176,14.712000000000003
california,size_1000,sample_03,RankSwap,1000,1000,,,,,1.0389715886759102e-14,16.404994124175797,0.0034336622353377,0.0597648572309926,0.9645555555555556,0.9701175713845036,0.7598860745983343,0.6300851357518982,1.1,0.4845130955702605,0.0
california,size_1000,sample_03,Synthpop,1000,1000,,,,,0.9077043324590136,5.489358347102907,0.0044521296231998,0.048248067888694,0.9773333333333332,0.9758759660556532,0.6780392737017231,0.6300851357518982,1.0761073942571098,0.4905131525584313,1.044
california,size_1000,sample_04,AIM_eps1,1000,1000,,,,,14.35009863952707,96.86692409521274,0.1180126295982086,,0.4717777777777778,0.914611120802577,-0.8527119772738232,0.6900121988179025,0.0,0.9169945511496644,15.03
california,size_1000,sample_03,TVAE,1000,1000,,,,,30.947940703341008,865.1247005785988,2.148428972169421,0.1333778435524091,0.7372222222222222,0.9333110782237952,0.4636183452887975,0.6300851357518982,0.7358027017443739,0.9100538743415152,5.7
california,size_1000,sample_03,TabDDPM,1000,1000,,,,,0.6521468717721521,16.742239703534203,0.0049714876219094,0.0626240700314341,0.9774444444444446,0.9686879649842828,0.8088014214951652,0.6300851357518982,1.1,0.4776574690170921,0.97
california,size_1000,sample_04,AIM_eps10,1000,1000,,,,,9.711447913540812,36.94488529204812,0.0635709042666752,0.1572556117414923,0.6144444444444445,0.9213721941292538,0.3557959220771844,0.6900121988179025,0.515637147626019,0.8304834117892685,13.416000000000002
california,size_1000,sample_04,AIM_eps3,1000,1000,,,,,3.232635216265303,33.07111149947765,0.01959377131828,0.1793487012948911,0.7841111111111112,0.9103256493525548,-0.0724801506941523,0.6900121988179025,0.0,0.5525263624740346,10.282000000000002
california,size_1000,sample_04,MST_eps0.1,1000,1000,,,,,91.22854644180478,195.52278196575557,0.1974884526392049,0.1702414557572504,0.5272222222222221,0.9148792721213748,-0.2792030902770539,0.6900121988179025,0.0,0.9916873320786216,9.996
california,size_1000,sample_04,CTGAN,1000,1000,,,,,35.6253016589627,829.3744604472784,2.1251291959851546,0.176989077483492,0.6462222222222223,0.911505461258254,0.1540551197566477,0.6900121988179025,0.2232643422800952,0.9532678098968942,7.384000000000001
california,size_1000,sample_04,ARF,1000,1000,,,,,2.260364978899017,4.584765577022695,0.0145603689657463,0.0516929397981021,0.925111111111111,0.974153530100949,0.600738228036984,0.6900121988179025,0.8706197208963542,0.5315878627004125,2.468000000000001
california,size_1000,sample_04,MST_eps10,1000,1000,,,,,9.914145463888794,15.958111917140728,0.0552713495281984,0.1274839962570665,0.6096666666666667,0.9362580018714668,0.3627457230017189,0.6900121988179025,0.525709144810175,0.8797663895396358,13.478
california,size_1000,sample_04,MST_eps1,1000,1000,,,,,15.78445034013108,54.74174634612107,0.0988860167860096,,0.4514444444444445,0.9110382300795524,-0.8527119772738232,0.6900121988179025,0.0,0.962815389520538,15.030000000000005
california,size_1000,sample_04,MST_eps100,1000,1000,,,,,6.486406711159078,15.42752224365668,0.0517087933923855,0.1227090667936185,0.5982222222222222,0.9386454666031908,0.42679767147315,0.6900121988179025,0.6185364144901594,0.8100029863889532,13.892000000000008
california,size_1000,sample_04,MST_eps1000,1000,1000,,,,,16.505175491436887,14.310689960298967,0.0707711166155749,0.1123349548502035,0.5022222222222222,0.9438325225748986,0.3777348193526101,0.6900121988179025,0.5474320888021762,0.9814282643219364,14.590000000000003
california,size_1000,sample_04,RankSwap,1000,1000,,,,,1.2589214329226134e-15,9.148115358545803,0.0039823850457273,0.0376325849211579,0.9642222222222224,0.9811837075394212,0.7922919933282475,0.6900121988179025,1.1,0.4925191235723324,0.0039999999999999
california,size_1000,sample_04,Synthpop,1000,1000,,,,,0.8670498740771035,9.181453530057231,0.0065549849628739,0.02990953287813,0.9746666666666668,0.9850452335609352,0.723674892202317,0.6900121988179025,1.04878564949606,0.5018912836700684,1.0080000000000002
california,size_1000,sample_04,TVAE,1000,1000,,,,,31.613396826941447,839.7994676889857,2.117880438262022,0.1183275164289374,0.7078888888888889,0.9408362417855312,0.5038209828669966,0.6900121988179025,0.7301624285151821,0.9224487475013452,6.066000000000001
california,size_1000,sample_04,TabDDPM,1000,1000,,,,,0.3066592982106071,5.256285204978049,0.0041221368663098,0.04654297965587,0.9766666666666666,0.9767285101720647,0.8384791557365445,0.6900121988179025,1.1,0.4678773646963394,0.852
adult,size_1000,sample_01,~train_baseline,1000,1000,0.038111111111111,0.0476797879795491,0.9712250712250712,0.0836111111111111,8.85225896268054,8.463803273237714,0.0070774598516267,0.0356055276744276,0.9660666667314,0.9223710337375408,,,,,
adult,size_1000,sample_00,~train_baseline,1000,1000,0.0384444444444444,0.04696350998774,0.9563492063492064,0.0833888888888889,4.478932859202142,7.004233563309324,0.0064270211802227,0.0302455515371029,0.9672000001286664,0.8940586510806832,,,,,
adult,size_1000,sample_03,~train_baseline,1000,1000,0.0337777777777777,0.0427901765463224,0.9749103942652328,0.0765833333333333,9.597988863677417,7.44598825467374,0.0082057810911532,0.0448798884455664,0.9693333338345336,0.9192990555872214,,,,,
adult,size_1000,sample_02,~train_baseline,1000,1000,0.0319999999999999,0.0425684763625252,0.9583333333333334,0.0762222222222222,16.75095092078556,14.784827838851996,0.0090239537943174,0.0345352582592436,0.9681333339706666,0.8982855767910064,,,,,
adult,size_1000,sample_04,~train_baseline,1000,1000,0.0325555555555555,0.0439540242385819,0.9574372759856632,0.0776111111111111,3.1599330002716246,2.5180157242982424,0.0082531866331097,0.0271542258254338,0.9674000000250002,0.9180508886315166,,,,,
adult,size_10000,sample_00,~train_baseline,10000,10000,0.0104777777777777,0.0143007889498721,0.9973544973544972,0.026825,3.1083152723479834,3.0926656443500278,0.0017958409939216,0.0122199203992149,0.9908533333333333,0.9768309580667228,,,,,
adult,size_10000,sample_01,~train_baseline,10000,10000,0.0128111111111111,0.0153338721168473,1.0,0.0292861111111111,0.8922311571886413,1.1315176046308737,0.001928916463428,0.0098930959525963,0.988286666667976,0.9677847788605286,,,,,
adult,size_10000,sample_03,~train_baseline,10000,10000,0.0091222222222222,0.0120266018648207,1.0,0.0230666666666666,0.9566476880624664,1.5733698807932417,0.0014774902778336,0.01012896517392,0.9917466666666666,0.9606917405828151,,,,,
adult,size_10000,sample_04,~train_baseline,10000,10000,0.0111666666666666,0.0145564311816197,0.9876543209876544,0.0248111111111111,2.4934650873181123,2.234676970854939,0.0028433453356809,0.0084512581343123,0.9890066666670048,0.9781896720380254,,,,,
adult,size_10000,sample_02,~train_baseline,10000,10000,0.0101222222222222,0.013319183533402,1.0,0.0257444444444444,2.1053082835245083,2.309326266354787,0.0017787315216562,0.0085354872138916,0.9912466666666668,0.9658207985323412,,,,,
adult,size_20000,sample_01,~train_baseline,20000,20000,0.0078333333333333,0.0083926215134548,1.0,0.0170291666666666,2.159995226028305,1.1735021532096297,0.0016316299915964,0.003352156354826,0.99284,0.9859124650222744,,,,,
adult,size_20000,sample_00,~train_baseline,20000,20000,0.0079,0.0092287276396802,0.9973544973544972,0.016775,1.3264503129651906,1.0490681201339698,0.0017271895244872,0.005474651354042,0.992263333334098,0.9855013344270924,,,,,
adult,size_20000,sample_02,~train_baseline,20000,20000,0.0050277777777777,0.0066462966738993,1.0,0.0132097222222222,2.1061175060056336,1.7925358088914625,0.0010028693969345,0.0052809782446311,0.9953266666666668,0.9887456444110976,,,,,
adult,size_20000,sample_03,~train_baseline,20000,20000,0.0060166666666666,0.0075611840048524,1.0,0.014525,1.7405740256808169,1.9146848294653032,0.00091445235626,0.0055896287668995,0.99483,0.984985502707126,,,,,
cdc_diabetes,size_100000,sample_04,MST_eps1000,100000,100000,1.210526315788961e-05,2.4789383878496925e-05,1.0,0.0191186549707602,25.82232244803721,7.265891481320779,0.0442326072351421,0.0286579404509558,0.921474090909091,0.9645463337200156,0.4619258749085274,0.5389055735513192,0.857155497165819,0.5954975762927364,4.66964
adult,size_20000,sample_04,~train_baseline,20000,20000,0.0049055555555555,0.0076385777007152,0.9876543209876544,0.0133333333333333,0.7812599713996338,1.0249068032288855,0.001269970643243,0.0054391721867851,0.9949366666697947,0.984324344843801,,,,,
nist_arizona_data,size_10000_25feat,sample_00,~train_baseline,10000,10000,0.0078315789473684,0.0132312422127411,0.9625136641399208,0.0185760233918128,3.3465495846165547,1.0737516047224367,0.0043634698885347,0.0080109337625308,0.9918760000330464,0.9756333933226032,,,,,
nist_arizona_data,size_10000_25feat,sample_02,~train_baseline,10000,10000,0.0096368421052631,0.0140519939728146,0.968860931439396,0.0203315789473684,5.308682090354778,4.328468210074595,0.0026775453597154,0.0074925871205238,0.9909160000165445,0.9810283519886536,,,,,
nist_arizona_data,size_10000_25feat,sample_03,~train_baseline,10000,10000,0.0077736842105263,0.0124110044581657,0.9662473064895049,0.0179830409356725,1.4023664686816488,1.836719811691738,0.002955380447954,0.0114759714111467,0.9924520000415016,0.9820541007147214,,,,,
cdc_diabetes,size_100000,sample_04,RankSwap,100000,100000,0.0,0.0,1.0,0.0,0.5255458988249899,2.9239331287283075,0.0017693953488372,0.0094410853822335,0.9964345454545456,0.9630811617832328,0.5263905389023344,0.5389055735513192,0.9767769431958369,0.5004285358633552,0.01006
nist_arizona_data,size_10000_25feat,sample_01,~train_baseline,10000,10000,0.0082894736842105,0.0138477956424353,0.9537554809393872,0.019266081871345,3.3215852941860824,2.0653541776417508,0.0027897672600101,0.0079226987443715,0.9920280000242668,0.981430265864724,,,,,
nist_arizona_data,size_10000_25feat,sample_04,~train_baseline,10000,10000,0.0072210526315789,0.0130418872784213,0.9561580082485148,0.0173286549707602,3.803635150432152,1.141350707799138,0.0044584297371365,0.0089428535640648,0.9926560000660756,0.9758000953275652,,,,,
cdc_diabetes,size_1000,sample_00,~train_baseline,1000,1000,0.0148947368421052,0.0143519444493915,1.0,0.0339239766081871,1.7761336999177697,3.197031614162745,0.0058085610200364,0.043614368117155,0.9840909090909092,0.93954795864859,,,,,
cdc_diabetes,size_1000,sample_01,~train_baseline,1000,1000,0.0150526315789473,0.014454210661235,1.0,0.0324093567251462,2.147232121163596,2.912070362598665,0.0069296296296296,0.0453774668629307,0.9837727272727274,0.9465884580073836,,,,,
cdc_diabetes,size_1000,sample_02,~train_baseline,1000,1000,0.018578947368421,0.0180038246162829,0.9912280701754386,0.0375847953216374,1.7843401760291564,3.54366925048746,0.0054293144208037,0.0307477297079273,0.981409090909091,0.9082375688547104,,,,,
cdc_diabetes,size_1000,sample_03,~train_baseline,1000,1000,0.0223684210526315,0.0221830001389365,1.0,0.0409766081871345,0.7466124222622351,2.9151046907827047,0.0039804093567251,0.0377647191760452,0.9780454545454546,0.9515556403516708,,,,,
cdc_diabetes,size_1000,sample_04,~train_baseline,1000,1000,0.0189999999999999,0.019259579088019,1.0,0.0382631578947368,2.437897778507501,3.2892109540537624,0.0080009259259259,0.0392238701746045,0.9805000000136364,0.9563253861244072,,,,,
cdc_diabetes,size_100000,sample_04,Synthpop,100000,100000,0.0015594736842105,0.0013722871799077,1.0,0.0059502923976608,0.8469007928788899,0.5237279262847078,0.0011325891472868,0.0049404586554777,0.998236818181818,0.9940980922598126,0.5251861145225899,0.5389055735513192,0.9745419980799715,0.4944893588656918,0.0837
cdc_diabetes,size_100000,sample_04,TVAE,100000,100000,0.0572421052631578,0.0663074695440554,0.993421052631579,0.1016024561403508,15.24693422702911,14.033719807631536,0.0224187622739018,0.1053319542974703,0.9409495454545456,0.8781358098205797,0.5688233997324049,0.5389055735513192,1.055515896557498,0.7424039724346344,2.7103399999999995
california,size_1000,sample_00,~train_baseline,1000,1000,,,,,1.6000965683701296,47.74032954244767,0.0116351798812872,0.0508184521809095,0.9573333333333331,0.9745907739095452,,,,,
cdc_diabetes,size_100000,sample_04,TabDDPM,100000,100000,0.0038747368421052,0.0044729442288196,1.0,0.0076666081871345,1.3872649780373345,5.320417620902381,0.0068399224806201,0.0353293939094052,0.9941809090909092,0.987143272333922,0.5278934919539734,0.5389055735513192,0.9795658418918658,0.5054900754586913,0.3166000000000004
california,size_1000,sample_01,~train_baseline,1000,1000,,,,,1.1258417516104964,8.271983667900134,0.0083319425414519,0.0297449807400414,0.9552222222222222,0.985127509629979,,,,,
california,size_1000,sample_02,~train_baseline,1000,1000,,,,,1.8163253774448,40.86406405970696,0.0107354045632463,0.0499625901826167,0.9543333333333334,0.9750187049086918,,,,,
california,size_1000,sample_03,~train_baseline,1000,1000,,,,,1.6678667838129726,19.089844780634227,0.0082561064275393,0.0490943482198617,0.9566666666666666,0.9754528258900692,,,,,
california,size_1000,sample_04,~train_baseline,1000,1000,,,,,0.7670600954061159,8.153330693125545,0.0063710688006138,0.0355875913729529,0.9675555555555556,0.9822062043135236,,,,,
cdc_diabetes,size_100000,sample_02,~train_baseline,100000,100000,0.0015468421052631,0.0015442633655717,1.0,0.0029711695906432,0.6553348015954381,0.4782002730914809,0.0011049870801033,0.0027205097736266,0.9982931818181816,0.996596923096708,,,,,
cdc_diabetes,size_100000,sample_01,~train_baseline,100000,100000,0.0013905263157894,0.0012973025248025,1.0,0.0028794736842105,0.3378532581285731,0.5819682683700107,0.000609157622739,0.0007851649707618,0.9985213636363638,0.9968555075867698,,,,,
cdc_diabetes,size_100000,sample_00,~train_baseline,100000,100000,0.0012705263157894,0.0012447063976596,1.0,0.0026712280701754,0.4974212864299708,0.4874514340550788,0.0007295426356589,0.002258541755562,0.99862,0.9969640354431452,,,,,
cdc_diabetes,size_100000,sample_03,~train_baseline,100000,100000,0.0015984210526315,0.0015553635120324,1.0,0.003089298245614,0.4130005260625266,0.3462878278998985,0.0006432118863049,0.0053573224953232,0.998380909090909,0.996631056347433,,,,,
cdc_diabetes,size_100000,sample_04,~train_baseline,100000,100000,0.0016205263157894,0.0015454559480055,1.0,0.0030916374269005,0.3584800021326643,0.1946028368184092,0.0006547906976744,0.0060464346090076,0.9983913636363636,0.9966299149267815,,,,,
nist_sbo,size_1000,sample_00,~train_baseline,1000,1000,0.0158559999999999,0.0233494794481024,0.9912,,6.464202392980242,35.76183677148851,0.0083934506306988,0.0648124588552032,0.9830692307770308,0.9673821034830916,,,,,
nist_sbo,size_1000,sample_02,~train_baseline,1000,1000,0.0128799999999999,0.0178946898290324,0.9929777777777776,,7.715814249229504,18.49170767868132,0.0101800535612535,0.1009747191455087,0.9859461538693616,0.9676322154328292,,,,,
nist_sbo,size_1000,sample_04,~train_baseline,1000,1000,0.0164239999999999,0.0254297427115223,0.9896,,7.65157352741728,30.536147184652883,0.0044088338963963,0.099663291715209,0.9830230769374076,0.967653987303688,,,,,
nist_sbo,size_1000,sample_01,~train_baseline,1000,1000,0.0132399999999999,0.0191554135375965,0.9922666666666666,,5.613694780236857,21.425109220699994,0.0067441194781144,0.0938737463447659,0.9861000000163768,0.96734139907791,,,,,
nist_sbo,size_1000,sample_03,~train_baseline,1000,1000,0.0136879999999999,0.0191116779955762,1.0,,6.391451785827594,44.58591013833231,0.0071757085990798,0.0811873175567898,0.9856846154248692,0.9705939252727748,,,,,
